file,split,label,pred,logit_RR,logit_RG,logit_NoR,P_RR_T1,P_RG_T1,P_NoR_T1,pseudo_nor
img/00288495-abd6-42e4-9da0-cb11aa0e3e85_0.png,test,RG,RG,-0.14006756246089935,1.240352749824524,-0.8089590072631836,0.18218756451607013,0.7244820914424202,0.09333034404150964,False
img/004eca7b-b13f-4d11-adf6-3e5d426bf7c8_163.png,test,RR,RR,2.4131579399108887,-0.11312472820281982,-1.6740442514419556,0.9117916170626229,0.07290292821672498,0.015305454720652149,False
img/00525357-0e09-4556-a1e4-b9d192b56876_69.png,test,RR,RR,0.9154054522514343,0.25497865676879883,-0.8585138320922852,0.5930151695200278,0.3063698965451067,0.10061493393486558,False
img/00ab6c64-690f-4226-85c4-62663dee424f_184.png,test,RR,RR,1.4744513034820557,-0.12308622896671295,-0.9888211488723755,0.7766687946209325,0.15719333255044773,0.0661378728286198,False
img/00b73d29-cf90-4464-b752-874bdc09bfc1_0.png,test,NoR,RG,-0.1573013812303543,0.43383151292800903,-0.21308861672878265,0.2665406010727996,0.481381201722359,0.2520781972048414,True
img/01b5163e-babd-41d5-a0e3-f2bb6f3c9719_270.png,test,NoR,NoR,-0.14397364854812622,-0.09364583343267441,0.15885230898857117,0.2936603469224764,0.3088178534402396,0.39752179963728407,False
img/02477b43-9066-4a9b-a1ac-1e16d211d8e8_269.png,test,RR,RR,1.4273760318756104,-0.10857261717319489,-0.9653182029724121,0.7653249389928415,0.16473726170366454,0.06993779930349402,False
img/028e3a9d-ddb9-4cfb-ba0c-53234e1b9973_252.png,test,RR,RR,2.334216356277466,-0.1368562877178192,-1.5998587608337402,0.9057495468283493,0.07653056361724202,0.017719889554408782,False
img/03482834-2421-4453-4132-000000000770_0.png,test,RG,RG,-0.11762991547584534,1.8273111581802368,-1.249760389328003,0.12025640300908631,0.8409794535514197,0.03876414343949398,False
img/03482834-2421-4453-4132-000000000770_90.png,test,NoR,RR,0.2327771633863449,-0.10166405886411667,-0.10747034847736359,0.4119749439146349,0.29486608658855173,0.2931589694968134,False
img/034dccf6-4216-4348-b5dd-a6925787ca84_0.png,test,RG,RG,-0.10527840256690979,0.05552728474140167,0.02299407124519348,0.3019944200175396,0.3546793804588401,0.3433261995236203,False
img/03502254-9573-0360-5108-000000000770_85.png,test,NoR,RR,2.2402749061584473,0.8986972570419312,-2.2811062335968018,0.7859738943971458,0.20547942957328466,0.008546676029569426,True
img/03511255-9184-6720-5232-000000000770_270.png,test,RR,RR,2.1110312938690186,-0.07867898792028427,-1.480738878250122,0.877578888167029,0.0982442348400461,0.024176876992924982,False
img/03523703-1473-1657-6108-000000000770_270.png,test,RR,RR,2.231701135635376,-0.034494780004024506,-1.5998594760894775,0.8885874021851887,0.09215178897109907,0.019260808843712125,False
img/03573589-5255-6495-4103-000000000770_90.png,test,RR,RR,1.8590584993362427,-0.10202138125896454,-1.2818565368652344,0.8446305460111873,0.11884491733276831,0.036524536656044444,False
img/03578200-0117-3649-5108-000000000770_180.png,test,RR,RR,0.16574524343013763,-0.05538492649793625,-0.09253139793872833,0.38850131559905987,0.311427443903918,0.30007124049702216,False
img/03662249-4165-6110-3211-000000000026_270.png,test,RR,RR,2.1538352966308594,-0.13325649499893188,-1.4721754789352417,0.8863805743388709,0.09002204717051712,0.02359737849061213,False
img/03742161-0509-4396-5103-000000000770_270.png,test,RR,RR,2.225551128387451,-0.13416624069213867,-1.5233169794082642,0.8944613484862111,0.08447911320026488,0.021059538313524074,False
img/03742161-0679-5170-2103-000000000770_270.png,test,RR,RR,2.1949541568756104,-0.04986666142940521,-1.5621978044509888,0.8855069056286011,0.09381637716855716,0.02067671720284166,False
img/03768273-1503-3578-5108-000000000770_270.png,test,RR,RR,1.6149109601974487,-0.08166065812110901,-1.1202400922775269,0.8011567978731466,0.14686077986096616,0.05198242226588721,False
img/03768284-7460-9698-4103-000000000770_360.png,test,RR,RR,0.5962660908699036,-0.11865183711051941,-0.3577256202697754,0.5334947746978768,0.26100285561922887,0.2055023696828944,False
img/03794183-2976-5084-8103-000000000770_180.png,test,RR,RR,2.259188175201416,0.20532657206058502,-1.7931952476501465,0.872890064534223,0.11193832124139269,0.01517161422438442,False
img/03814710-8096-2493-2111-000000000770_360.png,test,RR,RR,1.8981748819351196,1.6962897777557373,-2.6109750270843506,0.546987115445005,0.446991752213781,0.0060211323412138465,False
img/03938979-637c-4322-89aa-3ff5b6c52668_206.png,test,RR,RR,1.0189186334609985,-0.12565603852272034,-0.6579360961914062,0.6643104056888598,0.21148939316439233,0.12420020114674785,False
img/039d334b-3362-4673-b783-5a96f1acf8f0_58.png,test,RR,RG,0.9895886778831482,1.8725451231002808,-2.0822134017944336,0.28865231086099796,0.6979722408714467,0.013375448267555304,False
img/048a0f7a-91f2-4141-963e-1977c45119f3_180.png,test,RG,RG,0.4815756678581238,0.522322416305542,-0.7385549545288086,0.4279393204899737,0.4457365843209938,0.12632409518903256,False
img/0506e6b5-2d82-4a82-bf9a-f158962806da_145.png,test,RR,RR,0.23241956532001495,0.004651516675949097,-0.18411876261234283,0.40722677916384487,0.3242783262218143,0.2684948946143408,False
img/0533c51b-7eae-4091-aa46-6668f7c959f5_180.png,test,RG,RG,-0.15414582192897797,2.357069730758667,-1.6066027879714966,0.07377955097067293,0.9089564277681084,0.017264021261218624,False
img/057d7658-f68e-4a0d-82bf-675bc6794ade_220.png,test,RR,RR,1.4226785898208618,0.006526261568069458,-1.0451856851577759,0.7533458651210814,0.18279624373687264,0.063857891142046,False
img/05ac8a42-aa22-4c09-a663-a87727fb1160_360.png,test,NoR,NoR,-0.06273940205574036,-0.11779004335403442,0.11764319241046906,0.31805475498952396,0.3010188574618217,0.38092638754865427,False
img/065a2232-34e7-49e0-8938-c25d6ebc361d_270.png,test,RR,RG,1.3495752811431885,2.200941562652588,-2.5797834396362305,0.29739759912103164,0.6967566722812271,0.005845728597741205,False
img/0800335d-2b94-42f5-b8d1-e092b34c02fe_276.png,test,RR,RR,2.0100326538085938,-0.12500879168510437,-1.3742746114730835,0.8679494664629795,0.10262607565301944,0.029424457884000853,False
img/08320ba3-9822-4977-a8d0-1da87eb8a21b_0.png,test,RR,RR,1.75644850730896,1.486402153968811,-2.356778860092163,0.5618927644761986,0.4289175321963112,0.009189703327490261,False
img/08fcd0a8-53f5-4ceb-bd89-13f2ce80730b_180.png,test,NoR,RG,-0.1225726306438446,0.46142148971557617,-0.25813090801239014,0.2727460212494821,0.4890844419200208,0.23816953683049705,False
img/090f7683-4bfd-42dd-a4b6-78e7b334190b_0.png,test,RR,RG,0.726996123790741,1.624605417251587,-1.7131905555725098,0.28241610719476884,0.6929728592364963,0.02461103356873477,False
img/09586125-625a-4523-9f18-dba7b765833b_224.png,test,RR,RR,1.5760118961334229,0.008266091346740723,-1.1571950912475586,0.7852220253453223,0.16373032388918882,0.051047650765488964,False
img/09bc858c-aa29-4490-9f33-f49d32f8dad7_180.png,test,NoR,NoR,-0.13392192125320435,-0.05928359925746918,0.12673503160476685,0.29627200085889854,0.3192314142138888,0.38449658492721267,True
img/0b40eb9a-da52-46ca-bb9a-3dde9213f2e7_180.png,test,RR,RR,2.2151920795440674,2.0595481395721436,-3.102727174758911,0.5374128500592674,0.459952244348101,0.0026349055926316663,False
img/0cb991bc-e73b-4aeb-8b40-a2fc624a4264_270.png,test,RG,RG,-0.036223188042640686,0.22952966392040253,-0.15275384485721588,0.3130463198550092,0.40834157521681097,0.2786121049281799,False
img/0d0190db-7429-4211-a99f-e825ad548380_90.png,test,RG,NoR,0.00741402804851532,-0.09381822496652603,0.04963138699531555,0.3393460588829483,0.3066748777670435,0.3539790633500083,False
img/0d73d27e-dd47-43d7-97cb-e3a2276a37e9_90.png,test,RG,RG,0.4537254571914673,0.6618908643722534,-0.8194003105163574,0.39818871665721256,0.4903362903502299,0.11147499299255757,False
img/0dd6c519-9ff5-4624-a7af-a88c27aeb7bb_180.png,test,NoR,NoR,-0.004966557025909424,-0.06933431327342987,0.04086253046989441,0.3350582608503302,0.3141707643027571,0.3507709748469128,False
img/0df882f8-ba9d-4c9c-a8ae-d2dc723cd9fb_90.png,test,RG,RG,-0.129694402217865,2.3568711280822754,-1.6241202354431152,0.0755041763948874,0.9075543929826358,0.016941430622476845,False
img/0e3201bc-6f78-4703-8755-576c24d084fc_270.png,test,RR,RR,2.214446544647217,0.3069893717765808,-1.8344199657440186,0.8577068294147124,0.12733293320557432,0.014960237379713198,False
img/0f7b082e-77ee-46d4-bbf4-8bfd86867f65_191.png,test,NoR,RR,2.2090675830841064,0.06900878250598907,-1.6583842039108276,0.8783027921318217,0.10333050106202372,0.018366706806154702,True
img/0f886833-09cf-4361-818c-10c2495c7378_90.png,test,NoR,NoR,-0.16071954369544983,-0.13223011791706085,0.1988588273525238,0.28888172194805195,0.29723015266534497,0.413888125386603,True
img/0fbc4df2-82fa-461b-9dbc-01ed74491faa_90.png,test,RR,RR,0.4318429231643677,0.004991427063941956,-0.32840585708618164,0.47167351763294635,0.3077954842425011,0.22053099812455257,False
img/1088fc12-9ad2-40e1-a6e2-464c157502bc_222.png,test,RR,RR,2.0923144817352295,1.667517066001892,-2.7303860187530518,0.6017038058512025,0.39345546767729905,0.00484072647149833,False
img/10a31f71-4fb7-471c-8214-7aae04a8292c_180.png,test,RR,RR,0.16053248941898346,-0.10856985300779343,-0.05029331147670746,0.38850337752217634,0.29684185465973256,0.31465476781809115,False
img/10c64b0e-c419-4754-87a5-f08c7d404e67_270.png,test,RR,RR,1.718217372894287,1.347330927848816,-2.2285633087158203,0.5849872068173556,0.40371271893037114,0.01130007425227332,False
img/10ed779f-3dee-4bc3-a4e1-313e149a2d2c_235.png,test,RR,RR,1.912424921989441,1.549369215965271,-2.5149881839752197,0.585653925459086,0.4073502327808691,0.006995841760044884,False
img/1151564f-b68d-460e-8795-249ca1f1031c_180.png,test,RG,RG,-0.1014825776219368,2.2469468116760254,-1.564980149269104,0.08546614574762619,0.8947548146762005,0.019779039576173336,False
img/11a7ed46-2a45-4c6d-ad8e-06633540418a_270.png,test,RR,NoR,-0.02109716832637787,-0.09425725042819977,0.07054229080677032,0.3305324412565485,0.30721404833538574,0.3622535104080658,False
img/12180226-42fd-449e-804d-481cef7f9163_0.png,test,RG,RG,0.7212250232696533,1.3888243436813354,-1.5384626388549805,0.3274464430763928,0.6383736878567116,0.03417986906689569,False
img/124e42e2-5777-4c74-aa70-0f9d018380d3_270.png,test,RG,RR,0.7325040698051453,0.3555006980895996,-0.7991219758987427,0.5257353727195307,0.3606091268905925,0.11365550038987679,False
img/12e1e5de-9c66-4874-ad1a-564e170759ba_452.png,test,RR,RR,2.0331459045410156,0.052271872758865356,-1.5192105770111084,0.8571876929128825,0.11824785343090059,0.02456445365621695,False
img/1374f7d4-52c0-4d04-aae1-ff4ebbe5c847_162.png,test,RR,RR,2.1711084842681885,-0.1144869327545166,-1.4982293844223022,0.8871486372758373,0.09023497706793475,0.022616385656228023,False
img/13afe71f-6933-4da0-8170-1c12af376faa_0.png,test,RG,RG,0.357623815536499,0.8908778429031372,-0.9156322479248047,0.33507703079692436,0.5711286412492517,0.093794327953824,False
img/13cd1451-fea9-4b0c-a565-e1aa9c570c13_0.png,test,NoR,RR,1.7537561655044556,0.6409458518028259,-1.7432466745376587,0.7358773422254511,0.2418343860113874,0.02228827176316148,False
img/1407217f-d06d-4ee5-84a0-a62fda777daf_180.png,test,RR,RR,1.1694011688232422,-0.047269776463508606,-0.8233311176300049,0.6980622069772887,0.20677624678887888,0.09516154623383233,False
img/1407fe56-a2e6-45eb-9feb-e42972a29b0c_96.png,test,RR,RR,1.6949212551116943,0.8802645206451416,-1.8738696575164795,0.6798183354582247,0.3010176419839847,0.019164022557790587,False
img/152a2258-e846-4a1b-9842-05f6517c7b3e_360.png,test,RR,RR,1.8171508312225342,-0.09319106489419937,-1.2579747438430786,0.8373711400267051,0.12395585486800308,0.03867300510529184,False
img/1585281b-3fb3-4855-9f20-4e0270c1579b_270.png,test,RR,RG,1.5751219987869263,2.0687596797943115,-2.6470754146575928,0.37694154205098473,0.6175300896910074,0.005528368258007762,False
img/15b638d3-0bcd-4db9-abdd-afa769d0a788_270.png,test,RR,RR,2.2270076274871826,-0.13590432703495026,-1.5231115818023682,0.8947259872087797,0.08423458265829603,0.021039430132924156,False
img/16141e97-0ce1-4d68-be9a-440299369713_270.png,test,RG,RR,0.7604597210884094,0.5231732130050659,-0.9406051635742188,0.5072912055068431,0.40013368367362784,0.09257511081952897,False
img/1688f9e3-79f4-4ae6-bc40-65421fd31337_90.png,test,RG,RG,-0.08299402892589569,2.102877378463745,-1.4741170406341553,0.09854940155254992,0.8769319264569123,0.024518671990537862,False
img/16b5995f-7edd-4036-bb18-fed76c9e9ba3_270.png,test,RR,RR,0.9511143565177917,-0.1305598020553589,-0.6054145097732544,0.6452053251544994,0.21874232548783643,0.1360523493576642,False
img/16e8b2aa-daf0-460a-8d6c-9438af2edd28_90.png,test,RG,RR,1.8164764642715454,0.10809116065502167,-1.403091549873352,0.8189133650392024,0.1483527662357792,0.03273386872501848,False
img/17a126c0-2d3c-4d70-9a65-525169c2ca82_360.png,test,RR,RR,2.064734935760498,-0.10448592901229858,-1.4286314249038696,0.8736180612953991,0.09982537550388318,0.02655656320071776,False
img/17d85e75-9ec7-4d25-83ca-500552ce6fe3_233.png,test,RR,RR,2.3135793209075928,-0.11611439287662506,-1.5999571084976196,0.9024997437590802,0.07947755799986786,0.01802269824105201,False
img/17e48ca0-5f00-4828-8246-d780229f04af_0.png,test,NoR,RG,-0.1362673044204712,1.2560997009277344,-0.8230949640274048,0.18091249289131267,0.7280578104614621,0.09102969664722514,False
img/180c2519-be8b-4e81-acce-f6d4b924c97d_270.png,test,RR,RR,2.208768844604492,-0.03820440173149109,-1.5806124210357666,0.8862668686066199,0.09369500365319597,0.020038127740184063,False
img/18566eeb-f0dc-4d63-950f-fe2112ce8364_69.png,test,RR,RR,2.1592462062835693,-0.03283426910638809,-1.54872727394104,0.8801179631212024,0.09829522715414188,0.021586809724655716,False
img/18c5e6d2-d0e1-40c4-b2f5-1d973ee6cfcb_180.png,test,RR,RR,1.8859800100326538,0.6926760673522949,-1.8761711120605469,0.7538911141244157,0.22859319983705562,0.01751568603852872,False
img/1902391c-afef-4438-86df-f3dd8b46481b_0.png,test,RR,RR,1.8913666009902954,0.45473408699035645,-1.7079389095306396,0.7904703052896972,0.1879160982814973,0.02161359642880552,False
img/19043bc0-9bc4-4d47-a0eb-5fb4d31291da_360.png,test,RG,RG,-0.14644555747509003,2.3455045223236084,-1.6037986278533936,0.07508820242237524,0.907427374329079,0.017484423248545575,False
img/1949940d-e7da-459c-86ad-6a44be99f648_253.png,test,RR,RR,1.7973213195800781,-0.11828991025686264,-1.2254961729049683,0.8361793287740132,0.12312891160238307,0.040691759623603725,False
img/197fe594-dfb8-4301-8c6a-175af9e5baba_270.png,test,RG,RG,-0.09184084832668304,1.876151204109192,-1.3037176132202148,0.11828817027024953,0.8465047566080631,0.03520707312168729,False
img/19ecc281-3f40-4738-b3dd-50dfc2e4b152_180.png,test,RG,RG,0.3223593831062317,1.4434313774108887,-1.2898681163787842,0.2343246020188516,0.7189410291752947,0.046734368805853764,False
img/1aa9ce69-1945-4143-8d20-1e9651fcd4ff_90.png,test,NoR,RG,-0.15370860695838928,0.16784720122814178,-0.02327549457550049,0.28420445285726065,0.39199523800404806,0.3238003091386913,False
img/1ad11b07-b7c6-4ff6-8f74-ce455c1eeca1_180.png,test,NoR,RR,2.0798470973968506,1.2379143238067627,-2.410614252090454,0.693436842703603,0.2987859383237516,0.007777218972645534,False
img/1b0ed38b-2aa8-4cad-b4d5-2429d5e3626d_90.png,test,RG,RG,0.2561039328575134,2.1958374977111816,-1.7862892150878906,0.12366113531362244,0.8602978012852152,0.01604106340116245,False
img/1b19e494-3ae7-4b96-b681-c919b368d5d7_270.png,test,RR,RG,0.9653796553611755,1.9031609296798706,-2.08687424659729,0.27765745025990335,0.7092225959862812,0.013119953753815469,False
img/1c070b88-f747-4324-b0b7-0ab2b73a5656_90.png,test,RR,NoR,-0.14167751371860504,-0.11200252175331116,0.17047271132469177,0.29442249371412677,0.3032904057068667,0.40228710057900646,False
img/1c4c53dd-7f15-46e5-ad52-0e00b2958e24_270.png,test,RR,RR,2.2601675987243652,-0.06788422912359238,-1.5962671041488647,0.8939516525844015,0.08714730658493616,0.018901040830662384,False
img/1ca58d3d-d2b5-4020-a3dc-d7465aae00ff_90.png,test,RG,RG,1.622112512588501,1.987261176109314,-2.6220614910125732,0.4073194065977631,0.5868365456976598,0.0058440477045770866,False
img/1ca94e0d-38aa-41bf-9ac2-ce6ee5717de0_90.png,test,RG,RR,1.8803685903549194,0.5590067505836487,-1.7754241228103638,0.773626898758277,0.20638180479332927,0.019991296448393637,False
img/1cdd5bee-5490-41fe-bec9-e2911be51dc4_180.png,test,RR,NoR,-0.1285662055015564,-0.10784740746021271,0.15799683332443237,0.2982602142834826,0.3045042687152488,0.39723551700126863,False
img/1dbbc13c-8eb3-4429-92a6-c0eb287170bd_90.png,test,RG,RR,2.2065749168395996,2.0221948623657227,-3.0694825649261475,0.5444451746685895,0.45277132355669925,0.0027835017747113106,False
img/1dbd3c82-fb06-4184-bd1b-37fc3f0b2b66_360.png,test,RR,RG,-0.04114121198654175,1.8096578121185303,-1.2922372817993164,0.13070026082967992,0.8318945087126374,0.03740523045768261,False
img/1e1a4f14-d6c6-4327-a9dd-fc4f0f0d12ef_270.png,test,RR,RR,1.2712852954864502,-0.11831897497177124,-0.8455251455307007,0.7301460626984252,0.18193333514390278,0.08792060215767204,False
img/1e606a32-2de5-40a8-af3b-edee8396dd38_270.png,test,RG,RG,0.38175708055496216,2.0558440685272217,-1.7757784128189087,0.15504999347112672,0.8270247246815087,0.01792528184736442,False
img/200eb1ff-4d03-4d8c-815b-dd971c4094fa_169.png,test,RR,RR,2.100541114807129,1.6036617755889893,-2.690136194229126,0.6185312372710705,0.37633072939492734,0.00513803333400208,False
img/2091500b-5fb4-4992-bb97-190fd49b6dd4_180.png,test,RR,RR,1.2215709686279297,-0.13059565424919128,-0.8007363080978394,0.7188923054005921,0.18596248126914805,0.09514521333025992,False
img/2091500b-5fb4-4992-bb97-190fd49b6dd4_90.png,test,RG,RG,-0.08700411766767502,0.2790833115577698,-0.15192152559757233,0.2959257378146337,0.4267489777798443,0.27732528440552195,False
img/20a678d3-59da-4ba4-aecd-0d66cc413308_90.png,test,RR,RR,2.2978920936584473,1.331146240234375,-2.6355481147766113,0.7207101635427859,0.2740995086540441,0.005190327803169916,False
img/20f11fc7-f861-45cf-b1e5-3b1b7eece18b_90.png,test,NoR,RG,-0.11845672130584717,0.2066289633512497,-0.07679153978824615,0.29182641503931595,0.4039313109542198,0.3042422740064643,True
img/21748287-919c-4139-a6b0-5669ecf753e3_90.png,test,RR,RR,0.8364651799201965,0.775097668170929,-1.1777406930923462,0.48218242900841113,0.45348174452508583,0.06433582646650302,False
img/22003a3e-9fe1-43f6-ac0b-133f6b53e5a6_0.png,test,RG,RR,2.0161235332489014,1.8175851106643677,-2.7839109897613525,0.5469987539736253,0.44849974005326215,0.004501505973112643,False
img/22791a6b-ca95-4e8c-bfb4-bba77f228269_0.png,test,RG,RG,0.33121365308761597,1.9086967706680298,-1.6328279972076416,0.16713905478281674,0.8094129622026449,0.02344798301453847,False
img/227b0965-6db9-4bf5-9987-784f4a863ce7_180.png,test,RR,RG,-0.04490821063518524,0.6649384498596191,-0.46144741773605347,0.2707822643932756,0.5506843106383315,0.17853342496839303,False
img/229c21a5-410a-40aa-8850-bec21f080baf_270.png,test,RG,RG,0.16895662248134613,1.263834834098816,-1.0491502285003662,0.23339356535117525,0.6975710427406352,0.06903539190818966,False
img/22adf8a9-9756-40e3-9655-86ece0f22b81_180.png,test,NoR,RG,-0.15395516157150269,1.0414373874664307,-0.6550365090370178,0.2036357129436007,0.6729864701928404,0.12337781686355889,True
img/22c2e45b-f484-4ff9-a3df-a9b77ea46b94_180.png,test,NoR,NoR,-0.11556686460971832,-0.12205204367637634,0.15888293087482452,0.3021748444610777,0.3002215271375897,0.3976036284013326,False
img/22ecd89b-883d-4bb8-8b7e-98d6bb66f860_90.png,test,NoR,NoR,-0.13277027010917664,-0.13486693799495697,0.18057881295681,0.29709695970159583,0.2964746986126033,0.4064283416858009,False
img/231004a0-528c-4755-8eb9-146478f18b50_270.png,test,RR,RR,1.0276914834976196,0.7975923418998718,-1.3321335315704346,0.5294110099364763,0.42059313658710873,0.04999585347641504,False
img/239fc809-2d0b-45f0-a2a4-3efad905031e_5.png,test,NoR,RG,0.7724520564079285,1.884595513343811,-1.9340951442718506,0.2434490105787848,0.7402966434439321,0.016254345977283192,True
img/2436de94-cb28-4332-9c64-f5cb879dd48d_0.png,test,NoR,RR,0.19784192740917206,0.18069075047969818,-0.28648728132247925,0.3847477664302265,0.3782051565269337,0.23704707704283984,True
img/24537397-bd1d-4174-b380-24155cc33dba_1.png,test,RR,RR,1.0723406076431274,-0.05041622370481491,-0.7509492039680481,0.6725514345211131,0.21883581813165226,0.10861274734723465,False
img/2505c5cd-e15a-40fa-9a75-6baff56a024d_284.png,test,RR,RR,2.169905424118042,1.676203727722168,-2.792712926864624,0.6182925235362843,0.3773827740430734,0.0043247024206421745,False
img/255cfac4-758c-4cf1-a444-83cfa9f04336_192.png,test,RR,RR,1.5993013381958008,-0.10963276028633118,-1.0887309312820435,0.8005935134093815,0.14495440517197097,0.05445208141864761,False
img/258aefdb-3897-4b75-8121-932086274315_171.png,test,RR,RR,0.861516535282135,-0.0561978742480278,-0.5944910645484924,0.6125213167195487,0.24465996170380666,0.14281872157664458,False
img/262131a5-da82-4540-a850-8addc8d2400a_0.png,test,RG,RG,-0.09920904785394669,2.378807306289673,-1.6620076894760132,0.07617800067746346,0.9078589908607921,0.015963008461744473,False
img/26469c34-6789-457c-945c-ca76ff2b122f_270.png,test,RR,RR,2.101242780685425,-0.035183534026145935,-1.5051326751708984,0.8731899945957639,0.10310283122225453,0.023707174181981577,False
img/272943b3-b525-4f71-8c9f-5140c8163f0a_360.png,test,RR,RR,2.0362398624420166,1.3476773500442505,-2.4585180282592773,0.6607354729703723,0.331885840270399,0.0073786867592288315,False
img/2848f354-a51e-4dfa-9dc3-c44c13ab8bbf_270.png,test,RG,RG,0.8008912801742554,1.8928552865982056,-1.960611343383789,0.24732162782562434,0.7370484525352309,0.01562991963914482,False
img/28c6987d-874f-4bea-8095-b7c1ce195ffb_270.png,test,RG,RG,-0.12901881337165833,2.139934778213501,-1.4676804542541504,0.09147897287730283,0.8845355746314216,0.023985452491275462,False
img/2915f0ac-62fa-43e9-8f82-89c64cbd12b7_129.png,test,RR,RR,2.025376558303833,-0.08164528012275696,-1.4167256355285645,0.8668539088049196,0.10540906332391244,0.027737027871168038,False
img/299b38fb-cae6-49ea-acf8-bcb7fc753464_90.png,test,RG,RG,-0.017292827367782593,1.8651145696640015,-1.3495789766311646,0.12766216997098942,0.838651189729769,0.03368664029924157,False
img/29df3dd3-d0f9-45f8-a419-a3fd8970c994_270.png,test,NoR,RG,-0.0595146119594574,0.4222102761268616,-0.2753123641014099,0.2919910392410376,0.47269388545414975,0.23531507530481258,False
img/29e11a65-b961-46e9-ba9d-c1df73e06d5e_90.png,test,RR,RG,0.41416382789611816,1.5032237768173218,-1.3994300365447998,0.24186449712479638,0.7186953748556728,0.039440128019530764,False
img/2a1b0b7a-a47c-48bf-acae-bea55f542e79_180.png,test,RR,RG,1.3764140605926514,1.7101637125015259,-2.2441492080688477,0.4127181303504313,0.576234397929209,0.011047471720359674,False
img/2b211a35-026d-4abb-aa56-a72d00825907_270.png,test,RR,RR,0.09515021741390228,-0.1376195102930069,0.017945587635040283,0.36791265741887624,0.2915104453697793,0.34057689721134454,False
img/2c05ca5a-ab25-4d82-849a-28edbdf9a641_90.png,test,RG,RR,1.7931561470031738,0.20882271230220795,-1.459114909172058,0.804006719834011,0.16488927572765705,0.031104004438332066,False
img/2c6c3135-d83f-40aa-9358-48e4964cf5fc_180.png,test,RR,RG,-0.009113237261772156,0.1731928139925003,-0.13158203661441803,0.3241790673312663,0.389008848958612,0.2868120837101217,False
img/2c9d0995-4e0c-4721-8fc2-36768d1ccd51_270.png,test,RR,RG,1.0325629711151123,1.6618276834487915,-1.9608240127563477,0.34172286840003696,0.641150869197155,0.0171262624028081,False
img/2d17583e-01c8-4d99-a663-619464c4a53a_270.png,test,RR,RG,1.9158738851547241,1.991195797920227,-2.8370883464813232,0.47918945000102586,0.5166770115847144,0.004133538414259824,False
img/2d6ff313-21b8-4c6c-8f70-39e2229ef7e6_270.png,test,RR,RR,2.1202988624572754,0.18325339257717133,-1.6769099235534668,0.8572194269577287,0.123550311877785,0.019230261164486416,False
img/2da358f7-5f2d-4720-953b-3e5d2656946b_142.png,test,RR,RR,1.5208064317703247,-0.13022862374782562,-1.0171362161636353,0.7868563193663011,0.15095935202932925,0.062184328604369704,False
img/2db78f09-b9ae-4cb4-8345-24f5045e7290_360.png,test,RG,RG,0.47233378887176514,2.3365397453308105,-2.0442512035369873,0.1327748562087485,0.8565055861398465,0.01071955765140498,False
img/2dd49d90-5a86-4987-bbb8-7404ec036202_293.png,test,RR,RR,2.139768123626709,-0.0629839077591896,-1.5128487348556519,0.879954924464423,0.09723382576009498,0.022811249775482156,False
img/2def9dcf-8b73-4b18-b257-57d140e3af41_270.png,test,RR,RR,2.4093518257141113,-0.10836997628211975,-1.6747345924377441,0.9111769789738594,0.07348015320269598,0.015342867823444616,False
img/2e93f037-911b-4d62-be52-afa446a915d5_0.png,test,RR,RR,0.35375261306762695,-0.011974185705184937,-0.2597295045852661,0.44739637755188943,0.3103554189834231,0.24224820346468734,False
img/2ed78276-b96e-4c4f-9591-f7b39d8ae448_90.png,test,NoR,NoR,-0.13932526111602783,-0.03662576526403427,0.11424754559993744,0.294396496892171,0.3262379370821469,0.37936556602568205,True
img/2f1ae4a6-da86-4b98-a0df-e4c1fc33a71d_270.png,test,RR,RG,-0.11234131455421448,0.9979087114334106,-0.6536058783531189,0.21658481061874754,0.6573602748151265,0.12605491456612594,False
img/2fb3be1a-e0ee-4ca5-827e-238c085f3528_90.png,test,RG,RG,-0.09261160343885422,2.3526883125305176,-1.6478790044784546,0.07846127256236574,0.9049729700170254,0.016565757420608868,False
img/300999a4-4157-417b-b8b4-067978a23b90_180.png,test,RR,RR,0.7802822589874268,0.47930020093917847,-0.9231859445571899,0.5202529020351213,0.3850345172119207,0.09471258075295794,False
img/30de4f80-964d-4017-ae09-fb76be647b36_270.png,test,RR,RR,2.3607590198516846,-0.09922827780246735,-1.646249532699585,0.9061059015600992,0.07741409660537073,0.016480001834530026,False
img/3202af0b-66a7-4847-8e8e-b01ef38f1f3f_90.png,test,RG,RG,-0.14405152201652527,2.1567189693450928,-1.468963861465454,0.08890709154377138,0.8874590687752968,0.023633839680931915,False
img/32461a40-d5ef-46c1-8ce5-da57a147354a_270.png,test,NoR,NoR,-0.1309291571378708,-0.031234093010425568,0.10428290069103241,0.2967349369861774,0.327842836448812,0.37542222656501045,False
img/3287576b-8ee4-4649-aec5-d4a2d51d1299_180.png,test,RR,RR,2.236546039581299,0.6810752153396606,-2.1209890842437744,0.8170602863618032,0.17247323375817444,0.010466479880022287,False
img/331a6570-427e-446c-b503-221dc75c19ac_144.png,test,RR,RR,1.991235375404358,1.4391576051712036,-2.4921867847442627,0.6301010696720831,0.3627821311233853,0.007116799204531559,False
img/331f82ab-25a2-4a73-89fe-45f87b3e08a2_142.png,test,RR,RR,2.093879222869873,1.4187575578689575,-2.5515682697296143,0.6584580180946441,0.335217340914214,0.006324640991141858,False
img/33384b84-18cc-48cf-b8a6-51f88c971cd8_270.png,test,RR,RR,2.132599353790283,0.030921056866645813,-1.575600028038025,0.8720123722361888,0.10660445634594604,0.021383171417865242,False
img/33500957-e707-4821-bdf7-ec08d92823c5_180.png,test,RG,RG,0.059385597705841064,0.9574142694473267,-0.7483493685722351,0.25636910398733853,0.629324417140718,0.11430647887194363,False
img/337aeabb-8942-4441-89ec-1c001c7898d5_270.png,test,NoR,NoR,-0.141728013753891,-0.09446260333061218,0.15782113373279572,0.29432102409698363,0.3085662289171821,0.39711274698583426,False
img/338d7634-d5e7-4125-808a-d0f27b1f38cd_270.png,test,RR,RR,1.8979638814926147,-0.039970770478248596,-1.3548437356948853,0.8455468685212917,0.12175964124968743,0.03269349022902077,False
img/33b5b64c-ad9d-4413-892b-c761bc9adf82_270.png,test,RG,RG,0.6936426758766174,2.133903980255127,-2.0575170516967773,0.1891913966501319,0.7987280203157031,0.012080583034164863,False
img/33c67ce4-8aeb-4925-b25c-7859b0fb14fe_0.png,test,RR,RR,1.5553734302520752,-0.08259284496307373,-1.0765624046325684,0.7896935446964788,0.15349663989925075,0.056809815404270395,False
img/34b79c63-a5fb-4afb-a95a-2c492421cd83_270.png,test,NoR,NoR,-0.15740786492824554,-0.11098600178956985,0.18109923601150513,0.2898241632019436,0.3035955137106424,0.40658032308741393,False
img/358f42f2-7fe0-4c3b-b022-135f27377466_270.png,test,RR,RR,1.7104982137680054,1.6200056076049805,-2.4202358722686768,0.5182549703334034,0.47341611416479273,0.008328915501803865,False
img/3591dbfe-4463-47e3-b340-31f0a292d0ec_333.png,test,RR,RG,1.2430130243301392,1.5728620290756226,-2.048473596572876,0.41186897268192996,0.5728101159641943,0.01532091135387569,False
img/363b9fa6-80d5-4a67-9f2c-a8bfb4116e87_309.png,test,RR,RR,2.1598212718963623,0.7911361455917358,-2.1451878547668457,0.7886795709327632,0.20067265363001968,0.010647775437217163,False
img/36628f78-f304-49a6-a50c-d475e5616f8c_270.png,test,NoR,RG,0.5523886680603027,1.5626022815704346,-1.5422216653823853,0.2584442935496037,0.7097365078100786,0.03181919864031765,True
img/36c851ad-81c7-4935-a107-dddbba6eaa0a_220.png,test,RR,RR,0.9827333092689514,-0.049918703734874725,-0.686586856842041,0.6474853392397075,0.23054455437186727,0.12197010638842518,False
img/372e7ad4-d27a-4bdc-bd1a-699606824df1_180.png,test,RR,RR,2.203364133834839,-0.13637025654315948,-1.5056971311569214,0.8921770656387035,0.08596413948693181,0.021858794874364734,False
img/37461779-dec0-42d5-91af-3c7189f53f36_137.png,test,RR,RR,2.266061544418335,-0.06052978336811066,-1.6058443784713745,0.8940972116828437,0.08728888886023783,0.01861389945691847,False
img/374a1585-427e-4ad6-a458-135cd347a502_270.png,test,RR,RR,1.709995985031128,-0.13275004923343658,-1.1519618034362793,0.8226805416579088,0.1302977124331793,0.04702174590891196,False
img/3852a645-2ba3-4138-92de-245bf3ff38c1_215.png,test,RR,RR,1.995449185371399,1.0795327425003052,-2.2350845336914062,0.7068664594003259,0.28285243250485975,0.010281108094814308,False
img/3959ddc5-01dd-4e56-aaaa-c2bc2a94647e_90.png,test,NoR,NoR,-0.10057628899812698,-0.10759451985359192,0.13759709894657135,0.3065664513430592,0.30442242963505534,0.3890111190218855,True
img/397b1455-2988-4ab6-b6e1-5649b44bca76_270.png,test,RG,RG,-0.16039861738681793,1.9549025297164917,-1.3111662864685059,0.10407477387559841,0.8629966139332181,0.03292861219118358,False
img/39909d6f-24e3-4133-906b-c901675baece_270.png,test,RR,RR,2.398216962814331,-0.11713714897632599,-1.6603500843048096,0.9106572091657996,0.07361232234803546,0.01573046848616477,False
img/39e83ddd-a804-481b-81d2-1650cdd85369_270.png,test,RR,RR,2.31803560256958,0.9467624425888062,-2.3720412254333496,0.7917846784525908,0.20094200301914547,0.0072733185282637695,False
img/39fc58c6-b85e-4990-bcb1-30d630c3f433_196.png,test,RR,RR,0.4362039566040039,-0.08351849019527435,-0.26752936840057373,0.47860161924441735,0.284617482464002,0.23678089829158072,False
img/3a0b3e1e-9087-489b-88d6-cddc45b2b1f7_90.png,test,RG,RG,0.1713687926530838,2.1607823371887207,-1.6997277736663818,0.11813070632377098,0.863682510597002,0.018186783079226897,False
img/3a4c6628-eea0-4548-a016-ffc1720b99ac_130.png,test,RR,RR,2.0933351516723633,-0.09646433591842651,-1.4550917148590088,0.8766477272004028,0.09813123786940169,0.02522103493019561,False
img/3a52368d-124a-43f0-928d-4900c38d575b_180.png,test,RR,RR,1.1393051147460938,-0.11841096729040146,-0.750130832195282,0.6966409656058405,0.19805684433629211,0.10530219005786734,False
img/3aa21162-45f6-4d1d-bcdb-a50b4348c7a6_270.png,test,RR,RR,1.912448763847351,-0.11450953781604767,-1.3113858699798584,0.8535789812692098,0.11244674979052975,0.03397426894026048,False
img/3ab7b04a-50fd-46aa-a231-9ba2a85a6b5c_270.png,test,RR,RR,1.9527031183242798,-0.042385563254356384,-1.3926345109939575,0.8537887564917342,0.11611663079427759,0.030094612713988098,False
img/3afacdcd-a950-4466-aade-a018515e1453_270.png,test,RG,RR,0.995811402797699,0.38353025913238525,-1.0095820426940918,0.5964024485674099,0.3233174134278291,0.08028013800476104,False
img/3b38b2a9-2996-41de-8532-a073daf70efc_270.png,test,RG,RR,0.655829668045044,0.37346500158309937,-0.7567359805107117,0.5006216778790831,0.377468082479647,0.12191023964126985,False
img/3b7d6589-6467-46c5-9bfe-b63a028afe0c_178.png,test,RR,RR,1.9999922513961792,-0.0383802205324173,-1.4296882152557373,0.8601130982162779,0.11202156733257289,0.027865334451149255,False
img/3c3f2112-a6a4-4e5f-a8e4-6bd24e458c0c_380.png,test,RR,RR,2.2775495052337646,-0.07321012765169144,-1.6049692630767822,0.8961411640409311,0.08539933525225038,0.018459500706818423,False
img/3c540a28-f083-4f4c-9e95-99f60cba8cc6_270.png,test,NoR,RG,-0.11541078984737396,0.7907347679138184,-0.501522958278656,0.24070519491840098,0.5956888606493325,0.1636059444322666,False
img/3cabbc4a-07e8-4aca-9571-802e2bf5cccd_272.png,test,NoR,RG,1.7189937829971313,1.7689685821533203,-2.5341291427612305,0.4841526287559781,0.5089628383910172,0.006884532853004744,True
img/3ce33bf4-a2b5-442f-bf14-baace7a03eef_0.png,test,RG,RR,1.3260421752929688,0.18233148753643036,-1.1025605201721191,0.7108359233485337,0.2264968293944736,0.06266724725699274,False
img/3d916653-9fe0-4f8e-a34d-344455bbae47_360.png,test,RR,RR,1.4555145502090454,1.3461710214614868,-2.0379769802093506,0.5189906513831228,0.4652348544907935,0.01577449412608366,False
img/3e0da880-b3f3-4ae8-97de-da53238f93fb_360.png,test,NoR,RG,-0.04637644439935684,1.88833749294281,-1.3453712463378906,0.12202756848004433,0.844682593414556,0.033289838105399754,False
img/3e8ad736-aeef-49f6-8b0a-6747a6f7baed_90.png,test,RG,RR,1.620544195175171,0.7194132208824158,-1.7037910223007202,0.6934300427601067,0.2816089438914164,0.024961013348476842,False
img/3f93b996-a5cf-479d-9adc-695d5b986e3e_90.png,test,RG,RG,-0.15963375568389893,1.944895625114441,-1.304479956626892,0.1050253102569285,0.8615479834453699,0.033426706297701614,False
img/40447c70-d6cc-4157-a56d-d0958c387297_270.png,test,RR,RR,1.9187580347061157,0.37486106157302856,-1.6699448823928833,0.8056839775254443,0.1720516298040365,0.022264392670519294,False
img/408460d5-5a65-4f0b-b3ea-b43fc3898db4_279.png,test,RR,NoR,-0.07141947001218796,-0.10905776917934418,0.11759594082832336,0.3153459193173004,0.3036974251320086,0.3809566555506911,False
img/40f7b701-5451-493a-8457-ef6531ec5a64_0.png,test,NoR,RG,-0.13474687933921814,0.20863597095012665,-0.06647716462612152,0.28732639971994234,0.4050464294239192,0.3076271708561386,True
img/412ec992-27df-481e-826e-a50083bc916f_180.png,test,RR,RR,1.8455709218978882,-0.08289864659309387,-1.285947561264038,0.8410273523448539,0.12226057339453876,0.03671207426060735,False
img/413419e3-eb6c-4825-a709-9645ed1fb216_360.png,test,RR,RR,2.0149362087249756,-0.13125984370708466,-1.3732945919036865,0.8690389060502771,0.10161506918438032,0.02934602476534248,False
img/41ca5b92-e989-41d5-a591-184f7f7bbeb9_195.png,test,RR,RR,1.6574301719665527,0.16396568715572357,-1.3286328315734863,0.7842651227080676,0.17614061855478838,0.039594258737143985,False
img/430c3e77-967f-4896-b572-8836db3a9aa2_270.png,test,RR,RR,2.1083664894104004,0.004242256283760071,-1.5387979745864868,0.8710669659565747,0.10622873268047192,0.02270430136295333,False
img/4316ad29-42a3-4d99-ba00-b052b15011df_180.png,test,NoR,NoR,-0.08795848488807678,-0.02193652093410492,0.06651997566223145,0.30909041206429455,0.33018588829493545,0.36072369964076995,True
img/43335940-4d80-4574-ac3d-8c7d343e951b_0.png,test,RG,RG,-0.06089342385530472,2.069591760635376,-1.4660017490386963,0.10347370495277045,0.8711400067659745,0.025386288281255057,False
img/433bdea9-0a5e-4c4b-879e-ac25eb576781_90.png,test,RG,RG,-0.1336945742368698,2.123612642288208,-1.4524959325790405,0.09238067825561636,0.8829115833805168,0.024707738363866846,False
img/43d31dd6-dea5-4321-b6a7-4a1e86d4787c_180.png,test,RR,RR,1.1285128593444824,-0.05303293466567993,-0.7896289825439453,0.6879075313757714,0.21105286198230577,0.1010396066419228,False
img/44034fe8-3cfc-4fe1-9854-5f082312fc9f_90.png,test,RG,RG,0.2882245182991028,1.6325405836105347,-1.4020110368728638,0.19920166213805582,0.7640503991722178,0.036747938689726346,False
img/443c91be-9f81-46e5-b794-2f0ffe1a9225_270.png,test,RR,RR,1.8016940355300903,0.20195545256137848,-1.4603140354156494,0.8062821032625255,0.16282810964788624,0.030889787089588346,False
img/44601594-0c64-48cd-97b6-31e9ae8605b7_180.png,test,RR,RG,-0.008371829986572266,1.6848397254943848,-1.2256150245666504,0.14852311227101705,0.8075073359327717,0.04396955179621128,False
img/44b671c4-59dc-432c-ab45-73c30a765700_90.png,test,RR,RR,1.0161720514297485,-0.12484069168567657,-0.6565421223640442,0.6634678165654962,0.21197484329482696,0.12455734013967676,False
img/45180cbe-ec40-4d15-ad61-a47b13d98c59_180.png,test,RR,NoR,0.002376556396484375,-0.0815325677394867,0.04438267648220062,0.3375623509935869,0.31039358238780357,0.3520440666186096,False
img/455f7108-f5b4-4ea3-a37e-aa3ec758728a_270.png,test,RR,RR,1.5052326917648315,0.7768532633781433,-1.6620538234710693,0.655820136102766,0.316558209261578,0.02762165463565597,False
img/457fa7ad-8246-4468-a16b-dbb5238aa35f_270.png,test,RR,RR,2.3911495208740234,-0.13320350646972656,-1.6436232328414917,0.9109128800507539,0.07297334476218653,0.01611377518705971,False
img/45ad85d1-0a3c-4ff2-9295-ba38c769d515_180.png,test,NoR,RG,0.2663475275039673,0.7119507193565369,-0.7202717661857605,0.3408006431213001,0.5321369462076588,0.12706241067104107,True
img/472ff9f8-f7a6-425a-964f-845e1df1f3ab_90.png,test,NoR,NoR,-0.1477218121290207,-0.1323968917131424,0.18959134817123413,0.2926868613292543,0.29720680965003937,0.4101063290207063,False
img/48a38e7e-c7c4-4d0a-a5d4-8accad9d7030_180.png,test,RR,RR,2.0670855045318604,-0.13619287312030792,-1.4073928594589233,0.8761028588885911,0.09675723652276817,0.027139904588640816,False
img/48bcaac5-a2f0-4db6-be43-4cebcda88554_410.png,test,RR,RR,2.3642401695251465,-0.13172492384910583,-1.6252564191818237,0.9083263440124283,0.0748614169547971,0.016812239032774717,False
img/4996311d-44b5-40d1-82ce-f050dc64021c_270.png,test,NoR,NoR,-0.13328096270561218,-0.09072576463222504,0.14901676774024963,0.29676697699064297,0.3096685214275416,0.39356450158181533,False
img/49b67fce-85db-4603-a7cf-a353ce6dfe53_270.png,test,RR,RR,0.2015952318906784,-0.07528603821992874,-0.1040293425321579,0.40083250732696013,0.30388896332844245,0.2952785293445975,False
img/4a276fe2-6001-4f68-bb40-4d06f7aec1e7_0.png,test,RR,RR,1.6540982723236084,0.8480541110038757,-1.8210833072662354,0.6767834281256506,0.30226592039455,0.02095065147979929,False
img/4a2c8ba4-c453-48e8-a0bc-1748bff1f220_180.png,test,RG,RR,0.7868232727050781,0.20857445895671844,-0.7320723533630371,0.5618503798888443,0.3151304792005364,0.12301914091061926,False
img/4a44c445-b4a9-4fd5-ae42-e6cbd259e4ed_171.png,test,RR,RR,2.117391347885132,-0.07462560385465622,-1.4882649183273315,0.8780703951515931,0.0980727760074692,0.02385682884093777,False
img/4aee04ea-965a-408d-a522-d3183edac970_0.png,test,RG,RG,0.10192282497882843,2.125241994857788,-1.6238584518432617,0.11439787141262642,0.8652354289692857,0.020366699618087843,False
img/4b755d8e-10f1-40d2-a3bb-f86b5cc2dd8c_180.png,test,RG,RG,1.5160725116729736,1.8805686235427856,-2.4682905673980713,0.4067698505948094,0.5856624851367371,0.00756766426845345,False
img/4c1a4c20-556d-4bd3-8829-96017d41b536_171.png,test,RR,RR,1.9661158323287964,0.2509095072746277,-1.6144864559173584,0.8279615823238747,0.14897230707209824,0.023066110604026982,False
img/4c3111bd-c192-47f9-912e-716847762818_181.png,test,RR,RR,2.17423939704895,0.028174296021461487,-1.603689193725586,0.877336565747794,0.10259873334609261,0.020064700906113436,False
img/4d944701-01cf-4fd3-acab-a1164682cea4_270.png,test,RR,RR,1.6500986814498901,0.003921285271644592,-1.207564115524292,0.799879563866004,0.1542051370827636,0.045915299051232386,False
img/4eb243d8-234e-4223-bbff-57d459375934_270.png,test,NoR,RG,0.02886524796485901,1.3084772825241089,-0.9802573919296265,0.20162171217224728,0.7248793768286215,0.07349891099913128,True
img/4f11efc4-436d-44fc-a80d-31c582d31995_270.png,test,RG,RG,-0.13163842260837555,1.6524932384490967,-1.1131821870803833,0.1364416671244923,0.8124292530717838,0.05112907980372387,False
img/4f1c92c7-41c7-42d0-98ec-d2cea1d8495a_294.png,test,RR,RR,1.7903883457183838,-0.13373436033725739,-1.2093162536621094,0.8362563513103504,0.12209659580559186,0.041647052884057664,False
img/4f28e430-5b31-4e50-98eb-8e6bdfb20c93_270.png,test,RG,RG,1.5788121223449707,1.92686927318573,-2.5470998287200928,0.4111061220158565,0.5822550234776731,0.006638854506470378,False
img/4f58c82d-f6e1-4e3e-83fb-20e04499fe1b_360.png,test,RR,RG,1.984679102897644,2.317578077316284,-3.122884511947632,0.41648321152159373,0.5809967289150976,0.0025200595633087957,False
img/4fda88f3-d9a6-4664-b9d4-d357a358d440_290.png,test,RR,RR,1.8813611268997192,-0.0924881175160408,-1.3048616647720337,0.847279006157898,0.11770491841773734,0.035016075424364614,False
img/50533ffc-4ab3-4c82-87b1-04d49e764349_360.png,test,RR,RR,0.49842995405197144,-0.09380148351192474,-0.30503594875335693,0.4997835821313815,0.2764261596031419,0.2237902582654766,False
img/50e8fb3e-46eb-4f6b-87f0-7cc83a51a09d_151.png,test,RR,RR,1.8416584730148315,-0.03467296063899994,-1.3180073499679565,0.836406540557182,0.12809643180610894,0.035497027636709054,False
img/51900b44-83a2-477f-97f3-dde706c4e041_0.png,test,RG,RG,1.5991244316101074,1.6335229873657227,-2.349569797515869,0.48678929571855417,0.5038254746029774,0.009385229678468323,False
img/51b86fab-3747-45b5-ace9-593129415b96_270.png,test,RG,RG,0.9192295670509338,1.7534523010253906,-1.9452440738677979,0.2976158213851152,0.685416168321734,0.016968010293150686,False
img/51c15e88-420b-4c7c-b835-9e975a8f6ee8_180.png,test,RR,RR,2.247497320175171,1.099962830543518,-2.4319145679473877,0.7537482716040887,0.23925357322817983,0.006998155167731435,False
img/51c765b7-a48c-44ac-886a-f1b60e2ef485_90.png,test,NoR,RR,0.9997592568397522,0.6054748892784119,-1.1729841232299805,0.5592756293976182,0.37704255532253145,0.0636818152798503,False
img/5242574f-242a-4e9d-91bc-26ebb8b2fbd7_180.png,test,RG,RG,0.017027750611305237,1.7799135446548462,-1.3127355575561523,0.14096866647474274,0.821739501059282,0.03729183246597532,False
img/527bd35f-cb73-4e7a-9e90-947ea399f2a1_270.png,test,RR,RR,1.7554304599761963,-0.12951555848121643,-1.1871182918548584,0.83017285538097,0.12605116804917993,0.043775976569850016,False
img/529e6667-6512-4172-b676-a9e683c289b4_180.png,test,RG,RG,-0.03996957838535309,0.8510511517524719,-0.5996450185775757,0.2494380773761716,0.6080343807519915,0.14252754187183694,False
img/5356edef-b036-4ac0-acf7-27dff5a0516b_360.png,test,RR,RR,2.347694158554077,-0.12066890299320221,-1.6213030815124512,0.9061124345295687,0.07676895577222631,0.017118609698205042,False
img/53b8204a-6395-409c-8bf9-18d8c2ab1546_90.png,test,RG,RR,2.0258262157440186,1.8969262838363647,-2.8483126163482666,0.5300249601198529,0.4659247629041677,0.004050276975979377,False
img/543e09c5-cd19-45ac-b97e-d3f60a4b3115_90.png,test,RG,RR,1.1581655740737915,0.3850124478340149,-1.1279207468032837,0.639705636423015,0.2952596094045521,0.065034754172433,False
img/54a5a4d6-5452-4e0f-a386-10121105bd22_0.png,test,RG,NoR,-0.1143544465303421,-0.0942312479019165,0.13788215816020966,0.3023680690261865,0.30851431540112123,0.3891176155726922,False
img/54e96410-0e56-43f2-bfd3-22f23075d53a_0.png,test,RG,NoR,-0.11241808533668518,-0.08391229808330536,0.12901902198791504,0.3028473694009385,0.3116044934604664,0.3855481371385952,False
img/54f0106c-0a82-4725-9734-44d2fbe61c17_270.png,test,RR,RR,2.225950241088867,-0.04818537086248398,-1.5858020782470703,0.8888926771298609,0.09145443710613246,0.019652885764006704,False
img/557bd7a5-462c-455b-a789-4cdba698be04_360.png,test,NoR,RR,0.9113908410072327,0.010917454957962036,-0.6790646910667419,0.6210370156500407,0.25237530890633425,0.12658767544362506,False
img/55e2ba33-2436-4ab6-a3f8-e22918b16b84_90.png,test,RR,RR,0.6357208490371704,0.1832972913980484,-0.6046478152275085,0.5193827821335681,0.330371438109074,0.1502457797573579,False
img/56ca6907-54f6-4568-a97a-33da897e67d6_270.png,test,RR,RR,1.9580572843551636,-0.08340251445770264,-1.3668307065963745,0.857768600444858,0.11137184613389667,0.030859553421245273,False
img/57073e66-1992-4698-b638-0344d35389b2_180.png,test,RR,RR,1.9318901300430298,0.1603364497423172,-1.5242468118667603,0.8322098755718828,0.14153272791189822,0.02625739651621897,False
img/58904e27-4595-48b4-934b-93a8a11e00de_180.png,test,RR,RR,2.1478278636932373,-0.043273501098155975,-1.532928466796875,0.8795094402474718,0.09832348724841126,0.022167072504116994,False
img/58a821d0-e7ea-4635-a624-ed865510e463_270.png,test,NoR,NoR,-0.16062036156654358,-0.13096845149993896,0.197874516248703,0.2889113283770654,0.2976063764208652,0.4134822952020695,True
img/58bd5100-e323-4e9a-9da1-82e9d8b7aa5c_215.png,test,RR,RR,2.1280248165130615,-0.11474137008190155,-1.4669264554977417,0.8821247963107841,0.09365027373265201,0.02422492995656382,False
img/5ae58b53-20c8-4e50-bb32-f100f54871b8_270.png,test,RR,RR,1.7537834644317627,0.6394588947296143,-1.7421907186508179,0.7361298224379819,0.24155131201949273,0.022318865542525473,False
img/5bed29c3-f9d5-4703-9288-b50d98b8cba5_180.png,test,RR,RR,2.4013824462890625,-0.1296263337135315,-1.6536020040512085,0.9116481217507039,0.07254777455386857,0.01580410369542761,False
img/5c63b94d-578f-4baa-94c6-1a945f2c2e89_120.png,test,RR,RR,0.982836902141571,-0.12240464240312576,-0.6342266201972961,0.6537607461483548,0.2164803775370955,0.12975887631454971,False
img/5ca94336-04a1-4037-8599-a6ec6a184e08_90.png,test,NoR,NoR,-0.14883320033550262,-0.10473670065402985,0.1703852266073227,0.2923006495576846,0.30547849826569945,0.4022208521766159,False
img/5d8ee94f-b6f8-42a0-9a96-374181d6d188_270.png,test,RR,RR,1.345339298248291,-0.1353895515203476,-0.8866649866104126,0.7491843460397007,0.17041833806356343,0.08039731589673586,False
img/5dd9c4ae-8aa6-405c-bfb9-a3131481cada_277.png,test,RR,RR,2.3031795024871826,0.2188795655965805,-1.8347737789154053,0.8769240222145729,0.10908423893295807,0.013991738852468879,False
img/5e4e1cd5-de7f-4f1d-b148-0e3158b3ee52_90.png,test,RG,RG,0.05717749893665314,2.0241551399230957,-1.5184149742126465,0.11967560553140244,0.8555653136888498,0.02475908077974782,False
img/5e9dd0db-86a6-42be-85d8-09e8eb49df1d_0.png,test,RG,RR,1.057303786277771,0.541697084903717,-1.168412208557129,0.5864661428450646,0.35020133697581285,0.06333252017912261,False
img/5f02eb9d-7197-4704-aaf6-cffe80f175a5_0.png,test,NoR,RR,0.380171000957489,0.2976510524749756,-0.5027884244918823,0.4283847244799237,0.39445368527332125,0.1771615902467549,True
img/5f2daa52-4813-4da6-8bab-8906997ba390_360.png,test,NoR,NoR,-0.1474585235118866,-0.12794600427150726,0.18618150055408478,0.2927619315789541,0.29853055152885094,0.408707516892195,False
img/60d58a90-a37a-4630-b3b3-ac3321408b5b_0.png,test,RG,RG,-0.11484985053539276,2.345641613006592,-1.6267188787460327,0.07733316327529838,0.9056150693660084,0.017051767358693185,False
img/61477147-7679-4a92-b43f-23a7ef834c3b_0.png,test,RR,NoR,-0.12749123573303223,-0.03760480135679245,0.10640817880630493,0.29783467420471077,0.32584603430105663,0.3763192914942326,False
img/6158f07e-4c37-486a-8bb0-6bf66749bd35_180.png,test,RG,RG,0.058135777711868286,2.2059178352355957,-1.6505910158157349,0.10259635471344146,0.8788238333879762,0.018579811898582516,False
img/61b7f9fb-c1ab-4049-9d50-8641ccf692e5_224.png,test,RR,RR,2.1180942058563232,0.8838933706283569,-2.18214750289917,0.7664993429665989,0.22310287900329295,0.010397778030108183,False
img/629ada55-9f44-4c0b-b659-52cb290e41b4_216.png,test,RR,RR,2.2849605083465576,0.9823122024536133,-2.3738677501678467,0.7804643154202671,0.21213878630526437,0.007396898274468512,False
img/63fbe117-b695-49df-86fe-3db4ce29d868_90.png,test,RG,RG,-0.07236682623624802,0.040009528398513794,0.010447666049003601,0.3119857925508214,0.3490914787825786,0.33892272866660006,False
img/649e2b9c-7e71-450e-9cf5-966006c16d05_180.png,test,RR,RG,1.1831835508346558,2.4366517066955566,-2.6301088333129883,0.2210167279915864,0.7741042440714649,0.004879027936948634,False
img/6575aaac-3265-41e6-8028-4e590edd8464_0.png,test,RR,RR,1.4120796918869019,-0.12409839034080505,-0.9430387020111084,0.7633096654809994,0.16426577892279878,0.0724245555962018,False
img/664e2491-793c-4f41-9fad-5caa35bdaa42_358.png,test,RR,RR,1.213727355003357,-0.04621366411447525,-0.8561112880706787,0.7092817812446045,0.20120249992394212,0.08951571883145333,False
img/6709c0c3-3b66-4c66-bdab-1abbc2ede08e_177.png,test,RR,RR,2.0005745887756348,1.0733891725540161,-2.234342336654663,0.7091460303874211,0.2805848166200429,0.01026915299253594,False
img/672032c4-6870-4195-9a2a-38ebdc1e8e59_90.png,test,RG,RG,-0.05914934724569321,0.7033759951591492,-0.47896623611450195,0.263099038959593,0.5640009171714581,0.17290004386894897,False
img/67b0d32d-269d-403f-b9fb-a554361dbc80_180.png,test,RR,RR,1.908600926399231,-0.07422980666160583,-1.3377442359924316,0.8499100256704339,0.11701472231905083,0.03307525201051531,False
img/67b7e596-cfed-440b-97ad-6d71cfaef935_337.png,test,RR,RR,1.9311515092849731,0.9178928136825562,-2.0717155933380127,0.723957143710378,0.2628210812556864,0.013221775033935594,False
img/686abe8d-d543-4329-87a3-2b9a5d8bcf9e_358.png,test,RR,RR,1.8498986959457397,-0.014518707990646362,-1.3385382890701294,0.8359647052825372,0.12956322548718907,0.0344720692302736,False
img/68d661d6-4f09-448c-85b6-de7cb9f96f05_0.png,test,NoR,RR,0.6887902617454529,0.38902729749679565,-0.7918004989624023,0.5080017668187496,0.37642618088635127,0.11557205229489899,True
img/68fb5268-0b76-415c-8780-30b96ce811d0_146.png,test,RR,RR,1.6528786420822144,1.4824641942977905,-2.279122829437256,0.5367918100620588,0.45268471092745,0.010523479010491301,False
img/699b9d33-262f-4976-8104-2929f91493b5_90.png,test,NoR,NoR,-0.15975624322891235,-0.10606872290372849,0.17923837900161743,0.28912675517016123,0.30507349399118894,0.4057997508386499,False
img/6b46364e-69f0-40e3-a543-c756fa8aa421_90.png,test,RG,RR,0.7716807723045349,0.635475754737854,-1.0299477577209473,0.4907509118248308,0.4282605078452194,0.08098858032994964,False
img/6b6eff60-8477-46aa-906c-6682914a65de_270.png,test,RG,RR,0.5374979972839355,0.05364057421684265,-0.43991124629974365,0.5018352669367245,0.3093318006337391,0.18883293242953642,False
img/6b839d65-2c32-4266-9516-5cea7918f9fa_270.png,test,RG,RG,-0.08710156381130219,2.3001773357391357,-1.6138732433319092,0.08263729700684878,0.89941092007879,0.017951782914361183,False
img/6c737687-2006-4808-a1f5-f7d216f9132a_213.png,test,RR,RR,1.5629059076309204,-0.10999802500009537,-1.0621787309646606,0.7935658771288903,0.14895326884587126,0.05748085402523859,False
img/6ccbd412-777b-4159-8acf-ae34127a5096_180.png,test,NoR,RR,1.01058030128479,-0.11727779358625412,-0.6579740643501282,0.6612683787136163,0.21406970404241824,0.12466191724396555,False
img/6d078701-4788-4f27-a2bd-b43c35f4599d_90.png,test,RR,RG,-0.11184682697057724,1.148934006690979,-0.7632119059562683,0.19803905846053593,0.6987165204647233,0.10324442107474072,False
img/6ddd6f76-b01e-44d1-8d40-146880b30346_90.png,test,RG,RR,1.4931435585021973,-0.11381199955940247,-1.0090311765670776,0.7797856070652263,0.15634474316353472,0.0638696497712389,False
img/6f5e85eb-1dfb-46c1-b62b-0c357af62933_210.png,test,RR,NoR,-0.05443595349788666,-0.12684369087219238,0.11819494515657425,0.32065887087462847,0.2982613492690601,0.3810797798563114,False
img/6f686c42-bc16-422b-b813-4806e6574936_149.png,test,RR,RR,1.8775681257247925,0.014643028378486633,-1.3796186447143555,0.8377212589629197,0.1300293665219322,0.032249374515147894,False
img/6f7cf721-941a-478c-8e5f-1ac31f0fb143_180.png,test,RG,RR,1.6600927114486694,1.5393835306167603,-2.325507879257202,0.5249693938518708,0.46527600220590387,0.00975460394222523,False
img/6faa7417-0893-43aa-b679-fee2a5563a80_180.png,test,RR,RR,0.4069623351097107,0.03271271288394928,-0.3304879665374756,0.4616512827509143,0.3175261523704191,0.22082256487866658,False
img/6fba29f3-fc95-4ee9-a361-cb926005e8dd_410.png,test,RR,RR,2.427945613861084,0.13833175599575043,-1.866624116897583,0.8969028047333338,0.09086125224697462,0.012235943019691595,False
img/6fc36c25-a9a4-447d-bf1b-46522b7e9623_207.png,test,NoR,NoR,-0.11647631227970123,-0.07437415421009064,0.12505050003528595,0.30155063827993517,0.31451762459816063,0.3839317371219042,True
img/6fc9516c-1a69-4d2f-a863-a2b2b295d43b_270.png,test,RG,RG,0.1508946567773819,1.7189078330993652,-1.3652957677841187,0.16620532534929705,0.7973048480248258,0.03648982662587705,False
img/70313320-0abc-40aa-a9d3-9151aa0de44d_235.png,test,RR,RR,1.904844880104065,1.2896674871444702,-2.3216495513916016,0.6430254119703769,0.3475841699804273,0.009390418049195806,False
img/70af0629-917e-4329-88a7-8574fdeef7fa_270.png,test,RG,RG,-0.11821847409009933,2.010962724685669,-1.382185459136963,0.10319373748711169,0.8676508322337871,0.029155430279101148,False
img/70cfc052-47eb-4ef9-be59-64981542579f_180.png,test,RR,RG,1.8936179876327515,1.967997431755066,-2.804231882095337,0.4793104849779323,0.5163206698486676,0.004368845173400001,False
img/71aa6d05-34fc-477d-844c-ed5e12e61d06_180.png,test,RR,RG,1.1564686298370361,1.9062422513961792,-2.2271246910095215,0.31741535950021904,0.6718162194111406,0.010768421088640389,False
img/71d80630-ea1a-4a24-aa7c-1778aa9f2f6a_258.png,test,RR,RR,2.002920627593994,-0.06651181727647781,-1.411453366279602,0.862697832525756,0.10892200207390537,0.028380165400338365,False
img/724f893d-df0c-4101-a8a0-505042828d9a_270.png,test,RG,RG,-0.07056155800819397,2.233884334564209,-1.5778647661209106,0.08896692791315683,0.8913263165802119,0.019706755506631257,False
img/7293d441-7b6d-4e6e-afea-781cc54a5cc1_90.png,test,RG,RR,1.133557677268982,1.0211044549942017,-1.570284128189087,0.5100513352852448,0.4558018409746477,0.0341468237401074,False
img/72952272-80c4-48a6-b4b6-0ef3ef054043_307.png,test,RR,RR,2.083838939666748,-0.1339332014322281,-1.4211283922195435,0.878040908672433,0.09557593328384555,0.026383158043721405,False
img/743cac2b-0054-471d-b7d5-8860dd17a3f2_73.png,test,RR,RR,2.2283101081848145,0.031874582171440125,-1.6454205513000488,0.8834082109977337,0.09823394894371491,0.01835784005855131,False
img/743d0c93-7bae-4d5d-af40-92009a0ccab5_360.png,test,RG,RG,0.4522969126701355,1.1595655679702759,-1.1783772706985474,0.31015052893752554,0.6291227647518897,0.06072670631058473,False
img/74dcfd9e-a6f1-4f7c-8e38-cf9e59b8f569_360.png,test,RR,RR,2.0174357891082764,0.37716245651245117,-1.742883324623108,0.8215554190882353,0.1593218011455041,0.019122779766260443,False
img/75e5850c-2c5f-42a4-bce8-e41509b0cd3a_180.png,test,NoR,NoR,-0.16596399247646332,-0.13937275111675262,0.20781368017196655,0.2873429481364254,0.2950862495569661,0.4175708023066084,True
img/7671b56d-6ad4-492c-9fb7-9897ef004ff2_270.png,test,RR,RR,0.6957579255104065,-0.12516067922115326,-0.4248790740966797,0.566219584732704,0.24915205111073344,0.18462836415656264,False
img/76bfebf2-3f02-4c36-8c6e-d07ce0ee4f89_243.png,test,RR,RR,0.5178084969520569,-0.040403157472610474,-0.3576602339744568,0.5027909507467261,0.28771281842895824,0.2094962308243157,False
img/77256d89-2685-43e1-a670-66da82626c5b_0.png,test,NoR,NoR,-0.15041249990463257,-0.13292326033115387,0.1919155716896057,0.2918970581095751,0.2970470188693667,0.4110559230210582,True
img/77486af0-c1e1-4523-a72a-e039f3228e1b_142.png,test,RR,RG,-0.11120457947254181,2.0772345066070557,-1.4351911544799805,0.09816096065878109,0.875721110376558,0.026117928964660867,False
img/7765b0a9-4ff8-426c-9b23-c79285820e22_90.png,test,NoR,RR,0.06899766623973846,-0.027149654924869537,-0.043076589703559875,0.356848703975902,0.32413645106577327,0.3190148449583246,True
img/778115fa-f224-4059-9919-cb8223a7e7ee_129.png,test,RR,RR,1.4110535383224487,-0.13103559613227844,-0.937279224395752,0.7636724113959934,0.16337526302077682,0.0729523255832297,False
img/779f235f-6a95-4cc9-a889-d6c31b3c31a7_0.png,test,RG,RG,-0.1285519152879715,1.9869199991226196,-1.3573296070098877,0.10431717970906028,0.8651543905810507,0.030528429709889025,False
img/785c66a7-c1d2-4b65-a112-fd55876c202c_180.png,test,NoR,NoR,-0.15113873779773712,0.04352027177810669,0.06480412185192108,0.2893578707861148,0.351539907211692,0.35910222200219327,False
img/788f7e0a-6d66-410f-bb5f-6145abaed4e0_270.png,test,RR,RR,1.1605733633041382,-0.029787741601467133,-0.8296010494232178,0.6940670386427227,0.21107371832447133,0.09485924303280609,False
img/78dbeb03-e20d-458d-bf1a-00812c5e088c_180.png,test,NoR,RR,1.7058790922164917,0.2783256769180298,-1.4463528394699097,0.779634865105074,0.18703060622636278,0.03333452866856328,False
img/78e7d711-a5a2-43e0-bcb6-5e031d3101ff_90.png,test,RG,NoR,-0.15898370742797852,-0.09117022156715393,0.1679030805826187,0.28928403647974466,0.30958185016721085,0.40113411335304444,False
img/790162cb-1251-4800-93e2-f5fddd2aa3da_190.png,test,RR,RR,2.0320205688476562,0.10762220621109009,-1.5584371089935303,0.8521159211884315,0.12437786279618666,0.023506216015381907,False
img/79d97ddf-6833-4551-8bdd-7198f84123c8_0.png,test,RG,RG,-0.05493505299091339,2.1101157665252686,-1.499619722366333,0.1004937738848845,0.8758077415236007,0.023698484591514822,False
img/79ee444f-8f84-4b65-8fff-ec098d69ff61_195.png,test,RR,RR,1.2527601718902588,-0.10048535466194153,-0.8450453281402588,0.7240470542933815,0.18709394227895085,0.08885900342766774,False
img/7a0fd60e-bd64-4641-8ba2-5041571ceccc_0.png,test,RG,RG,-0.12231139838695526,1.6051545143127441,-1.0856750011444092,0.14269436436933441,0.8028524459264988,0.05445318970416676,False
img/7a361c21-c453-412f-ba86-e433f3db3d9d_275.png,test,RR,RR,2.1935484409332275,-0.064672090113163,-1.5504724979400635,0.8863714995837967,0.09265803112977349,0.020970469286429816,False
img/7aa8c532-26db-47d5-ae87-9c748933c820_0.png,test,RG,RG,0.43477630615234375,0.9144278764724731,-0.9883942604064941,0.35008363664371445,0.5655641101500132,0.08435225320627232,False
img/7aeb30a2-41c5-448a-97cf-890f50544e70_270.png,test,RR,RR,1.4691638946533203,0.035676971077919006,-1.0998485088348389,0.7604059120721592,0.18133850209081473,0.05825558583702597,False
img/7b643ec8-ba48-4c32-ad53-902b0b03f625_133.png,test,RR,RR,2.172194004058838,0.15751616656780243,-1.6957752704620361,0.866352832912956,0.11553972571389519,0.01810744137314874,False
img/7e7f1ec3-e4ed-4e9b-be47-56a65cb9ee2a_360.png,test,RG,RG,0.6270805597305298,1.9865423440933228,-1.902841329574585,0.20105505180119967,0.7829278486908748,0.016017099507925518,False
img/7f01d002-9ffe-4062-bd4c-31ef3798b23e_90.png,test,RR,RR,1.9555021524429321,0.22772110998630524,-1.5900464057922363,0.8288224505301202,0.14726370875092273,0.023913840718956997,False
img/7f033b27-24ba-4273-8a56-d47707e082a1_0.png,test,RG,RG,-0.13242614269256592,1.3229589462280273,-0.8742341995239258,0.17353923283984105,0.7438123524873369,0.0826484146728221,False
img/7f47df75-b663-42ae-9685-158095171ac8_180.png,test,RG,RG,0.23362915217876434,1.547651767730713,-1.3011703491210938,0.20256811217191562,0.75377868367781,0.04365320415027423,False
img/7fed5662-97af-47d0-9720-a63e942c19a5_108.png,test,NoR,NoR,-0.07100839167833328,-0.12273216247558594,0.12719082832336426,0.3155772335322619,0.2996693435027214,0.3847534229650167,True
img/804cc7a4-62dd-4ec1-a2a8-521bd4250565_360.png,test,RR,RR,2.1597201824188232,-0.13482330739498138,-1.4752925634384155,0.8871610929986321,0.08943240527044721,0.023406501730920598,False
img/8087ef36-c992-4420-9f5e-74a5110eb873_90.png,test,RG,RG,1.0117326974868774,2.3327722549438477,-2.4311275482177734,0.2092361872295294,0.7840738825033524,0.0066899302671181125,False
img/80ecbfeb-f309-40b8-92a5-b4015e2ef80f_170.png,test,RR,RR,1.9735676050186157,0.06095437705516815,-1.4824587106704712,0.8479974519438161,0.12524407119056227,0.026758476865621602,False
img/8149454d-5346-4085-8b56-accac76f51ec_90.png,test,RR,RR,2.2749130725860596,0.05060310661792755,-1.692629337310791,0.8872627233086016,0.09595037834731217,0.016786898344086223,False
img/81c05128-efc2-470f-ab86-3c46d84553fe_270.png,test,RR,RR,2.0388710498809814,-0.027857616543769836,-1.4653816223144531,0.8645519513066416,0.10945163158053406,0.025996417112824334,False
img/83aaa8c7-dd9e-41ef-9135-37db2b6bc738_270.png,test,RG,RG,1.5891152620315552,1.7068090438842773,-2.3953542709350586,0.4665262943478902,0.5247952390797603,0.00867846657234945,False
img/83da49e7-ed0d-48ee-94d6-7a5becf2be38_360.png,test,RG,RG,-0.12600210309028625,1.6382492780685425,-1.1069493293762207,0.1386547809584804,0.80935580990471,0.05198940913680958,False
img/84739023-7fa0-44fc-ad0f-a9c08680ec1d_270.png,test,RR,RR,2.37748646736145,0.27889639139175415,-1.9318599700927734,0.8802262603603495,0.10794144589941954,0.011832293740230869,False
img/84ce1a97-5b97-4c60-96ba-cf3ffd91b0ec_180.png,test,RR,RR,1.1515458822250366,0.7923781275749207,-1.4178203344345093,0.5634306656013147,0.3934195221305783,0.04314981226810708,False
img/850d0eec-d0c1-48d8-a242-b44032633ca0_0.png,test,RG,RG,0.5035343766212463,0.6604628562927246,-0.8543437719345093,0.4120113012575294,0.48201694010618223,0.1059717586362885,False
img/850d0eec-d0c1-48d8-a242-b44032633ca0_90.png,test,RG,RR,1.6116437911987305,1.1231799125671387,-1.9894397258758545,0.6094356538385447,0.37393032851639696,0.016634017645058466,False
img/86580ff5-32f4-463c-8f01-4f078a480d2f_90.png,test,RG,RR,0.35892558097839355,0.3550660014152527,-0.5289759635925293,0.4153399567329055,0.4137400086736748,0.17092003459341978,False
img/8673efbf-9260-482d-a554-b0566a7ba5ae_180.png,test,NoR,NoR,-0.11658607423305511,-0.12257252633571625,0.15999560058116913,0.30187348022654054,0.3000717275300823,0.3980547922433772,True
img/86e6bb53-0d40-46fc-a9e0-3d4f528ba4a2_90.png,test,RR,RR,1.301688551902771,-0.04946094751358032,-0.9172956943511963,0.7311748504156365,0.189332196415306,0.07949295316905759,False
img/8716535b-3452-4759-9764-c494c29b6cc8_180.png,test,RR,RR,1.950757622718811,-0.061372607946395874,-1.377494215965271,0.855022925323775,0.11431960188525486,0.03065747279097028,False
img/87396d33-1dd3-433b-b7a1-3fff249e06ed_90.png,test,NoR,NoR,-0.1445559859275818,-0.06307967752218246,0.13716191053390503,0.293229998419148,0.3181215641806565,0.3886484374001956,True
img/876639f5-af63-4d15-b562-9e303736faac_270.png,test,RR,RR,2.280792236328125,-0.12343436479568481,-1.570980191230774,0.8996224750402592,0.08126769661774254,0.01910982834199841,False
img/87b5373b-bf36-4879-917e-cd040e96341e_270.png,test,RR,NoR,-0.01585492491722107,-0.11780054867267609,0.08378665149211884,0.33246299772476495,0.3002402372745861,0.36729676500064895,False
img/881c6133-89fe-490d-b70b-0f2f8e09675e_184.png,test,RR,RR,2.255584716796875,-0.09695977717638016,-1.5719242095947266,0.8953428642875131,0.08517110554599602,0.01948603016649102,False
img/884c58b6-ef23-446c-8c57-e7d8902c353c_360.png,test,RR,RR,0.5803172588348389,-0.06446263939142227,-0.38540542125701904,0.5248004959339504,0.2754037724838755,0.19979573158217412,False
img/889ff8a4-5b09-4783-9af4-273d458e2c16_0.png,test,RG,RG,0.8948268294334412,2.0393381118774414,-2.134422540664673,0.2387057630546442,0.7497523552482706,0.011541881697085156,False
img/88bafb74-5130-4908-a2ef-63348359455d_180.png,test,NoR,RG,0.13384990394115448,2.004284143447876,-1.5594203472137451,0.13029262366691605,0.8457443368684187,0.023963039464665235,True
img/89448b29-2086-45ea-9a06-e61577295ab5_360.png,test,RG,RG,0.18074969947338104,0.8101478815078735,-0.7294794321060181,0.30497912490380785,0.5722875148085925,0.12273336028759954,False
img/89dafd5b-c50a-4a42-b95b-60f5c0133fc1_270.png,test,RG,RG,0.049724236130714417,0.2539529800415039,-0.23250006139278412,0.3354935522094498,0.4115092430394539,0.25299720475109627,False
img/8ac68054-d3dd-41b2-84f1-8b8879e9d518_270.png,test,RR,RR,1.2490477561950684,-0.1316409409046173,-0.8198263645172119,0.7258298920184839,0.18247751897863418,0.0916925890028819,False
img/8b067b0a-bacd-419a-8390-07a4e9b07ed9_180.png,test,RG,RG,-0.15251754224300385,2.370657444000244,-1.6176080703735352,0.07299708550931543,0.9101364215486832,0.016866492942001446,False
img/8b398a88-4869-4c9a-b05c-6483b4154813_270.png,test,RR,RR,2.169219732284546,1.1460752487182617,-2.4087326526641846,0.7300662250277802,0.2624316758503741,0.007502099121845665,False
img/8b46be90-201b-4532-90ac-8fbdb588febf_146.png,test,RR,RR,2.3641998767852783,-0.13770464062690735,-1.6209017038345337,0.9086618795308129,0.07444559110657588,0.016892529362611302,False
img/8be8b2d7-f6a2-48fa-924c-30898e229cd8_0.png,test,NoR,RR,1.475164532661438,0.2236904352903366,-1.2401881217956543,0.7395003621722603,0.21155831352121995,0.0489413243065197,True
img/8c13246f-1e14-45ca-b1fa-7e4e12f7c042_285.png,test,RR,RR,2.3398444652557373,0.5107777714729309,-2.0724103450775146,0.8527394415792242,0.13691870367002767,0.010341854750747904,False
img/8c7df067-5186-40a4-a08f-0bd6ad5c46d3_135.png,test,RR,RR,1.8937104940414429,0.22311358153820038,-1.5420818328857422,0.8194473745820144,0.15416651232107403,0.02638611309691141,False
img/8ce62b84-e5a7-494e-b629-e6992877fba7_90.png,test,RG,RG,-0.1015653908252716,2.23356556892395,-1.555240511894226,0.08647136057960597,0.8933194353742522,0.020209204046141828,False
img/8d15eb98-594e-41a6-b539-b11736f307d6_270.png,test,RG,RG,0.7374001145362854,1.8112988471984863,-1.8557560443878174,0.24990306202080734,0.7314082778105623,0.018688660168630477,False
img/8e58b2cd-332b-4af4-b383-908cd5a70eff_222.png,test,RR,RR,2.295581102371216,1.0161539316177368,-2.4060192108154297,0.776833370057796,0.21611241317355348,0.0070542167686504335,False
img/8fe04b1b-1147-45ac-a232-eb650e8a43a7_0.png,test,RG,RG,1.4113327264785767,1.9514964818954468,-2.443946361541748,0.3653027305047666,0.6269646527732912,0.0077326167219422225,False
img/8fed9efc-8d0a-4174-bb0f-4de40949142a_0.png,test,NoR,RR,0.49047648906707764,-0.1106988936662674,-0.2870680093765259,0.4980823921514182,0.2730323064133086,0.22888530143527325,False
img/9036c07b-db69-456f-b59a-032ebf947e73_180.png,test,RG,RG,-0.153273805975914,2.1235082149505615,-1.4382786750793457,0.09072830190418471,0.8841717826364667,0.025099915459348546,False
img/9193e4e0-fc7d-4b2b-97eb-b0cbd8a5dd3d_90.png,test,RR,NoR,-0.05647950619459152,-0.09347379207611084,0.09553180634975433,0.31970790993813214,0.3080966435853975,0.37219544647647046,False
img/91956753-3640-47c2-b087-94b0455122e3_0.png,test,NoR,RG,-0.10725366324186325,0.1779448539018631,-0.06413383781909943,0.29637629352417827,0.3941881865099349,0.30943551996588675,True
img/920fc999-a7b9-4a43-ac32-89526cbd559f_323.png,test,RR,RR,2.1951401233673096,1.649948239326477,-2.7919468879699707,0.6302960428632814,0.3654018600130819,0.004302097123636646,False
img/924819a3-334f-4d8c-aeec-eb7356b5e25c_0.png,test,RR,RR,2.248262643814087,0.1574709564447403,-1.7506861686706543,0.8757149022893245,0.10822895063738952,0.016056147073285877,False
img/941e957b-3e52-43ae-ab52-8d76bfbfcd11_360.png,test,RR,RR,2.14383602142334,0.06791381537914276,-1.6104758977890015,0.8704301604193502,0.10918736163549851,0.020382477945151304,False
img/94b01ec3-2d3c-435c-8d0f-66d13df51ebf_90.png,test,RG,RG,-0.1272105574607849,1.5261160135269165,-1.0249613523483276,0.15078827878621723,0.7877677371955694,0.061443984018213355,False
img/953ef5ef-5152-4fe4-b690-1426d62f2a71_270.png,test,RR,RR,0.4695420265197754,-0.08234401792287827,-0.2924586534500122,0.48957345752952114,0.2819270847318084,0.22849945773867048,False
img/95471ce0-729e-4123-8f53-607c5d8122c0_211.png,test,RR,RR,2.3096601963043213,1.7279901504516602,-2.9311177730560303,0.6392798227499636,0.3573344650047054,0.003385712245330912,False
img/95bd013a-b353-487a-bf03-a40370aaf2be_270.png,test,NoR,RG,-0.006596282124519348,0.2933530807495117,-0.22032172977924347,0.3167202446866031,0.42750596360640913,0.25577379170698783,True
img/95cd4188-2ae5-47ff-bad1-f86f58d94adb_270.png,test,RR,RR,1.2659701108932495,0.4540943503379822,-1.2557592391967773,0.6560194769852912,0.29128865539939425,0.05269186761531461,False
img/96afccdb-e653-490a-957b-aaab27089c6c_256.png,test,RR,RR,1.8433407545089722,-0.07674065977334976,-1.2887914180755615,0.8401810120572962,0.12316635790848598,0.03665263003421784,False
img/96f6a786-7cea-4991-8619-db362b194531_222.png,test,NoR,RR,1.253507137298584,-0.05619336664676666,-0.8776248693466187,0.7201478598948179,0.1943685400566728,0.08548360004850936,True
img/9757ade1-8c1a-4c2e-9b11-76b3d3c89a27_0.png,test,NoR,NoR,-0.16112421452999115,-0.1359683871269226,0.20185531675815582,0.28876018272587456,0.29611632099655516,0.4151234962775703,False
img/982775f4-6627-4355-9268-a0a4ed535f41_223.png,test,NoR,RR,1.247290015220642,-0.11959470808506012,-0.8272708654403687,0.7243692544654337,0.1846415834285013,0.09098916210606496,False
img/982b8921-0ce1-43f6-9c77-245c6d4fdbe1_0.png,test,RG,RG,-0.0721956193447113,2.225703239440918,-1.5707663297653198,0.08947187493021602,0.8905356967295587,0.01999242834022541,False
img/9942f842-b4ed-4944-8b00-71fb1cf4359a_0.png,test,RG,RG,-0.14108382165431976,1.4845759868621826,-0.9848916530609131,0.15356641029478352,0.7803893191986019,0.06604427050661472,False
img/99f03112-3248-475a-8202-63980450d571_90.png,test,RG,NoR,-0.15102563798427582,-0.11472813785076141,0.17919641733169556,0.2916947504811636,0.3024770420531663,0.40582820746567005,False
img/9a4578a9-940f-4307-bec1-692a85de7be6_0.png,test,RG,RG,-0.0029649585485458374,1.5154815912246704,-1.1070098876953125,0.16958766300007008,0.7741893862527909,0.05622295074713897,False
img/9b14fdaa-e3c2-418d-888f-931ed4b4518e_90.png,test,RG,RG,-0.013002485036849976,2.431804895401001,-1.7626110315322876,0.07872670088960088,0.907587293455549,0.013686005654850144,False
img/9bb645ed-eb7a-4be2-b304-3b860b69af18_246.png,test,RR,RR,2.3756110668182373,-0.1192295104265213,-1.6425085067749023,0.9086808790855058,0.0749748997244576,0.01634422119003674,False
img/9c68697b-3048-489d-81be-a68221e301c9_270.png,test,RR,NoR,-0.012726351618766785,-0.0925712063908577,0.06327648460865021,0.3330862711507989,0.3075250890054158,0.3593886398437852,False
img/9c9aa4e3-010a-4048-aeb8-b62d1d4c531c_270.png,test,RG,RR,0.6124017238616943,0.07289548218250275,-0.5079420208930969,0.5237785737672803,0.3053817960771605,0.17083963015555934,False
img/9cc59e16-b9d4-47d4-a7ab-4a91de8d138a_180.png,test,RR,RR,0.9433404803276062,-0.11106801778078079,-0.6138994693756104,0.6413893815088267,0.22345906297081827,0.13515155552035482,False
img/9d3b94e1-8046-4802-b5d6-5f4aa4b8ebeb_100.png,test,RR,RR,2.145336151123047,-0.10311353206634521,-1.4878413677215576,0.8833962717184751,0.09325374285620584,0.02334998542531895,False
img/9dee8f80-0c72-4035-bc74-3715f3c80d8b_270.png,test,NoR,NoR,-0.04971463978290558,-0.1314210146665573,0.11809594929218292,0.3221384760446621,0.29686429881547144,0.38099722513986645,False
img/9e5263dc-5c69-46be-a283-251c710aa629_0.png,test,RR,RG,1.8066589832305908,1.8410489559173584,-2.649590253829956,0.48861670694905635,0.5057124992126768,0.005670793838266954,False
img/9e64f5a6-4b62-4837-a81a-15e721daf5c0_246.png,test,RR,RR,0.40528976917266846,-0.08444592356681824,-0.24452950060367584,0.46839976755650337,0.28702991470056743,0.24457031774292926,False
img/9ed2d344-2903-4cb6-86d3-2a8f95c0a9a3_125.png,test,RR,RR,2.1870205402374268,0.8721665143966675,-2.223449468612671,0.7808455567466216,0.20966758621779483,0.009486857035583555,False
img/9f46ba27-2e01-4a35-91bc-13af52ecf717_360.png,test,RR,RG,1.079484462738037,1.080765962600708,-1.574385643005371,0.48270454293312187,0.4833235252667792,0.03397193180009896,False
img/9f7ebe9e-c721-498b-9856-5f672efc75b7_360.png,test,RG,RG,-0.10171271115541458,1.7941128015518188,-1.2372421026229858,0.12532436383705567,0.8344149325991339,0.04026070356381043,False
img/9ff1312a-09df-4e68-aa8b-15f60ce2653d_360.png,test,RR,RR,1.8456865549087524,0.21474461257457733,-1.5013408660888672,0.8123913025439102,0.15902162216531798,0.028587075290771723,False
img/a0bacffd-aaf1-4768-9de1-23598c0c662a_0.png,test,RG,RG,0.41152769327163696,2.2484025955200195,-1.9365746974945068,0.13564026708497395,0.851399263694429,0.012960469220596965,False
img/a0efe5aa-1c57-46a8-ac75-230881375071_379.png,test,RR,RR,1.2851855754852295,-0.1383523792028427,-0.8410733938217163,0.7352167819810045,0.1770845748580124,0.08769864316098305,False
img/a1571d1e-aa03-43ac-a1b9-c68ca688aafe_270.png,test,RR,RR,2.0181937217712402,0.3129580020904541,-1.696986436843872,0.8291319850596363,0.15067777747455993,0.02019023746580383,False
img/a1571d1e-aa03-43ac-a1b9-c68ca688aafe_360.png,test,RR,RR,2.0584661960601807,0.4517064094543457,-1.8264427185058594,0.8189431083303322,0.16422785610414414,0.0168290355655235,False
img/a168c9d3-0ab1-4c87-8d5c-703772fdaec3_0.png,test,NoR,NoR,-0.09438785165548325,0.030788332223892212,0.0330236554145813,0.3058821948205094,0.3466710083445132,0.3474467968349773,False
img/a1830e93-8368-42fe-9871-36e1e43afc54_270.png,test,RR,RR,1.9139348268508911,0.0840805321931839,-1.4561158418655396,0.8369427623314094,0.13427653791282895,0.028780699755761606,False
img/a2548fdf-c826-4bf3-9062-5b833a555d50_90.png,test,RG,RG,0.11039717495441437,1.656878113746643,-1.2911735773086548,0.1683181682147557,0.790240228170375,0.04144160361486921,False
img/a26b2f74-9e97-4b55-baf2-070cc51f6fac_270.png,test,RR,RR,1.5661147832870483,-0.11814586818218231,-1.0586024522781372,0.7948861261544922,0.1475162317346745,0.057597642110833264,False
img/a3079091-0401-48fa-a295-c8b4a035a9d5_148.png,test,RR,RR,1.9314271211624146,0.724761426448822,-1.9322071075439453,0.7574697162846594,0.2266298032076997,0.01590048050764097,False
img/a30c1980-9ee8-42db-8883-b9fe133334cf_229.png,test,RG,RG,0.02732256054878235,2.4261040687561035,-1.7876136302947998,0.08215170962746851,0.9044700241774705,0.013378266195061066,False
img/a3bf75cd-2085-488b-9f7c-24931361c8ec_270.png,test,RR,RR,2.1558494567871094,-0.07107889652252197,-1.5186084508895874,0.8824393333619563,0.09517922460749587,0.022381442030547646,False
img/a4cc0daa-ec2c-45ac-95ff-63b5bb7cda26_360.png,test,RR,RR,1.2677096128463745,-0.014144375920295715,-0.9183005094528198,0.7194832226851477,0.1996726387504956,0.08084413856435659,False
img/a54b1c3e-3618-430e-ad03-c73df5c858d3_302.png,test,RR,RR,1.996766209602356,-0.13402682542800903,-1.3581690788269043,0.8668104798608457,0.10292775402061204,0.03026176611854209,False
img/a5a3cadc-2781-45b9-986d-54365d90621c_360.png,test,NoR,NoR,-0.09029447287321091,-0.0874718502163887,0.11561428010463715,0.30945690724219965,0.3103316212329042,0.3802114715248961,True
img/a7d264b1-77c7-4eff-b1d3-5fe2d61b491d_42.png,test,RR,RR,1.9844239950180054,-0.12256383895874023,-1.3575466871261597,0.8643259759280879,0.10510524175603893,0.03056878231587323,False
img/a7dc4238-efe2-4273-bb6f-f2d7035cb979_270.png,test,RR,RR,0.9382687211036682,0.3890994191169739,-0.9720480442047119,0.5795546670893671,0.33465183446355307,0.08579349844707991,False
img/a7e082bc-1967-4929-a2b1-6cc0669ad44a_270.png,test,RR,RR,1.0739949941635132,0.46658855676651,-1.1261359453201294,0.604028667024453,0.32905181190907873,0.06691952106646826,False
img/a80b6c23-9636-4dec-b31c-02a9d09d1f95_180.png,test,RR,RG,1.7095723152160645,1.7367322444915771,-2.504004716873169,0.48963792015798085,0.5031186911562789,0.007243388685740201,False
img/a813e1c2-4178-4c5e-acaf-8314f09d48cf_0.png,test,RG,RG,1.1649268865585327,1.8561506271362305,-2.1969988346099854,0.32994314005507425,0.6586182483376893,0.011438611607236368,False
img/a8e3a72b-3218-4378-9c4a-32afb4870ec8_360.png,test,NoR,RG,1.056436538696289,1.3230223655700684,-1.7329821586608887,0.4224834611932769,0.5515520028938996,0.02596453591282357,False
img/aac4a6cf-0464-4179-a887-5d007a1d7592_270.png,test,RR,RR,2.262515068054199,-0.09658637642860413,-1.577200174331665,0.8960534729447552,0.0846816258775824,0.019264901177662386,False
img/ab51e8e6-98c1-4d5a-8f36-5c2f10412c0b_180.png,test,RR,RG,0.20069505274295807,1.0301587581634521,-0.9030375480651855,0.2759595035777618,0.6325237910513927,0.09151670537084562,False
img/ab6b0fc1-0840-4395-af49-f0d4157efb93_98.png,test,RR,RR,1.6562494039535522,-0.08452686667442322,-1.1480250358581543,0.8091041102857434,0.1419040788433297,0.048991810870927,False
img/ac40ede9-7788-4ab9-891d-b8e273275f30_90.png,test,RG,RG,-0.06806287914514542,2.101754903793335,-1.4840896129608154,0.1000063544151812,0.8757244713680317,0.024269174216787058,False
img/ad9b9805-5243-4cd2-b1e6-897bc10c500f_180.png,test,RG,RG,-0.09677024930715561,2.39951491355896,-1.6787487268447876,0.07494628270701273,0.9096471610511786,0.015406556241808657,False
img/adf7e4bd-f49b-499e-9c41-3b8dc6e8d074_113.png,test,RR,RR,2.2214128971099854,0.8489981889724731,-2.2315309047698975,0.7904273907433893,0.20036868448923956,0.009203924767371207,False
img/ae4f8c49-8836-4bdc-8d31-4ba1fb63364a_279.png,test,RR,RR,1.6266177892684937,-0.10761130601167679,-1.1099236011505127,0.8055873621383418,0.1422153642768832,0.05219727358477494,False
img/af7a52a6-798c-43df-b452-997eba4b4843_261.png,test,RG,RG,0.8673610091209412,1.473825454711914,-1.705503225326538,0.34361278632521125,0.6301638392201434,0.026223374454645395,False
img/af882a06-0490-4a5d-9977-dc60c398500a_90.png,test,RR,NoR,-0.014522075653076172,-0.0608489066362381,0.04162620007991791,0.3319519278531635,0.3169244228806191,0.3511236492662173,False
img/af88cef3-1b1f-4c60-96d0-6ff30992995e_193.png,test,RR,RR,1.6028145551681519,-0.13661502301692963,-1.0717500448226929,0.8034985052540164,0.14111084929106701,0.05539064545491642,False
img/afc4cd16-578a-407a-b055-8ca457843ca9_270.png,test,NoR,NoR,-0.15351669490337372,-0.13666771352291107,0.19686636328697205,0.29098502515861757,0.29592936298815664,0.41308561185322573,True
img/afc856f1-4943-4a30-bb78-f6fa8b53d204_90.png,test,RR,RG,0.2435288280248642,0.26221275329589844,-0.3784579038619995,0.3912766729580559,0.39865597961460947,0.21006734742733468,False
img/afff9b53-3d5c-42d7-b281-72c58de3a5c9_270.png,test,RR,RR,2.347564458847046,-0.12797926366329193,-1.6159212589263916,0.9065246016353529,0.07625434873579091,0.017221049628856358,False
img/b03fd005-8c89-439a-9d45-d0535b14fcf2_270.png,test,RG,RG,-0.0757729634642601,1.94806969165802,-1.3673477172851562,0.11309421203858903,0.8558232415695821,0.031082546391828808,False
img/b095b8d6-695b-407b-8a36-54b5767013dd_90.png,test,RG,RG,0.08097909390926361,0.2466796487569809,-0.24981369078159332,0.34499727188709733,0.4071725552531315,0.24783017285977116,False
img/b09f54ac-c0a8-4784-a4ae-34dec93aacdf_349.png,test,RR,RR,1.7126615047454834,-0.04847472906112671,-1.2148503065109253,0.8160736762578036,0.14024184641203494,0.0436844773301615,False
img/b0fd9d87-c779-4836-bb94-d2fac2ef3fa0_0.png,test,RG,RG,-0.08361726999282837,0.38168030977249146,-0.22858460247516632,0.28922309382316086,0.4605843092997653,0.2501925968770739,False
img/b0fd9d87-c779-4836-bb94-d2fac2ef3fa0_180.png,test,RG,RG,-0.10105002671480179,2.2767345905303955,-1.5868403911590576,0.08328256042782085,0.897868648001168,0.018848791571011207,False
img/b125a6e8-29d0-4a78-bcba-e7734d07f2b5_90.png,test,RG,RR,2.1405656337738037,0.9237525463104248,-2.2272119522094727,0.7640283657334096,0.22628422207623183,0.009687412190358537,False
img/b125f7aa-160c-4e0f-9c89-9f2e9b74c0fb_270.png,test,RR,RR,1.7146068811416626,0.08792825043201447,-1.3149267435073853,0.8032647332121439,0.15790691425404874,0.03882835253380735,False
img/b1a59b6e-1725-429b-b3d9-45ad2aa8a430_180.png,test,RG,RG,0.8468261361122131,1.4910204410552979,-1.7031097412109375,0.3352848390268874,0.6385338833971872,0.02618127757592546,False
img/b1d2dd81-edde-4cba-b835-433d5f3cd4d7_180.png,test,RG,RG,-0.1278977245092392,0.25232642889022827,-0.10302914679050446,0.28671428103679486,0.4193518633422327,0.2939338556209725,False
img/b219cbcd-0a01-41d2-810f-64e10385e408_241.png,test,RR,RR,0.8203361630439758,0.11243616044521332,-0.6867337226867676,0.583350266649996,0.2874036874022389,0.129246045947765,False
img/b2223936-4c88-49f9-a9ea-a75f9c2963e4_360.png,test,RG,RR,0.76748126745224,0.6013928651809692,-1.0022594928741455,0.49570017073532896,0.4198438461182469,0.08445598314642426,False
img/b25def96-b9ef-4f7b-a9ce-32cb6f0b4a8e_65.png,test,RG,RG,-0.013959720730781555,1.359456181526184,-0.9862024784088135,0.18772115004174095,0.7412763661533538,0.07100248380490533,False
img/b2668bac-1bb9-44a5-89af-5e6b91d02328_180.png,test,RR,RR,1.116091012954712,-0.11234322935342789,-0.7377528548240662,0.6899480324779045,0.20198269737991814,0.10806927014217735,False
img/b2cfef73-6a96-4e67-ae72-f542804baf2f_360.png,test,RR,NoR,-0.02071337401866913,-0.00448918342590332,0.005328506231307983,0.32865110132082875,0.33402668879005754,0.33732220988911377,False
img/b2ddd54e-5a05-4bd8-94e4-7c84ebffdca9_90.png,test,RG,RG,1.170692801475525,2.02656626701355,-2.3244388103485107,0.29552802179563914,0.6955042529512617,0.008967725253099038,False
img/b3425f9d-fb58-4625-9d89-9de4e111cd6b_0.png,test,RG,RG,1.5024492740631104,2.103938102722168,-2.6200320720672607,0.35198404079987305,0.6423123196433715,0.005703639556755411,False
img/b3fe54c0-d8b5-43a7-a722-27ae358e0cd7_180.png,test,NoR,NoR,-0.12618976831436157,-0.09987010806798935,0.15050971508026123,0.2989144252618309,0.3068861983758469,0.3941993763623223,True
img/b43620e5-73bf-4396-a32e-5dfd548640e4_247.png,test,RR,RR,1.9683796167373657,-0.08753231167793274,-1.3712990283966064,0.8595315507865817,0.10999947620815685,0.030468973005261406,False
img/b46d2c95-9d70-44d1-ad08-c583aa930113_90.png,test,RG,RG,1.1516450643539429,1.2663261890411377,-1.7607371807098389,0.45958799836041225,0.5154351818246791,0.024976819814908617,False
img/b4d5c5bf-f99a-41fb-a0c7-22bd3754f4f7_180.png,test,RR,RR,1.08368718624115,-0.13608260452747345,-0.6971753239631653,0.683157684500036,0.20173519318893604,0.11510712231102797,False
img/b535c8ad-bc74-486c-8a08-fe2d6af8eac9_90.png,test,RG,RG,0.34923064708709717,0.4483828544616699,-0.5894771814346313,0.4007426114614607,0.4425137608439512,0.15674362769458813,False
img/b5daba90-f7be-46ef-a4d8-53795557cb86_270.png,test,RG,RG,-0.10687173902988434,0.8437337279319763,-0.5460290908813477,0.23630299013201778,0.6113809830553876,0.1523160268125947,False
img/b60a86c9-1ba9-4938-aaf5-2490d7d4814a_270.png,test,RR,RR,1.9770687818527222,-0.09107089787721634,-1.375015377998352,0.8610060275950165,0.108849024456254,0.03014494794872948,False
img/b63d9425-5791-4b56-9376-9e6f5752fa3c_360.png,test,RR,RR,2.4446568489074707,0.9819424152374268,-2.4889469146728516,0.8072280835722918,0.1869594645242977,0.005812451903410341,False
img/b6d4c187-b476-4f30-bfd9-3244082db559_270.png,test,RG,RG,0.4039164185523987,1.7578136920928955,-1.5761942863464355,0.19957919687589812,0.7728681060157155,0.02755269710838648,False
img/b6fdd36a-2272-4f42-9d05-1ac368d4261b_360.png,test,RR,RR,2.2411398887634277,-0.12115215510129929,-1.5439906120300293,0.8953273228212976,0.08434346501592843,0.020329212162774064,False
img/b7b22786-aca0-4f5b-849f-6df3b84b8e90_324.png,test,RR,RR,1.1840128898620605,-0.12137439101934433,-0.7802790999412537,0.7085551786285587,0.19206630599458605,0.09937851537685524,False
img/b8cfb6b9-07dc-4fb9-8ad2-b6caa3af6af9_0.png,test,RR,RR,1.8636821508407593,0.099787637591362,-1.4311810731887817,0.8275068224458278,0.14181492162160425,0.030678255932567833,False
img/b8d1ae7b-e0b3-43e5-ae26-7f297179731f_90.png,test,RG,RG,2.040548801422119,2.156068801879883,-3.046405553817749,0.4697848992266619,0.5273133317081428,0.0029017690651953615,False
img/b921e675-2ef5-40a5-8aa0-9840287681f2_360.png,test,NoR,RR,0.18113480508327484,-0.10517571866512299,-0.06762935221195221,0.3951330325455321,0.2967565114240395,0.3081104560304283,True
img/b968a071-22ee-4e18-abe0-209433b39151_270.png,test,NoR,NoR,0.006443798542022705,-0.13772612810134888,0.08209434151649475,0.33963627938936275,0.2940369241667034,0.36632679644393396,False
img/b9ddb9b1-15ed-4022-808e-8590fb5a4b91_202.png,test,RR,RR,1.7217861413955688,0.9527095556259155,-1.9456791877746582,0.6715998158278333,0.311246768440563,0.017153415731603613,False
img/ba25eaa8-441a-46c4-80a8-f01eb29b34b0_180.png,test,NoR,NoR,-0.13097476959228516,-0.07793412357568741,0.13809779286384583,0.2973338718638642,0.3135303924939275,0.3891357356422084,True
img/ba48e998-89fc-481d-bd15-00aa3502d9e3_90.png,test,RG,RG,0.14169137179851532,1.4172890186309814,-1.1404627561569214,0.20583416920556932,0.7370594011936618,0.057106429600768824,False
img/baafa05d-322c-44f7-952c-67bdae8591b1_270.png,test,RG,RG,-0.044137053191661835,0.12203778326511383,-0.06928010284900665,0.31686180762878524,0.3741439353318938,0.30899425703932093,False
img/bbb56ffc-2361-4230-9ecc-7607b61a575b_90.png,test,RG,RR,0.9385027289390564,0.027917921543121338,-0.7109451293945312,0.6271775328116447,0.2523065558336495,0.12051591135470582,False
img/bc279dd8-9193-4ee2-be2f-5ce6f3588c96_270.png,test,RR,RR,2.177485704421997,0.0848187655210495,-1.6470094919204712,0.8732197090001983,0.10771838298199125,0.019061908017810436,False
img/bc81cc80-af5a-485b-8ddb-1237a86a7d8d_90.png,test,NoR,NoR,-0.15626288950443268,-0.13687680661678314,0.19900116324424744,0.2901803685168743,0.2958607110914544,0.41395892039167126,False
img/bc8dd3b7-f0b6-4f5f-969b-350071e2a488_270.png,test,RR,RR,2.336621046066284,1.8942097425460815,-3.070831060409546,0.6071762012064951,0.3901017987382912,0.002722000055213713,False
img/be353280-68ca-4929-8f36-2bf01e6a9275_90.png,test,RG,RG,0.04753679037094116,0.6013308167457581,-0.4822068214416504,0.30042683895863725,0.5226950869697812,0.17687807407158163,False
img/beabcddc-d8f6-4e9f-8c0d-afc3e3983be5_0.png,test,RR,RR,1.9312413930892944,-0.06118349730968475,-1.3635348081588745,0.8521947485396693,0.11620898771929206,0.031596263741038744,False
img/beb4d18c-1775-4120-b574-def85f943707_270.png,test,RR,RR,1.96221125125885,0.4700278043746948,-1.770172357559204,0.8007579542015316,0.18007533209816234,0.01916671370030599,False
img/bedfaa62-bc8c-4820-8b2a-082c808d35ab_314.png,test,NoR,RG,-0.04443362355232239,0.7119026780128479,-0.49576330184936523,0.2654465025891183,0.5655222412969274,0.16903125611395434,True
img/bfd4c081-427f-4b26-9218-f4c95b9a9cc1_180.png,test,NoR,RR,0.20772810280323029,0.1302221268415451,-0.2571198344230652,0.39159601700760216,0.3623913711415002,0.24601261185089757,True
img/c05cf664-af7e-4575-b2a6-a3997dd0c9d0_90.png,test,RR,RG,0.7561804056167603,1.8321119546890259,-1.8843765258789062,0.24974743406127042,0.7324401950090192,0.017812370929710407,False
img/c0b3462f-69f9-4663-9313-7e9a1fce4294_180.png,test,RR,RR,1.799174189567566,-0.13103386759757996,-1.2176156044006348,0.8374675375037075,0.12153161620303733,0.04100084629325508,False
img/c1aa9539-86e7-4285-9af4-669685c3a64e_180.png,test,NoR,RG,-0.1440623253583908,0.07188448309898376,0.039174750447273254,0.29051732645796396,0.36054256668253204,0.3489401068595041,False
img/c260b4d4-771d-4640-bd82-13868a6984cf_270.png,test,RR,RR,2.4264326095581055,-0.11275531351566315,-1.6838996410369873,0.9129645385109818,0.07206072138356635,0.014974740105451861,False
img/c2858e3d-2f8a-4261-bde4-56813ea311df_374.png,test,RR,RR,2.387096405029297,-0.11453409492969513,-1.6542006731033325,0.9094828713993499,0.07453327461772088,0.015983853982929022,False
img/c2ae61bb-5b06-4b27-9ebd-8b755e615b26_0.png,test,RG,RG,-0.1488257348537445,0.8061798810958862,-0.48856043815612793,0.23198387935172873,0.6028530685658501,0.16516305208242113,False
img/c49ad493-67a7-4582-a094-55da8542ea86_0.png,test,RG,RG,0.501801609992981,1.8135758638381958,-1.6872329711914062,0.20726333251806447,0.7695180243007166,0.023218643181218898,False
img/c693ecaa-2b36-413d-8541-e638e874697f_180.png,test,NoR,RR,0.1788223832845688,-0.04912570118904114,-0.1065046638250351,0.3924748531722858,0.3124749738674791,0.2950501729602351,True
img/c6b2e7ff-8a26-4f4c-af2a-682f671dc116_48.png,test,RR,RR,2.3263437747955322,1.2955653667449951,-2.6303598880767822,0.7332640252114114,0.26157666828328524,0.005159306505303261,False
img/c7547a75-8a05-481c-970a-93764c9b54a8_360.png,test,RR,RR,2.1832380294799805,-0.130350723862648,-1.4955147504806519,0.8895529944353909,0.08798183122141255,0.02246517434319665,False
img/c802f13a-9fe2-4d21-913f-b65aa958871a_180.png,test,NoR,RG,0.4769458770751953,2.1717422008514404,-1.928370714187622,0.15300407476462813,0.8331893083426952,0.013806616892676538,False
img/c82f1d2b-48c2-4f91-9d25-dee1c90c7a76_360.png,test,RR,RR,2.292015790939331,0.11387459933757782,-1.7507517337799072,0.884329140920497,0.10015190997725729,0.015518949102245761,False
img/c86fdcb6-7124-4d71-af68-ec64bd719b61_0.png,test,RG,RG,0.4151493310928345,1.547012448310852,-1.4318180084228516,0.2347889521314643,0.7281813700224042,0.0370296778461313,False
img/c8c7544c-ad2f-4d85-897d-8e4f3b9ca8d2_360.png,test,RG,RG,-0.09061884880065918,0.058827027678489685,0.010018661618232727,0.30608500147237916,0.3554230330567654,0.33849196547085536,False
img/c92668c6-4ed2-4400-89c3-1d40c7a0b87b_270.png,test,RR,RR,1.856523871421814,-0.12299782037734985,-1.264851689338684,0.8458578360759775,0.11684281981593365,0.037299344108088946,False
img/c9b0dc07-2484-4eba-8162-68f67db3ee91_183.png,test,RR,RR,1.56519615650177,-0.09413353353738785,-1.075308918952942,0.7926494693251349,0.1508146203436497,0.05653591033121529,False
img/ca4de698-06a5-4dbf-8c67-52e2a67bd867_309.png,test,RR,RR,2.2016797065734863,1.587058663368225,-2.7511773109436035,0.6460328035530548,0.3494041372985607,0.004563059148384495,False
img/cad46973-f236-475b-9ce7-537cb718ea98_0.png,test,NoR,NoR,-0.12964151799678802,-0.12467312812805176,0.1709449291229248,0.2980065081121707,0.29949080485703916,0.4025026870307901,False
img/cad9538d-4d1c-4e02-9f1f-addd65e0bdd2_200.png,test,RR,RR,1.646606683731079,0.47745710611343384,-1.5475890636444092,0.7398471793017619,0.22981946658080518,0.030333354117432924,False
img/cb5aa538-b4d6-4d08-9c18-742c8d156b70_106.png,test,RR,RR,1.7816663980484009,-0.08796722441911697,-1.2361236810684204,0.8311934783272465,0.12815352652934647,0.040652995143406964,False
img/cbc9f7ce-abef-4982-88a8-e9467aa6d1f9_270.png,test,RR,RR,1.9988738298416138,1.96241295337677,-2.8762171268463135,0.5071430552389629,0.4889852119278584,0.0038717328331787995,False
img/cbd780f1-1cb3-499e-8357-9ef73ed34f74_135.png,test,RR,RR,2.4029557704925537,-0.09671639651060104,-1.6785447597503662,0.9099230521517737,0.0747155226828771,0.015361425165349295,False
img/cc333d95-b5c8-4930-a5b7-ac03bca5b0a0_360.png,test,RR,RR,2.0468761920928955,0.618837833404541,-1.9389712810516357,0.7946879777333636,0.19054934656073583,0.014762675705900527,False
img/cc46d48a-e5fa-4d03-8a6b-9666c3e91b2b_277.png,test,RR,RR,1.9570828676223755,1.144558310508728,-2.254411220550537,0.685607433045665,0.30422898310816116,0.010163583846173968,False
img/ccfe6ad3-0a18-4405-9d22-725dbd737d9a_166.png,test,RR,RR,1.8156601190567017,-0.1353367269039154,-1.2264106273651123,0.8404291784575085,0.11945214634005587,0.04011867520243555,False
img/cdd53b30-57ec-48e0-9c27-843523af8398_90.png,test,RG,RG,-0.001336812973022461,1.9674793481826782,-1.4351527690887451,0.11903925716628191,0.8525820850904073,0.02837865774331078,False
img/cdfa3c1f-3e51-4496-8e47-1d9e39adfec2_0.png,test,RG,RG,-0.04920195788145065,2.0792160034179688,-1.4814084768295288,0.10373071503834762,0.8715003128894937,0.02476897207215877,False
img/cf76d055-244a-4376-944a-0738e527aade_90.png,test,RG,RG,-0.1498381793498993,2.312150478363037,-1.5772205591201782,0.077112609475213,0.9043852869114993,0.018502103613287524,False
img/cf93a80e-fc8d-4582-84ad-c91f3bce2213_360.png,test,RR,RR,2.429687023162842,0.1382361799478531,-1.8678128719329834,0.8970845167590571,0.09071286932608051,0.012202613914862295,False
img/d09621a6-5f07-41a6-b6ec-3bdd4f8d46a0_90.png,test,RG,RG,0.05429863929748535,1.733258843421936,-1.3059067726135254,0.1511353015841681,0.8100821616993623,0.03878253671646956,False
img/d09da4c0-623a-427a-a721-0f06d2818626_248.png,test,RR,RR,2.101243734359741,-0.00917324423789978,-1.5239486694335938,0.8712080932981445,0.10557946401503886,0.023212442686816596,False
img/d19c4dbc-d016-4fcc-9650-b7012e7e60dd_108.png,test,RG,RG,1.6393169164657593,1.9247864484786987,-2.5892951488494873,0.4264466624186467,0.5673388999510974,0.006214437630255855,False
img/d1bb2d8f-3e81-405b-be63-6893104afe4b_0.png,test,RG,RG,-0.06059002876281738,0.05193626880645752,-0.006686165928840637,0.31501174398341086,0.352530173858318,0.33245808215827116,False
img/d1e6cbd8-a6de-4bd2-9bf0-874ca44f7c41_360.png,test,RR,RR,1.1367048025131226,-0.09841011464595795,-0.7627208828926086,0.6942246617301213,0.2018814635468505,0.10389387472302822,False
img/d2d8ce1c-92ac-4492-b733-a8e4964ff2e2_270.png,test,RR,RR,2.1508753299713135,0.010120481252670288,-1.573753833770752,0.8758959580092405,0.1029756410673093,0.021128400923450058,False
img/d2d959b5-bafe-471e-8bc2-8a089561b096_180.png,test,RR,RR,0.8277651071548462,0.0007314831018447876,-0.6112944483757019,0.5971948419220976,0.26117999469268877,0.14162516338521355,False
img/d300d846-0c15-46e2-a058-bb92852254e6_311.png,test,NoR,RR,1.658957839012146,-0.07199590653181076,-1.159045934677124,0.8085117171495042,0.14319988132966438,0.04828840152083132,False
img/d31180df-427c-42ea-bf08-74fb845f385d_270.png,test,RR,RR,2.2473480701446533,-0.08586986362934113,-1.5739972591400146,0.8937497118227852,0.08667867043694266,0.019571617740272183,False
img/d381973f-6867-40de-95ac-5cbf6c285cd2_180.png,test,RR,RR,1.7895748615264893,0.47238022089004517,-1.6471807956695557,0.7691984346448353,0.20605731083482928,0.024744254520335428,False
img/d406564f-8090-420e-98e8-6f21daabd76f_0.png,test,NoR,NoR,-0.08489914983510971,-0.026853226125240326,0.06786690652370453,0.3100952065054081,0.32862763188515065,0.3612771616094413,True
img/d4298715-09c0-44ee-8b0e-334fe5fe3e78_90.png,test,RR,RR,1.4367824792861938,0.14530889689922333,-1.1557655334472656,0.7409083621894117,0.20365010862828892,0.0554415291822994,False
img/d43dd757-684c-47da-9f2f-f88134d2d911_90.png,test,RG,RG,1.0423712730407715,1.6184748411178589,-1.9365477561950684,0.3533643119714069,0.6286679010783337,0.017967786950259558,False
img/d5353818-67e8-490f-a7a0-d9de3df9ae7f_281.png,test,RR,RR,1.6404426097869873,-0.05101349204778671,-1.1608508825302124,0.8032241440154061,0.14799488412312675,0.048780971861467105,False
img/d61930ad-2546-4aa3-afb6-fa4ce15723e3_270.png,test,RR,RR,2.1829895973205566,-0.07406730204820633,-1.536049723625183,0.8858060388345386,0.09270673368560457,0.021487227479856905,False
img/d648fa8b-369f-4778-98ca-92f57e670df1_212.png,test,RR,RR,2.3096048831939697,-0.07847332209348679,-1.6243152618408203,0.8997881111513794,0.08260589931576647,0.01760598953285418,False
img/d707a8bc-3070-4df8-8aeb-9cc83abed61f_0.png,test,NoR,NoR,-0.14017151296138763,-0.042847394943237305,0.11935939639806747,0.2942440494669238,0.3243209595145045,0.38143499101857165,True
img/d745356c-3f66-4661-ad12-a5361ec70be9_123.png,test,RR,RR,1.2736432552337646,-0.12423127144575119,-0.8429514169692993,0.7312278836282587,0.180702245970409,0.08806987040133228,False
img/d752649c-7547-417f-bffd-e962bbba5a3e_446.png,test,RR,RR,1.2439217567443848,-0.04094834625720978,-0.8817293643951416,0.7163109554488195,0.198193586966932,0.08549545758424859,False
img/d76769f2-d370-462a-80d2-22003cc715e0_0.png,test,RG,NoR,-0.15387283265590668,-0.0024206936359405518,0.10001177340745926,0.28964135380019523,0.3370042648483058,0.373354381351499,False
img/d7cda668-b5fa-4ba3-a6c1-255a5f45ebcf_0.png,test,RR,RR,1.9741257429122925,-0.02750217169523239,-1.4188740253448486,0.8556348434817005,0.1156092286660873,0.028755927852212204,False
img/d9d1af05-c012-40b4-aa6e-d88443ce91ad_270.png,test,RG,RG,0.43315768241882324,2.3916726112365723,-2.0558366775512695,0.12237228059379246,0.867471629475633,0.010156089930574411,False
img/da616d2c-2762-4f61-a68b-f7dd4cb354bb_401.png,test,RR,RR,2.206308603286743,1.8016624450683594,-2.9097611904144287,0.597652750024166,0.39876159876613193,0.0035856512097021185,False
img/dae7a56f-39a1-4066-8222-ed8c99a0f46e_262.png,test,NoR,RG,0.03140720725059509,0.16289512813091278,-0.15340034663677216,0.336497716000613,0.3837837651626662,0.2797185188367208,True
img/db27d27b-bc4a-4fca-b20b-73da25810149_360.png,test,RR,RR,1.9532943964004517,0.6034300327301025,-1.8602325916290283,0.7804295578071768,0.20234620561712,0.01722423657570314,False
img/dbe1816f-1e56-4b32-a0f9-ef09ba46b2ec_270.png,test,RR,RR,2.2050652503967285,-0.09937700629234314,-1.5336860418319702,0.8899978344431568,0.08883464966533028,0.021167515891512837,False
img/dcf710ad-4e9e-4aaf-8228-8e80f811f502_180.png,test,RG,RG,0.0335395485162735,2.267237424850464,-1.677182912826538,0.09510174046018467,0.8877100301902546,0.017188229349560727,False
img/dd35a2ff-9b82-492e-be92-82313c711739_279.png,test,RR,RR,1.4844977855682373,-0.1271185278892517,-0.9931607246398926,0.7791169644729828,0.1554843165123048,0.06539871901471239,False
img/dd5391be-8537-46ad-a88c-62152d935170_92.png,test,RR,RR,2.0484421253204346,0.06458483636379242,-1.5391660928726196,0.8582202112802948,0.11803762553475713,0.02374216318494796,False
img/dd5bacc7-87bb-42ca-bd94-2b3dc6c52881_90.png,test,RG,RR,1.2535325288772583,0.4267679452896118,-1.22700834274292,0.6573929057727373,0.2875846599392473,0.05502243428801534,False
img/dd784c0d-4375-4c38-af8d-f14103513c5f_270.png,test,RR,RR,1.2809120416641235,-0.08660838752985,-0.8754172325134277,0.729667605989069,0.18587393349143103,0.08445846051950001,False
img/dd8e868d-1ee3-46ee-b97b-3fa0cf34bf82_90.png,test,RG,RG,0.39544010162353516,0.7338852882385254,-0.829380989074707,0.3708407726102687,0.5202024031958686,0.10895682419386263,False
img/de745b7b-fa6b-40c4-8fde-d9613fbc42b4_270.png,test,RR,RR,2.3126375675201416,-0.08538047224283218,-1.621509075164795,0.9005274522696677,0.08185608218488956,0.017616465545442852,False
img/dec541d7-169b-419f-ae04-273a3ccbab9d_0.png,test,NoR,RG,-0.04507020115852356,0.08983346819877625,-0.04531009495258331,0.31804727414135997,0.36398174013363954,0.31797098572500054,False
img/df8c24ae-e9fa-4311-9695-9979e39524e0_0.png,test,RR,RR,2.0805068016052246,0.40558338165283203,-1.8089978694915771,0.8279667291098464,0.1550968175680978,0.016936453322055758,False
img/e01aabcb-436d-4dd4-ad04-579c801bd3cf_270.png,test,RR,RR,2.3339195251464844,-0.06924888491630554,-1.6485501527786255,0.9016559156833464,0.0815376249073785,0.016806459409275238,False
img/e02466a3-c746-4f22-a376-7df087159700_149.png,test,RR,RR,2.026930332183838,0.052993252873420715,-1.5152431726455688,0.8562675917494862,0.11894317465627784,0.02478923359423604,False
img/e029b0a0-c8ac-4efb-a9e0-1155d359bb92_221.png,test,RR,RR,1.3520690202713013,-0.10150173306465149,-0.9160395860671997,0.7478078248667259,0.1747882555441874,0.07740391958908671,False
img/e0566f6e-6688-4884-b9ea-36ac6be7cd81_180.png,test,RR,RG,-0.12334877252578735,2.0312368869781494,-1.3931457996368408,0.10095702551605432,0.870685294022124,0.028357680461821713,False
img/e0571342-b0e6-4c9a-8575-225e8cb03613_270.png,test,RR,RR,2.126312494277954,-0.12829473614692688,-1.455885410308838,0.8828235065852905,0.09262120127586108,0.024555292138848477,False
img/e0cf92b5-91c8-4174-863f-537f536b1637_341.png,test,RR,RR,1.8793636560440063,0.07195715606212616,-1.4223755598068237,0.8327100498351854,0.13663033608443273,0.030659614080381897,False
img/e0e14413-c2f8-4838-ab52-89add40b228e_90.png,test,RR,RR,2.371892213821411,-0.08970345556735992,-1.6611809730529785,0.9066030882618468,0.0773320954326611,0.016064816305492252,False
img/e1044cd5-bb25-477a-8544-b68484733de8_164.png,test,RR,RR,2.068289041519165,-0.08470550924539566,-1.445507287979126,0.8726616540008182,0.10134731325158818,0.025991032747593647,False
img/e1c804db-a634-4853-b349-a4ff1ab1107e_88.png,test,RR,RR,1.9024049043655396,-0.008547767996788025,-1.3807822465896606,0.8435630093256417,0.1247961900078884,0.031640800666469994,False
img/e28186fe-3c4a-4ff7-9a02-c8eee002101f_90.png,test,NoR,NoR,-0.1568649560213089,-0.10113726556301117,0.17358270287513733,0.2899474626578554,0.3065642731682434,0.40348826417390127,True
img/e287067e-d1bb-4289-9895-0b63aac0534b_134.png,test,RG,RG,-0.13159526884555817,1.8707319498062134,-1.2710832357406616,0.11459669836256109,0.8487343267407539,0.03666897489668494,False
img/e2a36bea-fc61-4136-81d6-2771aff11da4_90.png,test,NoR,NoR,-0.1390857994556427,-0.07818920165300369,0.1441408097743988,0.29496828841121653,0.31348905633869095,0.39154265525009246,False
img/e2a41527-2f42-49f6-8d1c-b880142597fb_270.png,test,RG,RR,1.2448362112045288,0.6764370799064636,-1.4013333320617676,0.6107415311929606,0.3459432390120496,0.04331522979498984,False
img/e2dd73a3-e6e0-4387-b7bf-9cd32dc15647_180.png,test,RG,RG,0.44271403551101685,1.5994341373443604,-1.4896483421325684,0.23125165012217985,0.7352617908795486,0.033486558998271576,False
img/e36dd4d1-fe38-493d-baa8-93a35fee3e74_90.png,test,RG,RG,-0.021953150629997253,2.125584602355957,-1.5346320867538452,0.1022070036248202,0.8752748549946752,0.022518141380504682,False
img/e38a0cc3-c0ec-4b14-852a-dd1c1443699e_211.png,test,RR,RR,0.8180555701255798,0.33235490322113037,-0.8441716432571411,0.5540221697828773,0.3408709761767495,0.10510685404037308,False
img/e44adf54-e98e-4802-95f7-e089cd89ee75_365.png,test,NoR,RR,2.114250421524048,1.809291124343872,-2.8487870693206787,0.5733468141132997,0.4226445407903813,0.004008645096318994,False
img/e46aaa34-1947-42a7-bf23-d659b3cc4f5d_90.png,test,RG,RG,-0.08617579936981201,0.22783242166042328,-0.11544589698314667,0.2993962573060439,0.4098438331116348,0.2907599095823213,False
img/e47a0a08-88ff-4031-a6c2-00dce46f7003_304.png,test,RR,RR,1.7610983848571777,-0.13605865836143494,-1.186479091644287,0.8316277374905086,0.12473953789862137,0.043632724610870144,False
img/e489e1d6-4ed1-4ee3-8b2e-b0f6c5a0b9b6_270.png,test,RR,RR,1.3384714126586914,0.2164030820131302,-1.136184811592102,0.7093216956322632,0.23095914293793077,0.059719161429805934,False
img/e4bc51ea-4d05-41eb-8cb6-4f1abd06c6a6_90.png,test,NoR,NoR,-0.15647630393505096,-0.1387021690607071,0.2004757523536682,0.2901157231037168,0.29531837847668546,0.4145658984195976,True
img/e4cb99ec-c389-43fc-be67-9ed4d6d08540_270.png,test,RG,RR,0.37025022506713867,-0.07858328521251678,-0.22346176207065582,0.4564863899517228,0.29140829966908255,0.25210531037919465,False
img/e612e38e-3295-4a80-a83a-a101e66b0568_178.png,test,RR,RR,1.6947448253631592,-0.055064961314201355,-1.1971420049667358,0.8134853422042656,0.14138944745290496,0.0451252103428293,False
img/e6e6a413-33a4-4527-981e-d887d7fd4dd8_0.png,test,RR,RR,1.438254475593567,0.47237658500671387,-1.3934234380722046,0.6946553480004112,0.26441978363529434,0.04092486836429438,False
img/e7ffa6e0-a2bb-49bc-aa16-fb36faa6ce16_0.png,test,RR,RR,1.6820040941238403,0.2239886075258255,-1.3898017406463623,0.7818394275800457,0.18193216490328074,0.03622840751667356,False
img/e8048e25-f24b-4370-bcdd-1f36a9134c42_0.png,test,RG,RG,0.9206027388572693,1.8609386682510376,-2.023989677429199,0.27674268022694815,0.7086941502528094,0.014563169520242537,False
img/e892528c-f7d3-4771-9b84-e66e3fb33731_144.png,test,RR,RR,1.765899419784546,-0.12588834762573242,-1.1973038911819458,0.8316318426488111,0.12541171923590788,0.042956438115280986,False
img/e9a3a713-5651-4b75-a502-3cb11501de02_90.png,test,RG,RG,-0.04007391631603241,2.2780418395996094,-1.6318285465240479,0.08802749473758424,0.8940529144049638,0.017919590857451997,False
img/e9bbaf3b-522a-4c10-beef-a8cee73d53c8_360.png,test,NoR,RR,0.5706350207328796,-0.034603409469127655,-0.40001165866851807,0.5195392979479508,0.2836394879603668,0.19682121409168235,False
img/e9e10851-b8ec-44a2-b682-3ea70bb812a3_270.png,test,RR,RR,1.982608675956726,-0.03660719841718674,-1.4184149503707886,0.8575603787136479,0.11384930804134405,0.028590313245008082,False
img/ea74bbe8-8bc5-42e6-a41e-ef71bb850ebe_65.png,test,RR,RG,0.40164750814437866,1.8850423097610474,-1.6665902137756348,0.18069156809960965,0.7964675085204677,0.022840923379922756,False
img/ec0c28c6-3d7a-4320-8343-e1c46189d9b5_180.png,test,RG,RR,1.4817007780075073,0.49220770597457886,-1.4391497373580933,0.7014329885022271,0.26076830608871193,0.03779870540906092,False
img/ec3ad3d9-61d9-4e59-99d8-57103fc373cf_180.png,test,RG,RR,1.0283384323120117,-0.06704334169626236,-0.7071391940116882,0.6619325779020352,0.22135813951995514,0.11670928257800958,False
img/ec5dbee7-b0ca-4f01-939a-49badf95e93c_90.png,test,RR,RR,1.7039085626602173,0.1799611896276474,-1.3737744092941284,0.7911917444254104,0.17236132032211482,0.036446935252474943,False
img/eca47f3d-489e-4f12-b1e8-17e625d70d21_320.png,test,RR,RR,1.9299944639205933,-0.1076839491724968,-1.3289965391159058,0.855609053833272,0.11151232756524229,0.03287861860148565,False
img/ed65c760-856a-4094-b25c-70e35ac973a0_90.png,test,RG,RG,1.4047424793243408,2.0770184993743896,-2.5299861431121826,0.33576863257532297,0.6576667534415208,0.006564613983156318,False
img/eeddf393-7915-4282-8f7a-e5d77daa4063_187.png,test,RR,RR,2.1826608180999756,0.3339252471923828,-1.830946445465088,0.8506987833942661,0.13393070494925108,0.01537051165648274,False
img/ef9928fc-3a09-4f0b-b8c7-ca86262dbceb_0.png,test,RG,RR,1.325230360031128,0.7462097406387329,-1.5098732709884644,0.6176044072953794,0.34613453032531694,0.0362610623793037,False
img/f0018e67-7191-40bf-962a-38a8ab1e1cd8_90.png,test,RG,RG,0.9559257626533508,2.1278631687164307,-2.242591381072998,0.2342434014664868,0.7561941519965703,0.009562446536943004,False
img/f0671ff8-3aee-40ea-aa35-7132f84bb3f0_0.png,test,RG,RR,1.535804271697998,0.3761026859283447,-1.3942397832870483,0.7315425793738304,0.22939693445754894,0.03906048616862056,False
img/f1028522-91c5-4ec3-86f2-0afa24f08c22_180.png,test,RG,RG,-0.12764838337898254,2.2682888507843018,-1.5615192651748657,0.08185404637964219,0.8986332278304769,0.019512725789880732,False
img/f10ee1b1-9056-4413-93e7-8fb74beb9b95_262.png,test,RR,RR,2.1276233196258545,-0.12670062482357025,-1.4579851627349854,0.8828741509637001,0.09265275812738472,0.02447309090891501,False
img/f141a6bb-667b-41eb-85fd-5aa24bbcedf2_176.png,test,RR,RR,2.2799482345581055,-0.1357918530702591,-1.5614314079284668,0.9002802817117245,0.08039613085538178,0.019323587432893797,False
img/f26284c5-59ba-4eaf-a0ee-41a07d6db626_270.png,test,RR,RR,2.4078874588012695,-0.12904106080532074,-1.6587238311767578,0.9122053724710957,0.07216366282452602,0.01563096470437825,False
img/f282eec4-b24d-43eb-8b9a-ac07936a3fc7_270.png,test,RR,RR,2.19344425201416,0.022164687514305115,-1.6132134199142456,0.8800849555144905,0.10035750680473407,0.019557537680775356,False
img/f2dd0eaa-c5d8-48e2-a965-8eae4095f3bd_180.png,test,RR,RR,0.36144906282424927,-0.11919841915369034,-0.1877245455980301,0.45541287856598667,0.28161952306061255,0.2629675983734007,False
img/f363c8e4-c9a7-4a5c-a3df-bade3be5b6dc_180.png,test,RR,NoR,0.016319245100021362,-0.08766914904117584,0.03875112533569336,0.3420064898129362,0.3082284777370788,0.34976503244998497,False
img/f4ac120c-8a4f-45f1-9c50-a726ef392db0_0.png,test,NoR,NoR,-0.16537931561470032,-0.13845111429691315,0.20672468841075897,0.28751512416163144,0.2953625739662986,0.4171223018720699,True
img/f4ac120c-8a4f-45f1-9c50-a726ef392db0_270.png,test,RR,RR,2.345304250717163,-0.13597464561462402,-1.608505129814148,0.9067681910765564,0.07583864137851304,0.01739316754493062,False
img/f65595df-d81c-4db0-b443-551924aeed05_270.png,test,RR,RG,0.17637835443019867,0.9885222911834717,-0.855354905128479,0.2770757570949056,0.6241775710426911,0.09874667186240328,False
img/f68f91f6-ccba-4377-b726-60e935c11c01_167.png,test,RR,RR,1.9397047758102417,-0.1332055926322937,-1.317548394203186,0.8588755345925835,0.10806291970459829,0.03306154570281819,False
img/f6b58fa3-eb3d-47ec-b583-a7a26173ee31_180.png,test,RG,RG,-0.06670895218849182,1.217885136604309,-0.8456923961639404,0.1971580353593836,0.7123716146049428,0.09047035003567364,False
img/f6e8ce1d-3062-431d-b910-b7786659b3f0_0.png,test,RG,RG,0.6426079869270325,2.0985705852508545,-1.9950954914093018,0.18656246432203033,0.8000935918775021,0.013343943800467621,False
img/f7b48c37-57f2-46a4-a85e-de99b2389264_270.png,test,RG,RG,-0.13490620255470276,0.3441712260246277,-0.16440580785274506,0.27889993114367256,0.4503074070545601,0.2707926618017673,False
img/f811e5bd-f598-494c-a0bc-34182cdc7c76_196.png,test,RR,RR,2.0251266956329346,-0.11402592062950134,-1.3931217193603516,0.8691689006817325,0.10234862239149055,0.028482476926776794,False
img/f850c22c-8fa9-424b-aae0-c6c6636d73c0_180.png,test,RG,RG,-0.1339890956878662,2.1589534282684326,-1.4778481721878052,0.08956661078719547,0.8870710912091384,0.02336229800366615,False
img/f850c22c-8fa9-424b-aae0-c6c6636d73c0_90.png,test,RG,RG,-0.08743783086538315,2.0856053829193115,-1.458413004875183,0.09961312999311925,0.8750991523655709,0.025287717641310044,False
img/f8d26563-c3cc-4319-ae5e-63c91d7ec6ad_360.png,test,RR,NoR,-0.14744886755943298,-0.06966590136289597,0.14401575922966003,0.29245971584472236,0.3161162101988518,0.3914240739564258,False
img/f9124f32-3106-4335-83b1-e31c5233dc21_270.png,test,NoR,NoR,-0.14939996600151062,-0.09922626614570618,0.16680844128131866,0.2921098334670774,0.30713997042653707,0.40075019610638557,True
img/f96233f1-6f49-419a-ae2d-77dbf14e2e32_360.png,test,RR,RR,1.5755500793457031,1.0507537126541138,-1.910977840423584,0.6164153397030588,0.36471806206367025,0.018866598233271043,False
img/faddf54c-bbce-4f96-a06a-ecb7677daa8f_270.png,test,RR,RR,2.3315656185150146,0.20304159820079803,-1.8438198566436768,0.8815371893467923,0.10491423106356781,0.013548579589639977,False
img/fb00d1c6-a84e-4ab3-8d5e-06f3bad3b81d_90.png,test,RG,RG,-0.11047263443470001,2.3510725498199463,-1.6338093280792236,0.07727440835296351,0.9058810589022875,0.01684453274474902,False
img/fb71feb7-298f-4a9a-bc76-c782ea9d1446_270.png,test,RR,RR,1.116865873336792,0.4566681981086731,-1.149924874305725,0.6171340695455997,0.31890352184744,0.06396240860696029,False
img/fcd49435-1f29-480a-ae1e-9fad28f5661e_90.png,test,RG,RG,-0.07102254778146744,0.960986852645874,-0.6567413210868835,0.22917879012565384,0.6432361002286726,0.1275851096456734,False
img/fcf349d5-27cb-4dd2-a88b-02d8f4937946_166.png,test,RR,RR,2.2042236328125,-0.13557574152946472,-1.5068926811218262,0.8922220879473962,0.085962891140738,0.021815020911865834,False
img/fd00af13-82e2-4db6-842a-04ee620a66cb_4.png,test,RG,RG,0.36527055501937866,1.618805170059204,-1.4477245807647705,0.21432246252228873,0.7507076763697706,0.03496986110794061,False
img/fefad2ef-2fa1-45e7-b320-404f25a19b86_180.png,test,RG,RG,1.1269385814666748,2.0693390369415283,-2.3237767219543457,0.27794324218236344,0.7132395819298818,0.008817175887754772,False
img/ff1005c1-f636-4953-a55a-11cd259088da_270.png,test,RR,RR,1.1593811511993408,1.1231672763824463,-1.6627663373947144,0.4940926089422693,0.4765197128322204,0.029387678225510395,False
img/ffb10851-af16-405a-b114-8ab8cae1af01_360.png,test,RG,RR,1.9476841688156128,1.8320194482803345,-2.7449190616607666,0.5263333430769617,0.46884396861122246,0.004822688311815914,False
img/ffb7b0d7-fd54-4336-83ee-b2f18a70c7e7_270.png,test,RG,RR,1.7830839157104492,-0.09681831300258636,-1.23074471950531,0.83214866906169,0.12699006879308755,0.040861262145222364,False
img/ffc82ae0-fa2a-4334-a93f-165264b8dd7d_163.png,test,RR,RR,2.1872904300689697,-0.03531145304441452,-1.567191243171692,0.8835955852323099,0.0957171599376549,0.020687254830035195,False
img/ffe3a6d0-0c88-4ab1-bf6e-1af21fe48395_360.png,test,NoR,RR,0.44328975677490234,-0.03781380504369736,-0.30570924282073975,0.478253678199165,0.2956090302310776,0.2261372915697575,False
img/003ae02b-f5ac-435e-923a-fce1ac5be5e4_180.png,train,RR,RG,0.047046467661857605,0.8704288005828857,-0.676513135433197,0.26573022504685173,0.6053845860594106,0.12888518889373782,False
img/00876e93-1c2f-4dce-8121-fe6c75a0d1a5_180.png,train,RG,RG,0.3546140789985657,0.7558123469352722,-0.8157544136047363,0.356650428724136,0.5326978504658355,0.11065172081002851,False
img/00876e93-1c2f-4dce-8121-fe6c75a0d1a5_90.png,train,RG,NoR,-0.022234931588172913,-0.1264820545911789,0.09467491507530212,0.33057624998996726,0.2978500645196372,0.37157368549039554,False
img/008a500d-ee82-4da6-8e91-e268f4366cc2_90.png,train,NoR,RG,1.279746651649475,2.20456862449646,-2.531970739364624,0.28220450714543305,0.711555901952069,0.006239590902497895,False
img/00924c87-7aa0-48ff-8460-c2b2a663c272_0.png,train,RG,RG,0.05783328413963318,1.5445690155029297,-1.1719650030136108,0.17497853176201647,0.7738662245212492,0.05115524371673437,False
img/0093d18c-133c-4079-b924-a5cef0fa3e76_282.png,train,RR,RR,1.2994053363800049,0.27364760637283325,-1.1493773460388184,0.6920782123607137,0.24812713175648607,0.05979465588280029,False
img/00a4aeee-c14e-4f39-a827-3638f625cda8_180.png,train,RG,RG,1.4447290897369385,2.213261842727661,-2.657424211502075,0.3151455787179865,0.679642850075296,0.005211571206717504,False
img/00a4aeee-c14e-4f39-a827-3638f625cda8_90.png,train,RG,RG,0.6461904048919678,1.9841164350509644,-1.9148890972137451,0.20456790027934776,0.7796350933957527,0.015797006324899606,False
img/00accdf7-80b0-4d6d-8084-d700ff5e5f12_180.png,train,RR,RR,1.7769775390625,0.2490888088941574,-1.4765570163726807,0.7964125021337015,0.17281618932554157,0.030771308540756978,False
img/00ca7066-e6ba-4775-a060-6d2fab0502ca_90.png,train,NoR,RG,-0.05786691606044769,0.2617727518081665,-0.16044487059116364,0.3049580609630921,0.41981491265056914,0.2752270263863387,True
img/010d2049-e4ab-4d51-b48d-d49035878646_0.png,train,RG,RG,0.3671882152557373,2.2405829429626465,-1.8988921642303467,0.13133566970037794,0.8550424679115972,0.013621862388024954,False
img/011f0b23-4261-4a10-a5a9-af9680ac9b0b_180.png,train,NoR,RG,0.8875779509544373,1.8980416059494019,-2.026975631713867,0.2630815626003787,0.7226519888476896,0.01426644855193182,False
img/01388ca5-d3c2-462a-9ddf-3d05adf7d5fd_90.png,train,RG,RG,-0.07902631908655167,0.3988059163093567,-0.24428893625736237,0.28899679474038753,0.4660289853825992,0.2449742198770132,False
img/015d2c61-2862-424d-864e-f5a081833348_0.png,train,RG,RG,-0.023858293890953064,2.079073190689087,-1.499610424041748,0.10617119253055321,0.8695573593482666,0.02427144812118007,False
img/015d2c61-2862-424d-864e-f5a081833348_270.png,train,RG,RG,-0.13218626379966736,2.1224710941314697,-1.4527597427368164,0.09260109108678898,0.8826760705766044,0.02472283833660681,False
img/01b58cff-c1a0-4b1e-874a-c32421154bcd_270.png,train,RR,RR,2.3772032260894775,2.0786831378936768,-3.2335879802703857,0.5728776074592972,0.4250267066624291,0.0020956858782737427,False
img/01d6f9eb-e5ca-48d8-94ff-a31dcfdce52f_270.png,train,RG,RG,-0.10845557600259781,2.418170690536499,-1.683803677558899,0.0728960691645716,0.912019145908757,0.015084784926671407,False
img/021e59ef-99b9-43c5-940b-1e1056ce5f62_265.png,train,RR,RR,2.4010348320007324,-0.0878223180770874,-1.6835911273956299,0.9092279484072161,0.07547026072594477,0.015301790866839166,False
img/022abc64-8682-4b43-af3e-09e7443873f3_0.png,train,RG,RG,-0.08899806439876556,2.004516363143921,-1.398627758026123,0.10657232609761871,0.86466167260413,0.028766001298251336,False
img/023285ed-a9f2-4627-9731-d2ecf3387674_250.png,train,RR,RR,2.266528367996216,-0.12805745005607605,-1.5573331117630005,0.898429217525833,0.08194613216496745,0.019624650309199555,False
img/023e861d-353a-4257-b822-52570d0729a5_180.png,train,NoR,RR,0.25856679677963257,0.10268761217594147,-0.2739221453666687,0.40936557216821623,0.35027879400502937,0.24035563382675446,True
img/02760f2e-46e8-42d2-8242-d7294991cc7c_90.png,train,RG,RG,0.015945717692375183,1.1910433769226074,-0.8859761953353882,0.21532010225474454,0.697305364762723,0.08737453298253246,False
img/02858923-a8d5-4b9c-8022-3e9129d1498b_194.png,train,RR,RR,2.3216896057128906,-0.08380216360092163,-1.629189133644104,0.9013402790616305,0.08131992652339572,0.01733979441497368,False
img/02b2696b-f520-4552-9c0f-827aacb0c998_0.png,train,RG,RG,-0.06326475739479065,2.406170606613159,-1.707763910293579,0.07687055296743496,0.908285031680082,0.014844415352482885,False
img/02b5fcfa-657d-4789-9b35-b9cba2dacc0f_231.png,train,RR,RR,2.281939744949341,0.1720321923494339,-1.7855441570281982,0.8784493298389012,0.10651125659805209,0.015039413563046892,False
img/02c9580f-5f0b-4347-88ca-230442a59243_270.png,train,RR,NoR,-0.1429121345281601,-0.10625943541526794,0.16721001267433167,0.2940377073236534,0.3050149264012269,0.4009473662751197,False
img/02cbed37-08d2-4b00-98e8-41af458e5a89_0.png,train,RG,NoR,-0.08818276971578598,-0.1081627830862999,0.12905646860599518,0.3102834496099271,0.30414550443945376,0.3855710459506191,False
img/02e4353d-3c41-4d3f-be98-151648ae2ef8_128.png,train,RR,RG,0.7202215790748596,1.4651001691818237,-1.592914342880249,0.31199922454724655,0.6571283075472953,0.030872467905458185,False
img/02f0b1ed-ed85-4bf1-8654-4ba34c404f95_90.png,train,RG,RG,1.9673899412155151,2.036384344100952,-2.9069864749908447,0.4809842702715766,0.5153410787686324,0.0036746509597909757,False
img/03121036-e046-44e7-8e95-a20072585d36_270.png,train,RR,RR,2.416024684906006,-0.12731271982192993,-1.6658514738082886,0.912842356139463,0.07175272228503765,0.015404921575499315,False
img/03133bb3-60ad-4ec4-8674-9a0ca574e8c4_256.png,train,RR,RR,2.371422052383423,-0.11017211526632309,-1.6460347175598145,0.9077635007387889,0.0758979530715831,0.01633854618962799,False
img/03187d85-f8cf-46dd-9478-8d27904e114e_270.png,train,RR,RR,1.8305476903915405,-0.08769726753234863,-1.271625280380249,0.8390557582748206,0.1232274955482625,0.037716746176916956,False
img/031dedc5-3bfb-4167-91a0-d1181b396434_180.png,train,RG,RG,0.4859381318092346,2.3319432735443115,-2.0507521629333496,0.13488738925163482,0.854439260732556,0.01067335001580916,False
img/03348e06-5cf2-4e62-9630-9f6cbfb285f4_180.png,train,RR,RR,2.191417694091797,1.420576572418213,-2.623335123062134,0.6799330636821522,0.3145532052411567,0.005513731076691126,False
img/033c2ead-b188-4973-acc2-958b3c55296d_418.png,train,RR,RR,1.657914400100708,0.13334010541439056,-1.306828498840332,0.7878436070345356,0.17152436169952714,0.04063203126593722,False
img/03483703-4363-0556-5131-000000000770_180.png,train,RR,RR,2.249325752258301,0.6746246814727783,-2.1255533695220947,0.819901228686251,0.16977649035876524,0.010322280954983838,False
img/03483705-9853-1011-2108-000000000770_180.png,train,RR,RR,1.7627840042114258,0.4084082841873169,-1.5815539360046387,0.7731608389620297,0.1995592885756403,0.027279872462330094,False
img/03487019-5642-3167-5208-000000000770_270.png,train,RR,RR,2.057072162628174,1.639695644378662,-2.6848056316375732,0.5997019173998589,0.39506733123004306,0.0052307513700980916,False
img/03487529-3316-4047-6122-000000000770_0.png,train,NoR,RR,2.3481478691101074,-0.13973189890384674,-1.6078410148620605,0.9072552236037458,0.07538015436686256,0.01736462202939165,True
img/03487529-3316-4047-6122-000000000770_180.png,train,RR,RR,1.912833333015442,-0.11750767379999161,-1.309494972229004,0.8538594882866972,0.11210384618735762,0.03403666552594521,False
img/03488884-8909-8024-3108-000000000770_0.png,train,RR,RR,0.3300328850746155,-0.07479909807443619,-0.19715066254138947,0.4429965411836257,0.2955180681042367,0.26148539071213767,False
img/03495725-1181-1242-1117-000000000770_0.png,train,RR,RR,2.253713846206665,-0.02709374576807022,-1.6211128234863281,0.8905040085170064,0.09101096667498296,0.018485024808010533,False
img/03495725-1184-7264-3117-000000000770_388.png,train,NoR,RR,1.8350099325180054,-0.13178114593029022,-1.2429587841033936,0.8432003308678185,0.1179680106745533,0.03883165845762818,False
img/03495725-6395-2556-9131-000000000770_180.png,train,RG,RR,2.0107946395874023,1.8157329559326172,-2.778722047805786,0.5461197053422794,0.44933850330699265,0.0045417913507279075,False
img/03495738-4434-3431-3231-000000000770_360.png,train,RR,RR,1.913784146308899,0.056916743516922,-1.436357021331787,0.8394610800060018,0.13109112757800462,0.029447792415993518,False
img/03496208-4552-6013-3108-000000000770_5.png,train,RR,RR,1.7652554512023926,-0.02634776383638382,-1.268844485282898,0.8231735445738956,0.137217029823051,0.03960942560305349,False
img/03496208-4650-2427-8108-000000000770_90.png,train,RR,RR,1.6689610481262207,1.0322154760360718,-1.9650373458862305,0.6429124950095811,0.3401079455910982,0.016979559399320557,False
img/03496208-4769-6923-5108-000000000770_270.png,train,RG,RG,0.21633030474185944,2.268049955368042,-1.8097984790802002,0.11219421399218776,0.8730135471867527,0.014792238821059513,False
img/03496208-4803-1001-7108-000000000770_270.png,train,RR,RR,2.0091779232025146,-0.11393405497074127,-1.3816686868667603,0.8670478952292769,0.10374980084684235,0.029202303923880672,False
img/03497799-0375-1834-6114-000000000770_312.png,train,RR,RR,2.099165201187134,0.32209575176239014,-1.762081265449524,0.8402126937493859,0.14210775632845943,0.017679549922154755,False
img/03502254-9524-9420-1108-000000000770_360.png,train,RR,RR,1.4499231576919556,-0.10412910580635071,-0.9848181009292603,0.7698169880971011,0.16273132782218358,0.06745168408071518,False
img/03502254-9626-4886-1108-000000000770_270.png,train,RG,RG,0.42652904987335205,1.800034999847412,-1.6230692863464355,0.19692952701695512,0.7777085844024756,0.02536188858056926,False
img/03505692-2007-1521-3108-000000000770_180.png,train,NoR,RG,-0.11559385806322098,0.10712401568889618,-0.006879329681396484,0.29723758697817365,0.37138885816612155,0.3313735548557048,False
img/03507110-1994-1527-3132-000000000770_90.png,train,RG,RG,-0.06995407491922379,1.1081995964050293,-0.7640039920806885,0.2106185473184443,0.6841672026610336,0.10521425002052204,False
img/03514443-8197-9558-4131-000000000770_360.png,train,RR,RR,1.921667456626892,0.025744035840034485,-1.4195013046264648,0.8434724651764176,0.12667235071726837,0.029855184106314003,False
img/03523703-1473-1657-6108-000000000770_90.png,train,RR,RR,1.5798523426055908,0.6502724289894104,-1.6243846416473389,0.6967139163106686,0.27500656299832016,0.028279520691011233,False
img/03529234-8100-9756-6108-000000000770_360.png,train,RR,RR,1.9431041479110718,-0.06440402567386627,-1.3697733879089355,0.854164836548104,0.11473395559173157,0.03110120786016435,False
img/03529313-9d28-4ad2-8269-8f48117e4ca3_0.png,train,RG,RG,0.22583912312984467,2.0594046115875244,-1.665736198425293,0.1350076588804717,0.8446285946155001,0.020363746504028345,False
img/03582469-0734-8391-6122-000000000770_180.png,train,RR,RR,2.2893357276916504,-0.11176843196153641,-1.58558988571167,0.8997873344383749,0.08153678602476565,0.018675879536859494,False
img/03582be7-e57e-4a20-b619-01b2086dfd87_90.png,train,RR,RR,1.8282259702682495,-0.02059299498796463,-1.3184902667999268,0.8330445078062299,0.131140347703425,0.03581514449034519,False
img/03586278-6606-5662-3231-000000000770_0.png,train,RR,RG,0.4875503182411194,1.8341866731643677,-1.691848874092102,0.20171124621058872,0.7754733021891519,0.022815451600259495,False
img/035ecee4-02de-493b-8955-d02a612cedc8_360.png,train,NoR,RR,0.6535552740097046,0.6001392602920532,-0.9190652370452881,0.46393243854025235,0.43980125043761487,0.09626631102213269,False
img/03609043-3009-5876-2106-000000000770_180.png,train,RR,RR,1.8252370357513428,-0.12416455149650574,-1.2414096593856812,0.841087942598405,0.11973663665163234,0.03917542074996275,False
img/03614185-0644-4930-2103-000000000770_90.png,train,RR,RG,0.731852114200592,1.333912968635559,-1.5064163208007812,0.34100354913285474,0.6226308080506062,0.03636564281653911,False
img/03614185-0722-2810-2103-000000000770_270.png,train,RR,RR,1.174365758895874,-0.12240774929523468,-0.7725635766983032,0.7061527743929419,0.19307101994686893,0.10077620566018917,False
img/03614185-0748-1070-2103-000000000770_270.png,train,RR,RR,1.436456561088562,-0.1192501038312912,-0.9641529321670532,0.7682244699959321,0.16212624212976912,0.06964928787429879,False
img/03627118-9336-2151-1103-000000000770_180.png,train,RR,RR,1.7832950353622437,-0.06741557270288467,-1.252166509628296,0.8297529828307223,0.13037532907503765,0.03987168809423998,False
img/03668308-0310-7672-4103-000000000770_360.png,train,RR,RR,2.3367207050323486,-0.11884433776140213,-1.614696979522705,0.904942883902688,0.07765739555258717,0.017399720544724766,False
img/03681686-1252-7684-5103-000000000770_180.png,train,NoR,NoR,-0.12632882595062256,-0.08505167067050934,0.13989078998565674,0.2987605145242152,0.3113505516031481,0.3898889338726367,False
img/036e926d-3936-482f-8c45-0b541247f954_0.png,train,RG,RG,-0.1534322053194046,2.2570486068725586,-1.5347648859024048,0.08070660714183849,0.8990163822038036,0.020277010654357986,False
img/03704598-8934-1519-4103-000000000770_180.png,train,RR,RR,2.1635019779205322,-0.11994146555662155,-1.4887895584106445,0.8866315329695834,0.09037665965234774,0.022991807378068867,False
img/03704598-8973-4826-2103-000000000770_90.png,train,RR,RG,-0.10976999998092651,1.1896742582321167,-0.7941827774047852,0.19336209647704908,0.7091087053840085,0.09752919813894242,False
img/03730959-1014-4219-6103-000000000770_180.png,train,RR,RR,2.1298301219940186,0.03203362226486206,-1.5744047164916992,0.8715769638709983,0.10696564127215938,0.02145739485684231,False
img/03737862-5568-2875-2103-000000000770_270.png,train,RR,RR,2.108820915222168,-0.07568173110485077,-1.4813106060028076,0.8770942018931898,0.09870264594820617,0.024203152158603983,False
img/03737862-5581-0622-9103-000000000770_270.png,train,RR,RR,2.340721368789673,2.17354679107666,-3.275860071182251,0.5406314396793582,0.45740225492312986,0.0019663053975117967,False
img/03742161-0560-4108-6103-000000000770_270.png,train,RR,RR,1.0926098823547363,-0.023052595555782318,-0.785383939743042,0.6754043045506122,0.2213287169319992,0.10326697851738852,False
img/03742161-0679-2082-5103-000000000770_360.png,train,RR,RR,2.352611780166626,-0.1167646124958992,-1.6276793479919434,0.9063571518444431,0.07671191509394726,0.016930933061609508,False
img/03744882-8420-3274-7106-000000000770_90.png,train,RR,RR,0.8578991293907166,0.5219193696975708,-1.010077714920044,0.5350244775745288,0.3823485926264455,0.08262692979902564,False
img/03748466-7749-2813-9113-000000000770_180.png,train,NoR,NoR,-0.15671032667160034,-0.10885202884674072,0.1790517270565033,0.2900208388750827,0.3042382393054316,0.40574092181948573,True
img/03768273-2783-0402-7108-000000000770_270.png,train,RG,RG,0.5590542554855347,1.7681061029434204,-1.695693850517273,0.22445648660380008,0.7519980360139739,0.02354547738222608,False
img/03768284-7539-2654-3103-000000000770_270.png,train,RR,RR,2.280677318572998,-0.10143889486789703,-1.5868083238601685,0.8982580729962331,0.08295855950025369,0.018783367503513275,False
img/03788286-5263-7569-2113-000000000770_90.png,train,RR,RR,2.134979486465454,0.5891469120979309,-1.9811294078826904,0.8133769973178915,0.17335857530033644,0.01326442738177212,False
img/03794183-2952-5572-0103-000000000770_90.png,train,RR,RG,0.0826723724603653,0.6099123358726501,-0.5137925744056702,0.3081659534552321,0.5221100613727458,0.16972398517202203,False
img/03794183-2976-5084-8103-000000000770_270.png,train,RR,RR,2.287961721420288,0.7147318720817566,-2.1824727058410645,0.8204679476275428,0.17014397595309708,0.009388076419360165,False
img/03809496-9883-2775-9232-000000000770_270.png,train,RR,RR,2.207078218460083,0.2864745259284973,-1.8142578601837158,0.8587763889353722,0.12582661401089967,0.01539699705372802,False
img/03809496-9883-2775-9232-000000000770_90.png,train,RR,RR,1.7179208993911743,1.2739744186401367,-2.1752843856811523,0.6017282826677883,0.38600854439976845,0.012263172932443247,False
img/03821647-7826-8061-0103-000000000770_270.png,train,RR,RR,2.390104055404663,-0.11958629637956619,-1.6527185440063477,0.9100495391119212,0.07398102821263869,0.015969432675440164,False
img/03821647-7826-8061-0103-000000000770_360.png,train,RR,RR,2.356529474258423,-0.12324053049087524,-1.6258244514465332,0.9071083044747267,0.0759816487870654,0.016910046738207708,False
img/03ba373a-cdd6-43af-8493-5784972bc81e_153.png,train,RR,RR,1.8284337520599365,-0.04176875948905945,-1.303322196006775,0.8349102341478843,0.12865336614306452,0.03643639970905116,False
img/03cb94c8-8810-4459-9de1-eb4c90b7e62a_0.png,train,RG,RG,0.29278457164764404,0.48008108139038086,-0.5716366767883301,0.3806217655366539,0.4590240707477412,0.16035416371560493,False
img/03fbc8ea-ef88-4cc5-a662-709321c9f039_270.png,train,RR,RR,2.2342538833618164,-0.12262362241744995,-1.5379525423049927,0.8946810402101245,0.0847401715245569,0.020578788265318605,False
img/041c44e8-52e6-40c0-9c7e-8f04577e671f_0.png,train,RG,RG,-0.1490001678466797,0.17377139627933502,-0.030961811542510986,0.28520603806010425,0.39385523729909194,0.3209387246408038,False
img/042a8986-b196-4571-ac1f-5553a955bd7e_180.png,train,RG,RR,1.271814227104187,0.6032508015632629,-1.36787748336792,0.631381895174671,0.32354799871057727,0.0450701061147516,False
img/043a1346-5ee7-46d6-96fd-8f3eac2bc6c6_270.png,train,RR,RR,2.321621894836426,0.23361830413341522,-1.8587563037872314,0.8777881571663582,0.10878807188109887,0.013423770952542833,False
img/04426da2-648a-49e6-8954-7c04df002ef9_270.png,train,NoR,NoR,-0.036372244358062744,-0.01118631660938263,0.021483317017555237,0.32414199367136237,0.3324094857103027,0.34344852061833503,False
img/04457264-64f1-431e-9123-72cfd6ca5191_180.png,train,RR,RG,0.20713068544864655,1.10147225856781,-0.9592728614807129,0.2661549324094797,0.6509417529485954,0.08290331464192499,False
img/044a60a7-4936-4299-9be7-4b9023733b31_360.png,train,RR,RR,2.143062114715576,1.046055793762207,-2.3174867630004883,0.7432595069839419,0.24815137225047884,0.008589120765579297,False
img/045773a9-41b8-4ce1-b2f7-5989bbe46517_0.png,train,NoR,RG,-0.1244010329246521,0.7396001815795898,-0.4580395817756653,0.2445616940788216,0.5802556713657604,0.175182634555418,True
img/045a85cb-798a-4fef-ab83-d00703906ea2_65.png,train,RG,RG,1.3007192611694336,1.6223410367965698,-2.125946283340454,0.41461809353020534,0.5719088443227798,0.013473062147014814,False
img/046b9420-476e-4e7e-b479-86a484d873a3_124.png,train,RR,RR,2.1779561042785645,1.799781084060669,-2.8879215717315674,0.591219577971536,0.40505078913539166,0.003729632893072287,False
img/04a281ad-5f57-46f8-be84-e1a7284dcfbc_0.png,train,RG,RG,-0.06938695162534714,2.0081512928009033,-1.4154222011566162,0.10816589527855326,0.8636817537645222,0.028152350956924706,False
img/04a698b1-72dc-49ae-89a0-3ab374a00d86_0.png,train,RG,RG,1.454473853111267,2.0785839557647705,-2.5670392513275146,0.3466793355504769,0.6471061528158781,0.006214511633644973,False
img/0513b267-656e-4a42-b5a0-ddccd611675f_0.png,train,RG,RG,0.7457608580589294,1.6966056823730469,-1.7788279056549072,0.2726291538552314,0.7055356384870234,0.021835207657745256,False
img/0527f5ac-d154-4e06-b80d-c52ce06bbdfa_0.png,train,RR,RR,2.2287275791168213,0.8312339782714844,-2.223963975906372,0.7943676251286915,0.19638023554770442,0.00925213932360402,False
img/0527f5ac-d154-4e06-b80d-c52ce06bbdfa_180.png,train,NoR,RR,1.8037968873977661,1.1423850059509277,-2.142122268676758,0.6512725146441467,0.33613614873340536,0.01259133662244792,False
img/0527f5ac-d154-4e06-b80d-c52ce06bbdfa_90.png,train,RR,RR,2.000800132751465,1.4591920375823975,-2.513587713241577,0.627840114353653,0.3652848440557064,0.00687504159064083,False
img/05385356-2aee-4a5d-9369-335b966e712b_180.png,train,NoR,NoR,-0.14959841966629028,-0.1083914190530777,0.17358168959617615,0.292091737948749,0.30437939239445255,0.40352886965679846,False
img/0554d3a7-f072-4882-aada-c63b06e6fec5_270.png,train,RR,RR,0.5086033344268799,-0.12819549441337585,-0.28750407695770264,0.5050340512801343,0.26715446893209754,0.22781147978776814,False
img/0592a5de-860e-4d8c-ad59-452498c43807_115.png,train,NoR,RR,0.7435659170150757,-0.11119933426380157,-0.46950966119766235,0.5804960535421636,0.24693317450465957,0.17257077195317677,True
img/059cdca7-132c-4c81-bc01-7b016c9977e9_270.png,train,RR,RR,2.0713601112365723,-0.06615027785301208,-1.4611479043960571,0.8717030627123876,0.10281573982258481,0.025481197465027763,False
img/05b527a9-bff2-41ec-97f1-259dd04af327_360.png,train,RR,RR,2.2219955921173096,-0.13733021914958954,-1.5184600353240967,0.8942726612740304,0.08449437022994741,0.02123296849602229,False
img/05bb81d3-a4a1-483e-9a9c-e7dc9b2b0fd8_0.png,train,RG,RG,0.15824805200099945,0.29074931144714355,-0.3375033736228943,0.3635314701177323,0.4150367738376028,0.22143175604466497,False
img/05d7a41b-fafd-4d68-8ce5-39e8027fd978_234.png,train,RR,RR,0.6432456374168396,-0.1369803100824356,-0.37839990854263306,0.5499628912884765,0.25204933900926535,0.19798776970225826,False
img/0644b0be-be42-44c4-91a2-c418350cfaeb_0.png,train,NoR,NoR,-0.10744316875934601,-0.11691845953464508,0.14930173754692078,0.30457303193428703,0.30170074326928686,0.393726224796426,False
img/064b6cba-d3a8-4485-a81c-2a25b0c612f5_134.png,train,RR,RR,2.1663944721221924,-0.0783219039440155,-1.52098548412323,0.8841771256582015,0.09368527579419923,0.022137598547599238,False
img/0687ff92-ddd0-4916-bd96-ed73a2a04d14_351.png,train,RR,RR,2.247971773147583,0.17598001658916473,-1.7638652324676514,0.8740992728234033,0.11007943010938867,0.015821297067208005,False
img/06b62b01-0606-414f-b9c5-c272671abfd4_0.png,train,RG,RG,-0.1209460198879242,2.4342305660247803,-1.6863994598388672,0.07100978627266769,0.9141496494303659,0.014840564296966332,False
img/06b62b01-0606-414f-b9c5-c272671abfd4_270.png,train,RG,RG,-0.053753405809402466,1.763513207435608,-1.2497475147247314,0.13409473050829765,0.8253545961615262,0.04055067333017618,False
img/06c26004-970f-43aa-859b-420c3deb7802_90.png,train,RR,NoR,-0.03836238384246826,-0.1373966485261917,0.11421900987625122,0.3256746656088622,0.2949673464272425,0.3793579879638953,False
img/06c41c86-f06f-449e-9ecb-e5fe533f9c55_0.png,train,RR,RG,0.07501760125160217,1.9059873819351196,-1.4458204507827759,0.1340758675560991,0.8366247111873653,0.02929942125653567,False
img/06c5b4f3-b66a-4ce7-8cfc-fdf35daad2a3_90.png,train,RG,RG,-0.10494063049554825,2.038287878036499,-1.411542296409607,0.10206517621870019,0.8703018454685023,0.027632978312797343,False
img/06d0c6b4-fc8a-4781-bca9-fa5d7343bed8_371.png,train,RR,RR,1.361130714416504,-0.1284155547618866,-0.9031157493591309,0.7522285291202541,0.1696086804101023,0.07816279046964367,False
img/06ec84ad-a487-4d49-bef3-42f442ea9e8a_180.png,train,NoR,RG,-0.026714637875556946,1.1120343208312988,-0.7980093955993652,0.21808951978586644,0.681062840319102,0.10084763989503154,True
img/06f7dcef-1688-4a85-99aa-e8d81f98d345_200.png,train,RR,RR,1.9491883516311646,-0.13706184923648834,-1.321608543395996,0.8604904400097438,0.10683144423981916,0.03267811575043691,False
img/0798ec61-b6ce-4ac2-b24f-4179e8b15ff9_297.png,train,RR,RR,2.2014522552490234,0.9773753881454468,-2.309979200363159,0.7662766368955737,0.22530755551127415,0.008415807593152217,False
img/079b441c-b3e8-419e-b8fc-b44a757e3060_360.png,train,RR,RR,1.033408284187317,-0.07194928079843521,-0.7072523236274719,0.6637915805484125,0.2197763966229319,0.11643202282865563,False
img/07c92e66-74b0-4746-936f-587362e27828_90.png,train,RG,RG,1.1368381977081299,1.7891874313354492,-2.1282706260681152,0.3380389538280789,0.6490503992585964,0.012910646913324653,False
img/07e43c36-2d4e-4721-b09e-0d3bfbd158bd_205.png,train,RR,RR,2.070270538330078,0.31460219621658325,-1.7357902526855469,0.8368009548759444,0.1445922760467866,0.01860676907726884,False
img/07f124c2-3e30-4389-8c2c-4d2ef2674a61_360.png,train,RR,RR,1.4157347679138184,0.19283659756183624,-1.1749435663223267,0.7302761822104088,0.21497561950276575,0.05474819828682559,False
img/07f50112-76d1-4689-bdea-d6b653f6d27a_270.png,train,RR,RG,-0.10648233443498611,0.12748657166957855,-0.028190359473228455,0.2989497685342994,0.377754482414167,0.32329574905153374,False
img/081abaa3-4bf0-4f7c-a11a-18241253ce09_270.png,train,RR,RR,2.4365859031677246,0.33510059118270874,-2.0152039527893066,0.8818868173228621,0.10783242597182062,0.010280756705317213,False
img/081f26c8-ea26-4801-9c12-3536e9f911da_180.png,train,RR,RR,2.2722463607788086,-0.07096196711063385,-1.6027650833129883,0.8954369741863974,0.08597903698482583,0.01858398882877679,False
img/081f26c8-ea26-4801-9c12-3536e9f911da_90.png,train,RG,RR,0.844444215297699,0.3751206398010254,-0.8941677808761597,0.5551887081682813,0.34722899671233537,0.09758229511938338,False
img/081fb031-d137-460d-8f87-7177760d31a9_180.png,train,RG,RG,1.5992995500564575,1.8430182933807373,-2.501241445541382,0.43619567165054335,0.5565793088327783,0.007225019516678408,False
img/082e183e-2664-4084-ad52-54064d8a36ab_270.png,train,RR,RR,2.3690099716186523,-0.11742015182971954,-1.6390494108200073,0.9079558872682513,0.075547807793703,0.01649630493804585,False
img/08320ba3-9822-4977-a8d0-1da87eb8a21b_270.png,train,RG,RG,0.26297372579574585,2.2067055702209473,-1.7991130352020264,0.1232748190751493,0.8610460685674701,0.015679112357380596,False
img/08558c3e-f426-42f3-bb06-e268cca31b7e_310.png,train,NoR,RR,0.10975362360477448,0.06291148066520691,-0.13766272366046906,0.3656235536637444,0.34889189551505606,0.2854845508211995,False
img/086173c6-c852-477c-a1d8-f157f8248763_90.png,train,RG,RG,-0.07316803187131882,2.221728801727295,-1.5671889781951904,0.08970315061694561,0.8901613389189894,0.020135510464064806,False
img/0863fe18-0e1c-428a-8081-37ac54aa39f5_0.png,train,RG,RG,1.11327064037323,2.2912752628326416,-2.4744489192962646,0.23388813020873575,0.7596422110305777,0.006469658760686434,False
img/086f54b2-f92f-4867-9027-4aa2e78baa46_345.png,train,RR,RR,2.1349282264709473,-0.10503793507814407,-1.4789320230484009,0.8822934682781647,0.09393082147619178,0.02377571024564356,False
img/08883166-d43f-4e19-9916-fa55b36e7cdf_0.png,train,RR,RG,0.5642322897911072,2.301906108856201,-2.0855748653411865,0.14804351729188212,0.8414950113791733,0.010461471328944528,False
img/08fcd0a8-53f5-4ceb-bd89-13f2ce80730b_360.png,train,NoR,NoR,-0.13321268558502197,-0.12142719328403473,0.17117628455162048,0.2969428369590265,0.3004631580896456,0.4025940049513279,False
img/091c37fe-a597-4805-87c7-a24a6eb99c4f_0.png,train,NoR,RG,-0.1278286576271057,0.9540692567825317,-0.6107069253921509,0.21894876613081996,0.6459587661451246,0.13509246772405525,True
img/0928130f-0209-4b1a-88fe-8b81960542c9_270.png,train,RG,RG,0.22409330308437347,1.7034125328063965,-1.4069572687149048,0.17902923330598966,0.7859304769401313,0.035040289753878996,False
img/092834a6-c390-4920-b52d-8e9322f86556_219.png,train,RR,RR,1.1390130519866943,0.7721454501152039,-1.3941320180892944,0.5642352941453571,0.3909594127264668,0.044805293128175994,False
img/0928cc5a-4217-4052-a05f-ced7372cd9d5_360.png,train,RR,RR,0.3652980923652649,-0.09219996631145477,-0.2100348323583603,0.4555014653177101,0.2882709610949969,0.2562275735872929,False
img/09309399-bab0-4cde-9117-85bc844609ff_375.png,train,NoR,RR,1.2648037672042847,-0.08207902312278748,-0.8670589923858643,0.7253389670911808,0.1886241283643535,0.08603690454446547,False
img/0991682b-9750-47e2-98ad-af399d8407c2_270.png,train,RR,RR,2.2574234008789062,-0.043807901442050934,-1.611701488494873,0.8920510301584662,0.08932594983449253,0.01862302000704116,False
img/09a107b7-2b73-43db-80a0-a98d1ce77d6d_270.png,train,RR,RR,2.3341846466064453,0.4335516095161438,-2.012458324432373,0.8602711614739278,0.12858814294446716,0.011140695581605251,False
img/09b1ecd7-b6b6-4d0c-adaa-ca24af838364_63.png,train,RR,RR,2.108302116394043,0.07069285213947296,-1.5868206024169922,0.865662695797645,0.11283042994116775,0.021506874261187296,False
img/09b69f84-0684-4195-ae05-ef7db0f5ae3e_90.png,train,RG,RG,-0.002273246645927429,1.4204764366149902,-1.0387845039367676,0.18171239833483302,0.7538360405646156,0.06445156110055122,False
img/09b9aab2-5e10-4f85-a724-259710fb2c0f_0.png,train,RG,RR,2.097963809967041,1.381840705871582,-2.527813673019409,0.6673611483202401,0.3261013579638602,0.0065374937158998205,False
img/09c51d98-d2ca-446c-89ce-ef800dd9ae31_360.png,train,RR,RR,1.8904060125350952,-0.11264035105705261,-1.2968168258666992,0.8501883160654952,0.11471049387042087,0.035101190064083784,False
img/0a0dc6b8-9d7d-433c-8193-4cbeb1523372_50.png,train,RR,RR,0.994387686252594,0.9750200510025024,-1.4364264011383057,0.48337576381397646,0.47410399427927064,0.04252024190675297,False
img/0a10dfc5-6b06-4465-bdb9-e24f0de9febe_90.png,train,RG,RR,1.7885109186172485,-0.10434301197528839,-1.2292214632034302,0.8336436700515852,0.12558114537599852,0.04077518457241639,False
img/0a457713-0239-48b7-a9c2-496338a1f3b4_270.png,train,RR,RR,1.2963422536849976,0.14699383080005646,-1.0555459260940552,0.7081990430425426,0.2243880155402178,0.06741294141723965,False
img/0a4cace9-4ba4-4441-991a-d8cad116a446_270.png,train,RG,RG,-0.12204258143901825,2.362138032913208,-1.633457064628601,0.07568940676901559,0.9076136822609244,0.016696910970059962,False
img/0a55e07c-dcc2-461c-9d9d-ffbc136fcc56_169.png,train,RR,RR,1.4424245357513428,-0.11232678592205048,-0.9734717607498169,0.7689177708609829,0.16242765654570637,0.06865457259331079,False
img/0a56065d-2222-418f-821d-6fec5319a03b_40.png,train,RR,RR,1.004168152809143,0.5659499168395996,-1.1475770473480225,0.5677089386298555,0.3662772716579262,0.06601378971221837,False
img/0a771790-cbc6-4b35-a73d-fb049a1c7b65_360.png,train,RR,RR,2.3238365650177,-0.026500187814235687,-1.6721911430358887,0.8978872431314291,0.08560192259734048,0.016510834271230474,False
img/0a94e2bd-7994-4d5c-971a-9f49fae031a9_180.png,train,NoR,NoR,-0.1610390841960907,-0.1376829445362091,0.20303410291671753,0.2887827618061116,0.29560699598473783,0.4156102422091506,False
img/0aad4b75-0f34-489d-8533-2394afcebdcf_148.png,train,RR,RR,1.1319762468338013,-0.09698279201984406,-0.7603380084037781,0.6928472411794103,0.20272502513963836,0.10442773368095129,False
img/0ab3824d-a81e-421e-ae8e-0d06e9a7dd4b_360.png,train,NoR,RG,-0.1298975944519043,0.24142245948314667,-0.09369693696498871,0.286819701588679,0.4157873097275293,0.2973929886837917,False
img/0ac1920c-f735-464f-8cb0-5c78abf7b0f8_90.png,train,RG,RG,-0.1331140249967575,2.056910991668701,-1.4046646356582642,0.09788726829842284,0.8746654844022193,0.027447247299357845,False
img/0b190d88-1df7-4bc8-a71b-da2f344ee0ff_270.png,train,RR,RR,1.303847312927246,-0.10314422845840454,-0.8800215721130371,0.7366569791232167,0.180391738993329,0.08295128188345442,False
img/0b246f10-3e04-4077-8df1-36ee7cc3a22f_133.png,train,RR,RR,1.7029873132705688,0.1059480607509613,-1.3195692300796509,0.7992507608102397,0.16184441739659944,0.03890482179316093,False
img/0b2ae268-4bf5-40db-a466-d739fd8aae38_270.png,train,RR,RG,0.25126147270202637,1.5200762748718262,-1.2939584255218506,0.20964801344175596,0.7456414093704027,0.04471057718784138,False
img/0b4f3377-1ac4-4419-8dbb-20a4ac346ee0_360.png,train,RR,RR,2.1574506759643555,-0.13719671964645386,-1.471936583518982,0.8870522056091898,0.08941213769345559,0.02353565669735437,False
img/0b9954c5-c9fe-417c-9c19-a59d60da3291_270.png,train,RG,RG,-0.1332104206085205,1.989127278327942,-1.35556161403656,0.10367880604566558,0.8657839661411115,0.030537227813222965,False
img/0bf2be9c-53fc-4df9-9654-2c01b34337d3_90.png,train,RG,RG,0.5826632976531982,1.7909326553344727,-1.7292587757110596,0.22488300613558582,0.7528376888599569,0.022279305004457177,False
img/0c021f55-e389-4f99-b6cc-255d345f8880_172.png,train,RR,RR,0.35266542434692383,0.1674167960882187,-0.38871240615844727,0.43339674541738477,0.36010834748142484,0.20649490710119037,False
img/0c049e73-8b8c-42ca-9512-bfa06615c321_270.png,train,RR,RR,2.0211739540100098,0.052860453724861145,-1.5109893083572388,0.8554804102981771,0.1195039821495952,0.025015607552227644,False
img/0c084439-988c-4969-a49d-240d1339f58d_270.png,train,RR,RR,2.15746808052063,-0.12223275005817413,-1.482773780822754,0.8860842888395758,0.09065954707456501,0.023256164085859083,False
img/0c23eaac-44fe-4171-993e-0a77e7597711_0.png,train,NoR,RG,0.6253520250320435,0.7073286771774292,-0.9762331247329712,0.4372526675778375,0.47460736719266355,0.08813996522949896,False
img/0c6c4874-45f0-46af-869a-db25adc385ec_0.png,train,RR,NoR,0.030232787132263184,-0.09844203293323517,0.03649444878101349,0.34655544670847593,0.3047122854871111,0.348732267804413,False
img/0c9496e1-3323-41b4-b872-a59b33fa5df4_132.png,train,RR,RR,1.2056622505187988,-0.08713245391845703,-0.8206861019134521,0.7110764507827595,0.195192303673523,0.09373124554371748,False
img/0cdb083b-e042-4927-8940-248117be21dd_270.png,train,RG,RG,0.3798936605453491,2.020996570587158,-1.7492244243621826,0.1592407279414082,0.821818838388161,0.018940433670430808,False
img/0d3ba8a8-944e-4182-a67d-eb4524b5fdc7_0.png,train,NoR,NoR,-0.13277031481266022,-0.12694184482097626,0.17484597861766815,0.29708637283524286,0.29882298783223127,0.40409063933252587,False
img/0d91fe59-6554-4f53-b98f-1035356c1555_180.png,train,RR,NoR,-0.05702787637710571,0.009884893894195557,0.02116011083126068,0.3174071016010343,0.3393723738312106,0.34322052456775515,False
img/0dae07ae-ac29-4094-8f91-8c6c97f71035_90.png,train,RG,RG,-0.01184806227684021,2.0899734497070312,-1.5161705017089844,0.1063464812964309,0.8700267575780611,0.023626761125508013,False
img/0db25cb5-1d1c-4d73-bfcc-52090ab9cd37_270.png,train,RR,RR,0.1555778831243515,0.018147006630897522,-0.1383792906999588,0.3821310908608516,0.33306339360110504,0.28480551553804334,False
img/0e0e3dff-65fe-4c75-a527-67b8129e5f3c_0.png,train,RG,RG,-0.1297435760498047,0.4182761311531067,-0.22174088656902313,0.2745795613623752,0.4749743331900885,0.2504461054475362,False
img/0e14c557-7c2c-41cf-9ad4-d44a06c30802_180.png,train,RR,RR,0.806292712688446,-0.1144370436668396,-0.5124743580818176,0.6003506566370237,0.23907663662752315,0.1605727067354531,False
img/0e2760be-25cd-4eca-b541-27499c6e1622_339.png,train,RR,RR,0.21405832469463348,-0.13462164998054504,-0.07010902464389801,0.406791863618767,0.2870400314284771,0.30616810495275587,False
img/0e7a8733-ce66-43a3-b9de-12f857c1fbf8_180.png,train,RR,NoR,0.01241457462310791,-0.0951114296913147,0.046955034136772156,0.34092492712321104,0.3061687111566551,0.35290636172013384,False
img/0e9618aa-ca01-4b0e-8224-e9375e5d6989_360.png,train,RR,RG,-0.09953340142965317,1.6642119884490967,-1.1448484659194946,0.13916278659133383,0.8119102173903181,0.04892699601834818,False
img/0e97d775-4254-4826-91cf-9dbb19e78616_360.png,train,RR,RR,1.9792031049728394,-0.0741538554430008,-1.3887944221496582,0.8600211951282087,0.11034370375464342,0.029635101117147792,False
img/0f008ab8-98e9-45e2-8c99-e9f5ecf80662_180.png,train,RG,RG,-0.12399536371231079,2.151575803756714,-1.4797296524047852,0.0909815881259522,0.8855671836674879,0.023451228206560027,False
img/0f0e0ee4-dd6b-4910-808f-2b688c842cce_264.png,train,RR,RR,1.4924626350402832,-0.055415116250514984,-1.050782561302185,0.7744075210009933,0.1647156240969332,0.060876854902073486,False
img/0f809581-baec-4200-97e5-d93270822e71_384.png,train,NoR,RR,0.0682390034198761,0.0682232528924942,-0.11151964962482452,0.35267694983027387,0.35267139502606426,0.2946516551436618,True
img/0fca030e-5ec1-4a56-96f1-f8110ed5da40_360.png,train,RR,RR,1.437630295753479,-0.09896184504032135,-0.9796768426895142,0.7667098731278914,0.1649292059729945,0.0683609208991141,False
img/102b61e3-587f-47ed-a331-8d62ad8528fd_34.png,train,RG,RG,-0.05483274906873703,2.1060616970062256,-1.4967609643936157,0.1008535402095393,0.8752974868724418,0.023848972918018792,False
img/10372d7c-ec85-4500-82dd-29a1753ddb12_180.png,train,RG,RG,-0.1444861888885498,0.4784988760948181,-0.25465643405914307,0.2659456355662545,0.4958517422585713,0.23820262217517427,False
img/105c3b8b-007b-47dd-a702-807ee3e0ef17_176.png,train,RR,RR,0.7052854895591736,-0.12422025948762894,-0.43244099617004395,0.5692129281676557,0.2483275969177461,0.18245947491459827,False
img/108dbb00-c3e6-4f77-b21b-e2bdcfe5eda9_345.png,train,RR,RR,2.301302671432495,-0.1345919370651245,-1.5777233839035034,0.9023720403614834,0.07897507434994704,0.0186528852885697,False
img/109f20cf-c4b3-4c4b-ac9e-98c97cfc4794_360.png,train,RR,RR,1.0074011087417603,-0.12660019099712372,-0.6489341259002686,0.6611218993194314,0.21271153235861115,0.12616656832195727,False
img/10a8bffe-20b3-43ec-9d68-ab6d3044992e_0.png,train,RR,RR,0.2615104913711548,-0.12035545706748962,-0.11470307409763336,0.4221115070894334,0.28812763686051573,0.28976085605005086,False
img/10c0cecf-e0d1-4eae-81dd-3149fec3befd_0.png,train,NoR,RG,-0.14964596927165985,0.26315367221832275,-0.0951528400182724,0.2803439005100966,0.4236114769193287,0.2960446225705746,True
img/10c8a958-5882-48cb-a924-fe15f3211da1_50.png,train,NoR,RG,-0.06820414215326309,0.16837231814861298,-0.08541427552700043,0.3077073110414796,0.38983575236671353,0.3024569365918069,True
img/10e7f168-b8da-4ce6-a0ae-1deafcb278a8_180.png,train,RG,RG,-0.010141178965568542,2.383206605911255,-1.7295228242874146,0.08244520536258249,0.9027825176163654,0.014772277021052164,False
img/10e7f168-b8da-4ce6-a0ae-1deafcb278a8_90.png,train,RG,RG,0.16958563029766083,0.8814094066619873,-0.7729650735855103,0.2917717236523675,0.5945444633948455,0.11368381295278705,False
img/10fbad56-dc2b-4739-934c-1d0ddfb05b07_360.png,train,RR,RR,2.3946244716644287,-0.13804207742214203,-1.642633080482483,0.9115000141056919,0.07241584003730764,0.016084145857000437,False
img/111545e9-3f7c-4b5b-912f-79dce5dac1b5_360.png,train,NoR,RR,0.21492652595043182,0.16633524000644684,-0.2884427309036255,0.39107398349291767,0.37252549269264035,0.2364005238144419,False
img/111c53c0-998b-41eb-b2ad-979f0be090d0_91.png,train,RR,RR,0.8913525938987732,0.570553183555603,-1.0694215297698975,0.535814310975457,0.38877013484199663,0.07541555418254632,False
img/113ba8fc-ea61-428e-bbb0-98df67c7c1fc_116.png,train,RR,RG,1.1433626413345337,2.0587024688720703,-2.3279454708099365,0.2833904659362946,0.70780279199052,0.00880674207318544,False
img/114e85ba-97ce-444a-b39e-9c0322263d6b_90.png,train,NoR,NoR,-0.15577217936515808,-0.13451582193374634,0.19693884253501892,0.2903260086508518,0.29656333866980006,0.4131106526793482,True
img/114fad4e-40d0-4f10-aa2f-03f54a522c2f_0.png,train,RG,NoR,-0.15834243595600128,-0.1402018815279007,0.2029085010290146,0.2895672145322059,0.2948680591119228,0.4155647263558714,False
img/1160d693-5bfe-45d5-a13e-3f64d7f5c9ee_0.png,train,RG,RR,1.9894617795944214,1.4905130863189697,-2.528055429458618,0.618014605174349,0.3752390902742889,0.0067463045513619846,False
img/1195ff72-3ead-43fc-8cfa-254763d9e897_270.png,train,RG,RG,-0.11501449346542358,1.8561702966690063,-1.272525668144226,0.11773786054883793,0.8452609722628617,0.03700116718830051,False
img/11d466bb-44b5-417c-b353-a67c8dc69b1c_213.png,train,RR,RR,1.422088384628296,-0.08933582901954651,-0.975414514541626,0.7624622469204304,0.16819580074323212,0.06934195233633741,False
img/11eddacc-26d5-4961-803d-993bc3fdbc95_0.png,train,RG,RR,2.355128049850464,-0.07576191425323486,-1.659157395362854,0.9041473849147984,0.0795274638637807,0.016325151221420864,False
img/12017925-9e59-4b30-8a77-e238479a35a9_90.png,train,RG,RG,0.8931501507759094,2.3275415897369385,-2.3416926860809326,0.19096883779362786,0.8015134081926311,0.007517754013741015,False
img/12027d60-ba92-4b9e-b4c1-29718bee5da1_90.png,train,RG,RG,1.0676032304763794,1.821675181388855,-2.101763963699341,0.3156896395467996,0.6710418660469323,0.01326849440626818,False
img/12193aaa-dd4c-40a3-b8a0-77df4f35bfdc_180.png,train,NoR,RG,0.9596288800239563,1.9377671480178833,-2.1077542304992676,0.2698295623031806,0.7176118162396249,0.012558621457194503,False
img/12193aaa-dd4c-40a3-b8a0-77df4f35bfdc_90.png,train,RG,RG,0.9352303147315979,1.3032324314117432,-1.6311204433441162,0.3965640973391309,0.5729736917840594,0.03046221087680977,False
img/124e42e2-5777-4c74-aa70-0f9d018380d3_180.png,train,RG,RR,0.04419662058353424,-0.08947575092315674,0.019922465085983276,0.3507670712576566,0.306877920994436,0.3423550077479075,False
img/12500972-b32c-4b2b-9af3-c0713986e5fc_37.png,train,RR,RR,1.362614631652832,-0.07850039005279541,-0.9402954578399658,0.748149509078128,0.17705985066050695,0.07479064026136492,False
img/1267b9b6-d45b-43a5-92a6-cc95b3e63f17_270.png,train,RG,RG,-0.11573673039674759,1.315273642539978,-0.8807293176651001,0.1770456507179152,0.7405683899688676,0.08238595931321717,False
img/12773b35-280b-422a-b0b6-bb784ba12291_90.png,train,RG,RG,0.10558386147022247,0.6256993412971497,-0.5417613387107849,0.31194868467867354,0.5247669094097004,0.1632844059116261,False
img/12b139cc-6f9d-4bcb-ae0a-6173dd6ec2f4_0.png,train,RG,RR,2.2393851280212402,-0.04657509922981262,-1.5966708660125732,0.8902698577592186,0.09051941883776296,0.01921072340301845,False
img/12b5f6ce-5f6e-4922-9537-07fe03cc7b65_297.png,train,RR,RR,2.210120677947998,1.0692425966262817,-2.382695436477661,0.7520704735448298,0.2403153341079248,0.007614192347245508,False
img/12c2136d-3a6d-4729-b59c-261eeeafb9b6_270.png,train,RR,RR,1.7581696510314941,0.49148499965667725,-1.6383172273635864,0.7603088709163164,0.2142278371909052,0.0254632918927786,False
img/12c37445-0ae4-45f5-99bd-0d477ccd1535_270.png,train,RR,RR,2.0174810886383057,-0.12025368213653564,-1.383094310760498,0.8686016490147203,0.10242694858915911,0.02897140239612075,False
img/12e1eb9f-0665-4d81-a07b-758743777a89_180.png,train,RG,RG,0.6978099346160889,2.355112314224243,-2.2205448150634766,0.1587512037413796,0.8326726601876469,0.008576136070973444,False
img/12e2ea0c-d3e1-459c-94e8-3b41ffada485_270.png,train,RR,RR,1.7262190580368042,-0.08852490782737732,-1.1956710815429688,0.8218875579093333,0.1338687214368832,0.04424372065378353,False
img/1307c207-df20-44b0-a4e8-179fcec14426_402.png,train,RR,RG,0.5118486881256104,1.22314453125,-1.2673826217651367,0.31197388253554836,0.6353749630472152,0.05265115441723648,False
img/13104ffd-391c-4149-9811-fa4bbc676170_180.png,train,RG,RG,-0.06845562160015106,1.60728120803833,-1.1261128187179565,0.14947685743984027,0.7986145475290267,0.05190859503113301,False
img/132b89c2-87d4-4237-a45d-ff8154af1081_207.png,train,RR,NoR,-0.015495747327804565,-0.11786777526140213,0.08357585966587067,0.33257517023246463,0.3002134982857489,0.3672113314817865,False
img/1345998e-7ab8-4ba1-9421-393cf917d57f_90.png,train,RG,RR,2.410740375518799,2.225102186203003,-3.3637282848358154,0.545351454594154,0.45295476696477044,0.0016937784410754478,False
img/136ac9cb-6061-4992-a36f-d081229e6d04_270.png,train,RR,RR,2.163299798965454,0.41081351041793823,-1.872581958770752,0.8396217359888032,0.1455420702702747,0.014836193740922023,False
img/138dc5c1-46a8-405d-8ea9-d8483a47de4d_360.png,train,RG,RR,1.62734055519104,-0.011940568685531616,-1.1796520948410034,0.797126605730308,0.15473785006320456,0.04813554420648742,False
img/13931a34-6913-41db-b1e7-44dd49925334_270.png,train,RR,RR,2.2379982471466064,0.32405561208724976,-1.863776445388794,0.8590762702776273,0.1267117817813793,0.014211947940993326,False
img/139f3fb6-58d5-4012-b249-c795ec799996_270.png,train,RR,RR,2.2407655715942383,-0.056448593735694885,-1.5905256271362305,0.8910907622921421,0.08958896219466105,0.019320275513196986,False
img/13f01dab-8b3a-4848-87c8-b201296994ba_180.png,train,RG,RG,-0.1255212277173996,2.3002572059631348,-1.5861809253692627,0.07972501884246515,0.9017721500801263,0.018502831077408622,False
img/13f01dab-8b3a-4848-87c8-b201296994ba_90.png,train,RG,RR,0.3257790803909302,-0.010242313146591187,-0.240777388215065,0.4381959613247295,0.3131382596311647,0.2486657790441058,False
img/141030da-428e-4dbd-868f-144774b793fc_90.png,train,NoR,NoR,-0.15416119992733002,-0.11627382785081863,0.18257932364940643,0.2907830580072266,0.3020114275084893,0.40720551448428416,False
img/1429a801-0658-409d-9fdb-26e5780afc28_286.png,train,RR,RR,2.2830517292022705,-0.1282593309879303,-1.5691218376159668,0.9001457903209078,0.08074093366951116,0.019113276009580984,False
img/14403695-f1f2-40a5-94de-316f7590d69a_175.png,train,RR,RG,0.7658506631851196,0.9284002780914307,-1.2376327514648438,0.43264358799674607,0.5090080753478633,0.058348336655390694,False
img/144c06d0-75e4-40dd-a9b6-f3ebc12cdefc_270.png,train,RR,RR,2.3418755531311035,-0.12292376160621643,-1.6154694557189941,0.9056824981217678,0.077006473235352,0.017311028642880158,False
img/146a1dd7-946b-4d32-a188-a8b48c3fc986_270.png,train,NoR,RR,0.5656914114952087,0.013293430209159851,-0.4310886263847351,0.5142356203587582,0.2959775433841882,0.18978683625705353,True
img/148286e0-229f-46d7-a5f9-2b46238caead_180.png,train,NoR,NoR,-0.14611954987049103,0.05146719515323639,0.05543015897274017,0.2905493760025352,0.3540224311299757,0.35542819286748906,True
img/148c13e1-e4c6-4b0d-bc87-411f9360bfd2_270.png,train,RG,RG,-0.13371193408966064,2.2454833984375,-1.540642499923706,0.08304885071810673,0.8966129993022742,0.020338149979618945,False
img/14dd5007-33b3-49e4-8fed-516fd6960483_270.png,train,RR,RR,2.034320592880249,-0.08274361491203308,-1.422391414642334,0.868117493987241,0.1045079201502066,0.027374585862552505,False
img/1546aba3-c223-44f3-8729-3b0a9dac5393_180.png,train,RR,RR,1.634395956993103,1.6091744899749756,-2.3574330806732178,0.5016152398627106,0.48912197908033883,0.009262781056950501,False
img/1550f951-536e-4850-8499-508881f71400_0.png,train,RR,RG,0.2630555033683777,1.8016818761825562,-1.5061854124069214,0.1715663265421477,0.7991880768287435,0.02924559662910892,False
img/1560ce3f-3c0f-464b-8558-9786c654f066_270.png,train,RR,RR,2.134505271911621,-0.05700623244047165,-1.5133717060089111,0.878893656422233,0.09821435673049861,0.022891986847268373,False
img/15651e6c-c1ce-4e94-bfc7-dc6e784da205_180.png,train,RR,RR,1.4355695247650146,-0.05549492686986923,-1.0096315145492554,0.7622871622147958,0.1716159079383608,0.06609692984684352,False
img/15b25066-2376-463a-8511-8764a7c88bbc_270.png,train,RR,RR,2.245589017868042,-0.12338149547576904,-1.5455914735794067,0.8959401716474577,0.08383940508303683,0.020220423269505492,False
img/15fe2fd1-a987-4962-8192-c1ddb652bb42_270.png,train,RR,RR,2.4453303813934326,0.5118465423583984,-2.1493747234344482,0.865989354824591,0.12525964927302036,0.008750995902388545,False
img/1612bcde-104b-473f-9e25-8b4e833ca04d_90.png,train,RG,RG,-0.13494811952114105,2.4381988048553467,-1.6791564226150513,0.06983002653607409,0.9152626023870288,0.014907371076897184,False
img/1616f6aa-6a2a-4935-8c1c-45917336ff74_90.png,train,RG,RG,0.04222451150417328,1.6257737874984741,-1.219433069229126,0.1624589199377399,0.7915352748545584,0.04600580520770163,False
img/161c3fd7-c117-4655-bbae-c8c5c0e8ffbf_399.png,train,RG,RG,-0.13096269965171814,2.1988108158111572,-1.5088661909103394,0.0867474186346337,0.891382989541841,0.021869591823525342,False
img/162afd70-6966-4c5a-8160-3d2687feb6f3_270.png,train,NoR,RR,0.03207290172576904,-0.07290700823068619,0.016693785786628723,0.34661070116513365,0.3120683834542258,0.3413209153806405,False
img/164379c2-86fb-419c-baab-c783ce84e2fe_312.png,train,RR,RR,2.268179178237915,-0.126323863863945,-1.5597796440124512,0.8984952218448602,0.08195893639660894,0.019545841758530774,False
img/164a33dc-c1c6-47b8-9c95-7f9276e22b3c_167.png,train,NoR,RR,1.1050101518630981,-0.1345222145318985,-0.7137053608894348,0.6888221346594237,0.19942749193239195,0.1117503734081845,False
img/1656fb03-dc5b-47a2-a5d8-83231e30d698_270.png,train,RR,RR,2.3175241947174072,0.026153534650802612,-1.7057204246520996,0.8936370295950529,0.090371506623736,0.015991463781211055,False
img/16586a8a-3ac4-4f5e-8482-ecc574e6abca_0.png,train,RR,RR,0.03602820634841919,-0.06064324826002121,0.004965528845787048,0.3475517883097218,0.31552636062712724,0.3369218510631509,False
img/167fa39a-5c9b-4272-988f-f41374a24c88_270.png,train,RR,RR,2.1938414573669434,-0.12270574271678925,-1.5087038278579712,0.8902546034152313,0.08779111441744404,0.021954282167324663,False
img/1688f9e3-79f4-4ae6-bc40-65421fd31337_270.png,train,RG,RG,0.4504210352897644,0.6305988430976868,-0.7943775653839111,0.4023450015804753,0.4817800785016405,0.11587491991788418,False
img/16950509-309d-401b-a441-0e613a3f7abd_90.png,train,NoR,RG,-0.1556289792060852,1.3223408460617065,-0.8570278882980347,0.17007012728074233,0.7455936082241681,0.08433626449508969,True
img/16e4fa32-0f3e-441b-bf52-981b9a8e61e7_0.png,train,RG,RG,0.126433864235878,1.8016884326934814,-1.4075099229812622,0.15253580581587556,0.814564756251646,0.032899437932478376,False
img/16e8b2aa-daf0-460a-8d6c-9438af2edd28_0.png,train,RG,RG,0.11964736878871918,0.17635975778102875,-0.22687526047229767,0.36159902399358385,0.3826988235599049,0.2557021524465113,False
img/16eb7638-9193-4810-bdb1-572177b089af_270.png,train,RG,RG,-0.10840549319982529,1.7390841245651245,-1.1926013231277466,0.13017362725724338,0.8258050852444384,0.04402128749831821,False
img/16f795ea-10f7-470b-9265-599287b04104_82.png,train,RR,RG,1.7577215433120728,2.1949195861816406,-2.8702266216278076,0.39090940435189314,0.6052695364324313,0.003821059215675547,False
img/16f81212-3044-48f0-a147-d10c6effe233_360.png,train,RR,RR,1.553606390953064,-0.13161413371562958,-1.0398249626159668,0.7935458677782234,0.14712621414379046,0.05932791807798615,False
img/170f6c6a-ae51-44aa-bb15-f40abc5e3391_0.png,train,RG,RR,1.4447832107543945,0.38272130489349365,-1.3332841396331787,0.7102773608817077,0.2455728481484679,0.04414979096982446,False
img/1743e3c1-9924-4095-94ba-680a63bc2686_180.png,train,RR,RR,2.336948871612549,-0.13280324637889862,-1.6047641038894653,0.9057800708048579,0.07663427347886939,0.01758565571627264,False
img/1743e3c1-9924-4095-94ba-680a63bc2686_270.png,train,RR,RR,2.1493425369262695,-0.13447514176368713,-1.4680489301681519,0.8859380504545664,0.09027218182341087,0.023789767722022688,False
img/177fb841-2a41-4189-8dbe-b9a33fe0b1d4_145.png,train,RR,RR,2.0128555297851562,1.952750325202942,-2.879326581954956,0.5130387546035888,0.48311087528846447,0.0038503701079466534,False
img/1791bdd2-9c50-40dd-8b8c-1811bcfe0014_322.png,train,RR,RR,1.7267526388168335,-0.13314755260944366,-1.1637773513793945,0.8256036643144846,0.12853672249203169,0.045859613193483556,False
img/17b56726-f014-470c-91db-b95bf0d6c899_180.png,train,RG,RR,0.0760556310415268,-0.11524593830108643,0.015552744269371033,0.36137944503345887,0.2984573170803978,0.34016323788614333,False
img/17b56726-f014-470c-91db-b95bf0d6c899_90.png,train,RG,RG,0.32803744077682495,1.9344300031661987,-1.64914870262146,0.16331184124872908,0.8140762802367226,0.022611878514548375,False
img/17bf0973-0238-4792-ac1d-ac1eb6cfcc6a_206.png,train,RR,RR,1.8039792776107788,-0.13191422820091248,-1.220449447631836,0.8383066914606552,0.12096370089410602,0.04072960764523876,False
img/17cce08e-fccf-4c57-947a-0579beadeaed_180.png,train,RG,RG,0.165029838681221,2.022106647491455,-1.5948338508605957,0.1319774028377686,0.845313467582394,0.02270912957983738,False
img/17e271bd-05e4-4175-95da-30dba53ef313_111.png,train,NoR,RR,0.6056643128395081,-0.11191374063491821,-0.36938804388046265,0.5361627921584917,0.26161129053715454,0.20222591730435377,False
img/17e9d13e-ea23-4331-9068-c309663468e3_270.png,train,RR,RR,2.0704691410064697,-0.1060044914484024,-1.4316747188568115,0.8744518259574686,0.09919856743024838,0.026349606612283083,False
img/18088cc5-d9dc-4b14-905e-be0ecd4de2ba_455.png,train,RR,RR,2.2613978385925293,-0.08945970982313156,-1.5815484523773193,0.8954813976762245,0.08532810630995559,0.019190496013820064,False
img/182c4b91-4d05-45ef-a8fe-590d50ed5453_438.png,train,RR,RR,0.07768629491329193,-0.026050947606563568,-0.05014707148075104,0.35952313957342813,0.3240964959834032,0.3163803644431687,False
img/184359b0-1aa8-4c42-931f-e4e1244440d2_180.png,train,RR,RR,2.0680699348449707,1.0673578977584839,-2.278730630874634,0.7243407204596997,0.26628039042936563,0.009378889110934692,False
img/18444c86-2a00-4986-b60f-b6d5137122db_270.png,train,RR,RR,2.060939311981201,-0.09081743657588959,-1.4357774257659912,0.8721616834280581,0.10141470242132976,0.026423614150612187,False
img/18446518-af78-4780-9037-36d933300dfa_90.png,train,RG,RG,-0.06015414744615555,1.962744116783142,-1.3892440795898438,0.11331543955982494,0.8566879167593909,0.029996643680784116,False
img/186b2d90-c8b2-400e-85fc-d310a38b8324_372.png,train,RR,RR,2.1165058612823486,-0.12653601169586182,-1.4500741958618164,0.8815330067690361,0.09356164950634839,0.024905343724615656,False
img/1876f31c-c9b0-494b-9c4d-0455fdc62d54_126.png,train,RR,RR,1.7681655883789062,-0.125792995095253,-1.1990097761154175,0.8319997840235864,0.12519513470910196,0.042805081267311564,False
img/1882fd6e-1940-4470-be9c-74e70c0a3b58_270.png,train,RR,RR,2.2871508598327637,-0.1366616040468216,-1.5660046339035034,0.9010665456594099,0.07981940525848227,0.01911404908210774,False
img/1887a916-f751-4fcf-bac1-5c380256d4a7_90.png,train,NoR,RR,0.8421494364738464,0.015603318810462952,-0.6324421167373657,0.6000851605348619,0.2625720345464189,0.1373428049187192,True
img/18e2a0ae-a7ca-4ff3-970d-8dcd750c63c5_0.png,train,RG,RG,1.140735387802124,2.0448741912841797,-2.316044569015503,0.28560533538820415,0.705389205559625,0.00900545905217087,False
img/190f47ac-2034-4a44-81dd-8ab7be2cdcce_313.png,train,RR,RR,2.0891900062561035,0.2532283663749695,-1.7050590515136719,0.8460524055157791,0.13491158836008793,0.019036006124133094,False
img/191cd0b6-8160-4235-a49a-6af5fa3e4a30_90.png,train,RG,RG,1.6782805919647217,2.2848057746887207,-2.8778693675994873,0.35154948511052697,0.6447583959763136,0.0036921189131594685,False
img/19394ddb-e05f-495e-bc45-accaf5ebb309_270.png,train,NoR,RR,1.6985304355621338,-0.09763471782207489,-1.1690821647644043,0.8178163233118768,0.13570353469660323,0.04648014199152015,False
img/1948a53d-959d-4a09-9055-7ed95dda22b7_180.png,train,RG,RG,0.8548315167427063,1.8585466146469116,-1.9747533798217773,0.26403081892076496,0.7203814998407831,0.015587681238451808,False
img/1948d4fc-075e-479e-abc9-64dd20cd2bb7_180.png,train,RR,RR,1.5940897464752197,-0.11418746411800385,-1.0816718339920044,0.7999795044443277,0.14493841054171328,0.05508208501395889,False
img/1970b1fc-aea6-43fb-b440-386bb188c6dd_200.png,train,RR,RR,2.2047836780548096,1.9234064817428589,-2.996727228164673,0.5681005310704974,0.4287702373014761,0.003129231628026457,False
img/19999962-bb19-41fa-917c-193e51ac97be_294.png,train,RR,RR,2.0512073040008545,-0.05140792578458786,-1.4572560787200928,0.8679956662491205,0.10601403511177088,0.0259902986391087,False
img/199b9657-0968-4f54-83c9-48a48234c5e7_270.png,train,RR,RR,1.8708215951919556,-0.09436344355344772,-1.2958924770355225,0.845829190563098,0.11852600619617315,0.03564480324072881,False
img/19c4829c-4a90-4a6e-8b18-f30bafa59940_0.png,train,RG,RR,1.5944080352783203,0.4899004101753235,-1.5188878774642944,0.7268349354084294,0.24085420157289447,0.03231086301867611,False
img/19d418f7-8128-411f-9a3e-f6ac9516ba46_75.png,train,RR,RR,2.2145214080810547,0.042899295687675476,-1.6434361934661865,0.8809768313765279,0.10042480265047075,0.01859836597300113,False
img/1a054470-f935-4f88-948b-6aed8fbd0af9_416.png,train,RR,RR,2.0692636966705322,1.7047219276428223,-2.740649938583374,0.5873151476163161,0.40789907765821265,0.00478577472547126,False
img/1a0a6a57-8475-42b0-9449-0a92adf189af_90.png,train,RG,RR,0.6640390753746033,0.42963987588882446,-0.8033014535903931,0.4946616738165955,0.3913001224547929,0.11403820372861145,False
img/1a0f789b-25e0-4ad5-a1c9-4bfa3c810aea_90.png,train,RR,RG,-0.059977784752845764,0.5564531087875366,-0.3720865249633789,0.27900173572989717,0.5167963535382748,0.20420191073182803,False
img/1a174830-4850-4705-b20c-1d287b225651_360.png,train,RR,RR,2.3565263748168945,1.0069031715393066,-2.443347454071045,0.78891184689352,0.20459478893927532,0.0064933641672046336,False
img/1a598227-92f9-42e5-b3ea-a7bb0ae7cdb8_360.png,train,NoR,RG,0.13581646978855133,0.7328001260757446,-0.6410727500915527,0.30520696730556596,0.5544484213128242,0.1403446113816099,False
img/1a74e02b-c095-486c-a424-54b829fdfa03_360.png,train,RR,RG,0.5977622866630554,1.7760429382324219,-1.7293936014175415,0.2300777691219124,0.7474728846996856,0.022449346178402024,False
img/1ac1aae6-faee-42d8-a40f-d8f7d268146e_270.png,train,RG,RG,0.45963501930236816,2.1772046089172363,-1.919818639755249,0.15006963071673707,0.8360337480741504,0.013896621209112649,False
img/1b057d82-5891-49c9-a93b-037f386ae52e_90.png,train,RR,RR,1.6793198585510254,-0.10993164777755737,-1.1463111639022827,0.8154236212762813,0.1362452066780841,0.0483311720456347,False
img/1b3c1e76-c73e-49fb-b3b8-e4dc292d2413_270.png,train,RR,RR,2.2921383380889893,-0.10454336553812027,-1.5928406715393066,0.8996302805810947,0.08188388244441024,0.018485836974494997,False
img/1b43fea0-63f6-4bec-8fe4-aaedb6c19a9b_90.png,train,RG,RG,-0.13100942969322205,0.1055554449558258,0.005389854311943054,0.2929948580704644,0.371192180142824,0.3358129617867115,False
img/1b49f6b4-09e2-4505-bf3a-bbc6c175ef8a_90.png,train,RG,RG,0.09438936412334442,1.8400933742523193,-1.412145972251892,0.1438515543022868,0.8242599101306007,0.0318885355671124,False
img/1b5521cf-4ec6-4c61-9cde-9e9dcb496db6_90.png,train,RG,RR,2.0711164474487305,2.036856174468994,-2.982248067855835,0.5069174537914685,0.489844456169052,0.0032380900394795753,False
img/1b90dca3-9d75-4531-ac3a-91f27791e546_239.png,train,RR,RR,1.137365460395813,-0.12389115989208221,-0.7447655200958252,0.6965907710302046,0.19734263638811875,0.10606659258167671,False
img/1ba5807a-7352-46d6-ad2d-43cf4fdd1a52_216.png,train,RR,RR,1.9852734804153442,-0.1259637475013733,-1.3557006120681763,0.8646849985362854,0.1047030291481181,0.03061197231559642,False
img/1c21a1bc-d073-4cbe-b1dc-f55b8ae9d551_270.png,train,RG,RG,1.0531530380249023,1.6109594106674194,-1.9388988018035889,0.3575232686696562,0.6245346546417971,0.01794207668854657,False
img/1c2b0a35-c8af-4066-98a0-9b220a15ede1_325.png,train,RR,RR,2.2185728549957275,-0.07189569622278214,-1.563321828842163,0.8896808907074932,0.09005263182395579,0.020266477468550988,False
img/1c4cdbf7-de78-4a89-a323-4b4f221f28c8_180.png,train,RG,RG,0.0023981183767318726,2.108020067214966,-1.5395147800445557,0.10608750921470986,0.8712127974773188,0.02269969330797128,False
img/1c5352d9-c3f3-4d06-9d5e-fdc3ff50ac34_270.png,train,RR,RR,1.439683437347412,-0.1366182118654251,-0.9539198875427246,0.7703932432981697,0.1592697715412896,0.07033698516054065,False
img/1c587535-84f5-41de-8b70-b7a990e31e61_376.png,train,RR,RR,1.7974083423614502,1.071344017982483,-2.086118221282959,0.6647223574380933,0.32159890147404074,0.013678741087865987,False
img/1cb0f656-3b33-4315-a19f-938ea3f3498a_90.png,train,NoR,NoR,-0.10751953721046448,-0.05785819888114929,0.10663378983736038,0.3039765252906361,0.3194535300272693,0.3765699446820946,False
img/1cbaedbd-a3b0-418d-8df6-0a27981911e7_360.png,train,RR,NoR,-0.011357381939888,-0.13411536812782288,0.09233997017145157,0.33403007776824567,0.2954421524029458,0.37052776982880853,False
img/1cea82a9-db04-47ba-9b1f-d3e84216488e_308.png,train,NoR,RR,2.310377359390259,0.7455946803092957,-2.2209887504577637,0.8197397154279871,0.17143500078198962,0.008825283790023347,False
img/1d0938bb-ff8d-454e-8a85-5f4d604a0342_90.png,train,RR,RG,0.35098522901535034,1.439102053642273,-1.3074125051498413,0.24043535296790958,0.7137752061268902,0.04578944090520015,False
img/1d0bd0a1-9bd7-40f9-acd0-6d263c5a7079_270.png,train,RG,RG,2.257561206817627,2.354182243347168,-3.3464627265930176,0.475030970480204,0.5232194839680245,0.001749545551771407,False
img/1d648679-1fc7-47bc-afc8-dc80121e72f9_90.png,train,NoR,NoR,-0.16526851058006287,-0.13657528162002563,0.20528770983219147,0.28755058841746306,0.29592085399885076,0.41652855758368623,True
img/1d83077c-e526-4c4b-aced-6be19408151d_273.png,train,RR,RR,1.635062336921692,-0.1235443651676178,-1.1044973134994507,0.808483562041062,0.13928938080077005,0.052227057158168,False
img/1da4ca3c-4adb-46e3-b580-9e3aba9e5ff4_0.png,train,RG,RG,-0.08849925547838211,2.0585744380950928,-1.4380927085876465,0.10184213201576169,0.8717455514730071,0.0264123165112311,False
img/1dbbc13c-8eb3-4429-92a6-c0eb287170bd_360.png,train,RG,RR,2.1149134635925293,1.9086743593215942,-2.9211578369140625,0.5494089693537942,0.44702029442575125,0.003570736220454454,False
img/1e0a4c96-5f42-4385-8fa5-e190205aaad0_180.png,train,RG,RG,0.018269091844558716,0.5120002627372742,-0.3964470624923706,0.30312713936877295,0.4966489757148683,0.20022388491635873,False
img/1e55bb17-d19b-4960-b60c-4930f26f6249_379.png,train,RR,RG,0.6615009903907776,2.135835886001587,-2.035698890686035,0.183974919657036,0.8036262819883421,0.01239879835462179,False
img/1e749d58-4283-453d-8b1b-b499eeab2348_180.png,train,RR,RR,1.68596351146698,1.436102271080017,-2.269482374191284,0.5561552811095214,0.4331942741370235,0.010650444753455173,False
img/1e7a9b51-cd7d-465a-a4a3-db08ea3c5a0e_270.png,train,RG,RG,-0.10873106122016907,2.397062301635742,-1.6683354377746582,0.07427491549594208,0.9101110695243427,0.015614014979715225,False
img/1e9849aa-dce0-470b-89d2-5bd89aa3b64f_0.png,train,RG,RG,0.4410419464111328,1.880757451057434,-1.69194495677948,0.18733684995154515,0.7904669427950349,0.022196207253419885,False
img/1ea3812e-ca3e-485a-b4c6-28e21572e047_360.png,train,RG,RG,-0.049974314868450165,2.03664231300354,-1.4500535726547241,0.10747852181302754,0.8660197015743364,0.02650177661263609,False
img/1f0addc4-d7a1-4ac2-85ce-b4f75f69aa43_149.png,train,RR,RR,1.9100559949874878,0.14374913275241852,-1.4964773654937744,0.8304825937753101,0.14198197428227086,0.027535431942418902,False
img/1f0fcc15-c8b6-45c5-8b3e-2fbdbbbdcbf7_218.png,train,RR,RR,2.0758728981018066,-0.09809285402297974,-1.441300868988037,0.874577748085294,0.09946197836394553,0.025960273550760464,False
img/1f167bdb-02d1-45df-8675-c29fc0ff30c2_180.png,train,RG,RG,0.13193373382091522,2.2393035888671875,-1.7280449867248535,0.10658422264213088,0.8768231779857382,0.016592599372131023,False
img/1f1682d1-4b73-42f0-9dff-187f1bfccdee_180.png,train,RR,RG,1.082894206047058,1.720711588859558,-2.0397732257843018,0.3405547235214071,0.6444474034038292,0.01499787307476367,False
img/1f1ed8df-c403-4a36-954d-49279aba77a6_360.png,train,RR,RR,2.1638758182525635,-0.09863565862178802,-1.504471778869629,0.8852633680044665,0.09214594831917111,0.022590683676362466,False
img/1f21a375-8970-4d00-973e-6ebf777d4e75_90.png,train,RR,RG,0.3957675099372864,1.5000910758972168,-1.3838765621185303,0.23889833271348454,0.7207999531183883,0.040301714168126994,False
img/1f4892aa-2884-4ca3-9d31-628f7c1ab249_248.png,train,RR,RR,2.035707950592041,0.030614390969276428,-1.5053945779800415,0.8593803982339111,0.11571359191463212,0.024906009851456832,False
img/1f6313d3-9afa-4fcf-9604-2a1855a00155_141.png,train,RR,RR,2.079401969909668,-0.1400660127401352,-1.413487195968628,0.8779016312774538,0.09539885415605175,0.026699514566494605,False
img/1f64e80f-5613-4548-8da6-84b9178c528c_270.png,train,RR,RR,1.4660381078720093,0.023157715797424316,-1.0885345935821533,0.7610513796592863,0.17979556932383517,0.05915305101687862,False
img/1f700920-8fbd-4044-a971-e690ab490ae9_204.png,train,RR,RR,2.040895938873291,0.033247679471969604,-1.5110467672348022,0.8598651590002294,0.1154834610911865,0.024651379908583994,False
img/1f7a73af-b9da-44c6-9b7b-154695dcfcfe_0.png,train,RR,RR,0.44314080476760864,-0.1183195486664772,-0.2473653107881546,0.48269588741566893,0.2753179107990018,0.2419862017853292,False
img/1f7b5f90-01ca-4cbb-915b-cd0102de7b98_270.png,train,RR,RR,2.037328004837036,-0.0796373039484024,-1.4268107414245605,0.8682843909064614,0.10453835018586924,0.027177258907669383,False
img/1f9867e0-d67a-4475-825a-e82d6a10ae38_180.png,train,RR,RR,0.9045265316963196,0.22342519462108612,-0.8278309106826782,0.5942030826484703,0.3007020218662239,0.10509489548530583,False
img/1fe0d3ff-03cd-4571-b16b-955496ca857e_270.png,train,RR,RR,2.345364570617676,-0.1162668839097023,-1.6228049993515015,0.9056300089085006,0.07724632867595402,0.017123662415545315,False
img/1ffc4ae4-fc41-45b2-ad34-399520f0f5e8_180.png,train,RR,RR,2.1061081886291504,0.0184393972158432,-1.5474367141723633,0.8696597694102957,0.10781677667017282,0.022523453919531502,False
img/1ffea7ec-a054-47d7-8d1d-28451b71b0a0_170.png,train,RR,RR,1.572609543800354,0.4334080219268799,-1.4622774124145508,0.7309115558274614,0.23394614514028855,0.03514229903225007,False
img/20057c95-823f-4777-88ca-2c72b79647f8_180.png,train,RR,RR,0.7507477402687073,-0.11114963889122009,-0.4747329354286194,0.5827585713352539,0.24613387791704058,0.1711075507477055,False
img/2016036e-24b0-4a35-9ad4-96c7ea57b444_407.png,train,RG,RG,-0.012411549687385559,2.0672614574432373,-1.4993339776992798,0.10836679120834239,0.8671350182374973,0.02449819055416044,False
img/202b9a23-a390-4efb-b6ef-eb17898ed052_463.png,train,NoR,RR,1.1900761127471924,0.5725207924842834,-1.286609411239624,0.6160357559750804,0.3322041491444266,0.05176009488049305,False
img/20409799-92df-4f99-af57-e7922bbf78b4_96.png,train,NoR,RG,-0.14227907359600067,2.1107866764068604,-1.437017560005188,0.09267121728499299,0.8819396954923812,0.025389087222625954,True
img/204abcd6-089f-403d-ba88-a69eb96d8e27_270.png,train,RR,RG,0.2785989046096802,0.8627643585205078,-0.8382165431976318,0.32042920967505223,0.5746877393158388,0.10488305100910897,False
img/2072010a-57fa-422a-9a42-bbbb31010e48_180.png,train,RG,RG,1.493525743484497,2.0153586864471436,-2.5495100021362305,0.37000616512386897,0.6235023978851967,0.0064914369909342875,False
img/2072010a-57fa-422a-9a42-bbbb31010e48_270.png,train,RG,RG,1.9242712259292603,2.1748292446136475,-2.9759907722473145,0.4362646263483935,0.5604875439075484,0.0032478297440581153,False
img/207df7be-69a3-46b7-ac6f-94cdf3e2dde1_357.png,train,RR,RR,2.342388153076172,0.16248618066310883,-1.8222997188568115,0.8860635863102506,0.10017180316013988,0.013764610529609587,False
img/209b9917-5367-433a-a0c7-eca6429de05c_213.png,train,RR,RR,1.9868391752243042,-0.06597186625003815,-1.4002286195755005,0.8604510243729129,0.11045913761687108,0.029089838010215925,False
img/210fb114-67e8-4194-a295-2e5cc1d1545c_360.png,train,RR,RR,1.342419981956482,0.0766710489988327,-1.0379571914672852,0.7275141702107307,0.20517936418748445,0.06730646560178477,False
img/212e5f91-7ccb-4d9b-9c24-4381d2a78f44_90.png,train,RG,RG,0.043056100606918335,1.9132875204086304,-1.4280158281326294,0.12954245061265643,0.84070434898834,0.02975320039900354,False
img/2135de19-4edf-4672-9db5-849165daa587_206.png,train,RR,RR,2.2799482345581055,-0.1357918530702591,-1.5614314079284668,0.9002802817117245,0.08039613085538178,0.019323587432893797,False
img/2148bf6f-118b-47dd-a450-249ea82fac05_360.png,train,RR,RG,-0.04239976406097412,2.031278610229492,-1.4516444206237793,0.1087150905825841,0.8647227943304677,0.026562115086948005,False
img/2149bb05-eb32-486e-8e3d-a6b1e3b37f74_270.png,train,RR,RR,1.0331833362579346,-0.005680590867996216,-0.7550273537635803,0.6574122131397497,0.23262955877637825,0.10995822808387203,False
img/2168200f-2b0a-4e71-a652-00d7174a3f1a_270.png,train,RR,RR,2.075087308883667,0.605836033821106,-1.9499428272247314,0.8013073576846418,0.18437898047243087,0.014313661842927415,False
img/217f4719-2d30-4465-9573-cab66a53d136_270.png,train,RR,RR,1.995871901512146,0.14140425622463226,-1.556764841079712,0.8437499515449942,0.13207745614510025,0.024172592309905556,False
img/219092db-6db9-4847-9b95-14caa024f72a_180.png,train,RR,RR,1.8967849016189575,0.03145541250705719,-1.4056605100631714,0.8391808400150386,0.1299431096322852,0.0308760503526762,False
img/21d93d66-42c4-4292-8c79-6e562f96f5c8_0.png,train,RG,RG,-0.14540570974349976,2.4387142658233643,-1.6719759702682495,0.06911374568672293,0.9158692470702388,0.01501700724303822,False
img/21d93d66-42c4-4292-8c79-6e562f96f5c8_180.png,train,RR,RG,0.5179102420806885,0.8969054222106934,-1.035765528678894,0.374211551347065,0.546654219640458,0.07913422901247712,False
img/21dce7c3-ed83-4f7d-bba5-92459a9aba05_360.png,train,RR,RR,2.39119029045105,-0.08737407624721527,-1.676804780960083,0.9082856739636048,0.07617204876738344,0.015542277269011754,False
img/2233e2ed-b373-4f14-a7fa-7717aa177e9e_180.png,train,RG,RG,-0.13584652543067932,2.4249112606048584,-1.6688957214355469,0.07061398850367842,0.914142116934102,0.015243894562219626,False
img/22494953-851d-43f5-9319-cefb71521013_261.png,train,RR,RR,0.2258957475423813,-0.1277085393667221,-0.08365987241268158,0.4105215488580045,0.28824883997751194,0.30122961116448355,False
img/225fbe46-24e9-4501-9215-72cbf0e2d508_289.png,train,RG,RG,-0.020770058035850525,2.414401054382324,-1.7444112300872803,0.07938910029082002,0.9064466677491956,0.014164231959984458,False
img/226ac1ad-03b6-4255-8e35-7c60c65ec68d_270.png,train,RG,RG,0.41165804862976074,2.0699212551116943,-1.8075587749481201,0.1572604317573269,0.8256462710696089,0.017093297173064133,False
img/22adff6b-b869-416e-b4ac-42068b3e73be_270.png,train,RR,RR,2.335752248764038,0.058704838156700134,-1.7424334287643433,0.8932361099555441,0.091634105774837,0.015129784269618762,False
img/22f45eb5-fb5d-4b26-b46b-e820812084b5_180.png,train,RR,RG,1.1673932075500488,1.3687973022460938,-1.8462376594543457,0.4400959135258685,0.538289641900754,0.021614444573377425,False
img/22f45eb5-fb5d-4b26-b46b-e820812084b5_360.png,train,RR,RR,1.9004005193710327,1.678216814994812,-2.5995090007781982,0.5519134639155925,0.4419547765487705,0.006131759535636989,False
img/232bb3ce-6cde-4f09-9147-f31766b7f123_90.png,train,RG,RG,0.04895135760307312,0.09696744382381439,-0.11838139593601227,0.3454105421398545,0.3624004344593489,0.2921890234007966,False
img/236a04e9-45ea-464c-a3f4-3ff677e57b14_260.png,train,NoR,RR,0.47913312911987305,-0.0962444469332695,-0.2893308997154236,0.49353049760232204,0.27760717629275694,0.22886232610492097,True
img/2371ea7b-3c5e-4486-996d-4c3f37cab612_270.png,train,RR,RR,2.401691436767578,0.22758813202381134,-1.9122276306152344,0.8872397453106302,0.10088809465590749,0.011872160033462193,False
img/237bf6e2-7cbb-40ee-852b-09524da097a2_360.png,train,NoR,RG,0.27169269323349,0.3920808434486389,-0.492744505405426,0.38557480299395713,0.43490315141867264,0.17952204558737014,True
img/23872ba2-bd12-47d2-8cb9-04cb0ed6eb9a_270.png,train,RR,RR,0.8999623656272888,0.029826194047927856,-0.6844882965087891,0.6157806424965857,0.2579471267113887,0.12627223079202565,False
img/23be5b88-15e6-4164-921e-d4fe4d00cadc_180.png,train,RR,RR,0.9894673228263855,-0.13169991970062256,-0.6322916746139526,0.6564048399709725,0.21392179197611264,0.12967336805291482,False
img/23dd72e8-4099-47af-961d-b77c57807c1e_180.png,train,RG,RR,1.0829445123672485,0.34399789571762085,-1.0439202785491943,0.6262418287556594,0.29910359584167445,0.07465457540266615,False
img/23dea198-7b7d-4bbb-b585-f640287358be_370.png,train,RR,RR,2.1467034816741943,0.6681647300720215,-2.046757459640503,0.804463471081278,0.18339399342483123,0.012142535493890732,False
img/240b9a4d-4876-4528-95ee-770974d3d79e_270.png,train,NoR,RG,0.2010089010000229,1.9230505228042603,-1.5491657257080078,0.14771735604902977,0.8266176986505088,0.025664945300461307,False
img/241fc6a6-a33d-4838-8af1-a4681d6d5ebe_69.png,train,RR,RR,2.1085610389709473,1.5602822303771973,-2.6645491123199463,0.6303589364561849,0.36431198018190264,0.005329083361912509,False
img/247b505e-255d-4a32-9d82-b2e4938a5e1d_0.png,train,RG,RG,0.2479979246854782,2.044989824295044,-1.6713138818740845,0.13931098663742533,0.8402509923469991,0.020438021015575496,False
img/247ca406-6578-499f-82dd-ce012322c1d2_143.png,train,RR,RR,1.2587275505065918,-0.13996060192584991,-0.820799708366394,0.7289108100408247,0.1799831483929418,0.0911060415662335,False
img/247f0698-bf86-4409-b927-cde1f8c90181_90.png,train,RG,RG,-0.13888733088970184,0.09186585247516632,0.0209827721118927,0.2912983274243164,0.3669043199754198,0.3417973526002638,False
img/2480cf30-b652-4126-ad09-2d6b8bf16e85_180.png,train,RG,RG,-0.10424617677927017,0.12183056771755219,-0.02571408450603485,0.29981681707333224,0.37587191091810257,0.32431127200856513,False
img/24d7aa23-dea9-4162-a181-9ecd89c2451e_184.png,train,RR,RR,1.9444681406021118,0.04662922024726868,-1.4510780572891235,0.8450125062136167,0.12666078226183639,0.028326711524546973,False
img/24e5688e-7966-4c28-8e2e-b09450880dcd_134.png,train,RR,RR,1.9376031160354614,0.9831076860427856,-2.1235508918762207,0.7131469798805347,0.27456612159415283,0.012286898525312642,False
img/24f3632e-bc3f-404b-bbaf-277cd64d941b_274.png,train,RR,RR,2.090226888656616,-0.1193435788154602,-1.4362961053848267,0.8778438457492036,0.0963414120581674,0.025814742192629157,False
img/24f9642e-a53c-49bc-99f0-0210956c706f_265.png,train,RR,RR,2.231900453567505,0.13775412738323212,-1.7246052026748657,0.8754227898471735,0.10783050884862067,0.01674670130420588,False
img/25045699-60f9-4168-863b-1e2c5e65b35f_180.png,train,RR,RR,2.042415142059326,0.5854488611221313,-1.9115960597991943,0.7986458122715379,0.18603806024919314,0.01531612747926901,False
img/25258194-dd4f-449b-8219-84ac73eb6c27_147.png,train,RR,RR,0.8488616347312927,0.11488576233386993,-0.7091093063354492,0.5915200859363217,0.2839277396889258,0.12455217437475254,False
img/253a3bb6-ac6c-42d2-8176-dbf380e24fdb_362.png,train,RR,RG,1.7940155267715454,2.077235698699951,-2.8113110065460205,0.42782655407126646,0.5678958492311257,0.004277596697607871,False
img/25477dcd-2383-4452-833c-5707ea753684_360.png,train,RR,RR,1.4937984943389893,0.7968505620956421,-1.6682608127593994,0.6491644595568433,0.32335091476576083,0.02748462567739583,False
img/254abca4-2743-42e7-bdeb-5bd9944eb071_270.png,train,RR,RR,2.3070871829986572,-0.10616302490234375,-1.6024664640426636,0.9012473547783523,0.08068313307089726,0.01806951215075048,False
img/2575a7cb-4c66-49cf-9451-964093d0e368_180.png,train,RG,RR,0.5598368644714355,0.07641376554965973,-0.47252005338668823,0.5068846668207442,0.3125799877348622,0.18053534544439362,False
img/257869cf-6c2b-4c83-bb06-f5a3f8761276_270.png,train,RR,RG,-0.06110500544309616,1.5054980516433716,-1.0577939748764038,0.16235222382039133,0.7777236482981098,0.059924127881499055,False
img/2595591c-da89-4443-b5ec-34d330bdd7f8_257.png,train,RR,RR,1.9027777910232544,1.5442936420440674,-2.5043485164642334,0.5844792037626646,0.40839590192093955,0.007124894316395855,False
img/259caf8a-8566-4aed-a707-a07f1fd58506_270.png,train,RG,RG,1.532979130744934,1.971612811088562,-2.5463616847991943,0.3894830558779969,0.6039274304587935,0.006589513663209586,False
img/25a9d32f-5c7c-4361-adcf-c1ed7bbba2c7_0.png,train,RG,RG,1.0350122451782227,2.222665548324585,-2.368292808532715,0.23187655083151212,0.7604105043093091,0.00771294485917869,False
img/26294553-8480-4c87-86ca-89c16defb6da_0.png,train,RR,RR,1.6156138181686401,0.0399673730134964,-1.2087311744689941,0.7897513686534186,0.16337884844184675,0.046869782904734786,False
img/265b1db3-fd37-403a-b95d-22eadf7ec41d_299.png,train,RR,RR,2.082308292388916,0.7011463642120361,-2.024104118347168,0.788797092751519,0.19821398698172488,0.012988920266755985,False
img/266ccd60-ea5c-42e2-abf3-739892648404_270.png,train,RR,RG,0.6637201309204102,0.9637501239776611,-1.1894365549087524,0.39894027179534963,0.5385291914743648,0.0625305367302856,False
img/26715283-86c2-445b-acab-265d646a07af_360.png,train,RR,RG,-0.12398114800453186,1.8895174264907837,-1.2901718616485596,0.11362312240515823,0.8509774264997896,0.03539945109505224,False
img/269401a6-9b31-4936-8b33-aa46051443d0_180.png,train,NoR,RR,0.029033154249191284,0.0018924176692962646,-0.03521917760372162,0.3435254347470063,0.33432728827028724,0.32214727698270645,True
img/269401a6-9b31-4936-8b33-aa46051443d0_270.png,train,RR,RR,0.11639659106731415,-0.10797649621963501,-0.018843650817871094,0.3741782564548184,0.29897477883682133,0.3268469647083604,False
img/26a7ed21-abfd-40b6-a9e7-91d315915a10_180.png,train,RG,RG,1.4623467922210693,2.274871826171875,-2.714716911315918,0.30591005712520614,0.6893962135849083,0.004693729289885481,False
img/26a7ed21-abfd-40b6-a9e7-91d315915a10_90.png,train,RG,RG,0.17963851988315582,1.7631396055221558,-1.418053388595581,0.16462676899277556,0.8020588556208857,0.033314375386338774,False
img/26aba68a-6269-460c-9f13-9ed10f7b4349_321.png,train,RR,RR,2.175680637359619,-0.13590577244758606,-1.4860376119613647,0.8890530727348516,0.08810863337255005,0.022838293892598414,False
img/26cedcf3-4dde-4911-967e-b279b64fd217_180.png,train,RG,RG,-0.060600392520427704,2.422009229660034,-1.7211458683013916,0.07597339433039554,0.9095889794804971,0.014437626189107404,False
img/26cf7b89-2047-4b59-9670-9557e9399a5a_90.png,train,RG,RG,0.1638861447572708,2.168682336807251,-1.7000378370285034,0.11655495908622811,0.865371682704452,0.01807335820931991,False
img/26e6f5ef-5dac-49d9-a267-c8da544d3e3a_360.png,train,RG,RG,0.4485830068588257,0.7759716510772705,-0.8982099294662476,0.3777271594610372,0.5240362067824857,0.09823663375647705,False
img/26fae7e8-1fbe-4cfa-8c53-5705a39fb3d5_90.png,train,RG,RG,0.6582680344581604,1.3439573049545288,-1.4605333805084229,0.32202849664247196,0.6392715410700421,0.03869996228748594,False
img/27070874-0ec8-4976-acac-8f71d1ebc807_0.png,train,NoR,NoR,-0.11318083852529526,-0.10899092257022858,0.1477113515138626,0.30282049274804546,0.30409194694517205,0.3930875603067825,False
img/2727e2d2-7c9a-4eaf-a0f6-c0b1322d521a_270.png,train,NoR,NoR,-0.08560239523649216,-0.0980423092842102,0.11987172812223434,0.3109699942872207,0.3071255163524886,0.38190448936029076,True
img/2729c5dc-81ea-4576-8354-11f2788688e2_270.png,train,RR,RR,2.1958541870117188,1.9235044717788696,-2.9903483390808105,0.565872965741131,0.43096198985623424,0.003165044402634914,False
img/27321279-a1aa-4dd2-ba63-ce6de1528c4b_0.png,train,RG,RG,0.22936822474002838,1.8025646209716797,-1.4824919700622559,0.16659540863166242,0.8033291789333135,0.030075412435024186,False
img/27321279-a1aa-4dd2-ba63-ce6de1528c4b_90.png,train,RR,RR,2.077580451965332,0.3115570545196533,-1.7388675212860107,0.8382106635966252,0.14334381711159278,0.018445519291782005,False
img/273e34b3-cded-4a5f-8a72-26ed5f0f3a1c_270.png,train,RR,RR,2.3052947521209717,-0.0758356973528862,-1.623110055923462,0.8991826957348562,0.08312585506449607,0.017691449200647854,False
img/2773f8e3-7bce-4ec4-ab5a-d1af3ae34d31_360.png,train,RR,RR,1.7479078769683838,-0.10635336488485336,-1.1984399557113647,0.8270616045289081,0.12949184963360455,0.04344654583748751,False
img/278a7eff-9114-4a2f-a294-2d9905c6884e_270.png,train,NoR,RR,1.1544839143753052,-0.11391018331050873,-0.7643501162528992,0.7002502124902409,0.19696846108449678,0.10278132642526228,False
img/27cb97c7-b389-4be0-9c90-c8df08612db4_90.png,train,RR,RR,2.2490038871765137,-0.07504437863826752,-1.583024263381958,0.8932222617493054,0.0874255153264117,0.019352222924282802,False
img/27f1c4ef-624d-4b79-95ee-bb4291d2917e_360.png,train,RG,RR,0.7335419654846191,-0.05725676566362381,-0.5012904405593872,0.5732742036036095,0.2599697846617914,0.16675601173459906,False
img/2802948f-2ab6-47ae-9506-2a9f56b5189b_270.png,train,RR,RR,1.933644413948059,-0.13825632631778717,-1.3095173835754395,0.8583791005209771,0.10810955420209077,0.03351134527693211,False
img/281d65fb-a492-4f39-897e-cb1ee46eb453_278.png,train,NoR,RR,0.46244901418685913,-0.13350659608840942,-0.25032538175582886,0.4898796231639198,0.2699411800600755,0.24017919677600477,False
img/282098a4-0118-41a7-aedb-1e2ec9ab4b0f_0.png,train,RG,RR,1.8137669563293457,-0.12930172681808472,-1.229408860206604,0.8396680272236846,0.12029390117423625,0.04003807160207925,False
img/282eb42d-9a06-4fc8-bf01-1b68a790c4fd_180.png,train,RR,RR,2.384662628173828,-0.13556000590324402,-1.6372332572937012,0.9104477608839194,0.07323796172550846,0.016314277390571938,False
img/2844a776-f995-47ac-8edd-e1afc562368d_360.png,train,RR,RR,2.0064306259155273,1.9354060888290405,-2.8621389865875244,0.5156969418147667,0.4803402628920216,0.003962795293211673,False
img/2848f354-a51e-4dfa-9dc3-c44c13ab8bbf_90.png,train,RG,RR,0.5323877930641174,0.09862254559993744,-0.46875935792922974,0.49614937422460975,0.321536732815849,0.18231389295954128,False
img/28495db3-7baa-43af-b2dc-db25f842d430_180.png,train,RR,RR,2.297964334487915,1.9842337369918823,-3.108031988143921,0.5763006376243469,0.4211120150760066,0.0025873472996463627,False
img/28598464-67c1-4333-9827-f8afd44adb6e_180.png,train,RG,RG,-0.07544153183698654,2.1611740589141846,-1.5217427015304565,0.09436603020437316,0.8834164759601786,0.022217493835448163,False
img/289ad5a9-8f3d-41fa-87cd-01864efc13bc_270.png,train,RR,RR,1.5976932048797607,0.1143716424703598,-1.2496100664138794,0.7782807665881327,0.17657854281437577,0.04514069059749145,False
img/28c6987d-874f-4bea-8095-b7c1ce195ffb_0.png,train,RG,RG,-0.10333286225795746,2.3266637325286865,-1.6213092803955078,0.07950390632820459,0.9030724217220497,0.017423671949745558,False
img/28d098cd-82e6-46ad-9cbc-6e0a94add23a_180.png,train,RG,RG,0.7576632499694824,1.0366239547729492,-1.3100061416625977,0.4084574182457883,0.5398807999563123,0.0516617817978994,False
img/28dc696d-ff54-404e-b75c-728f1ee0b9f6_180.png,train,RG,RR,2.014228582382202,1.4445672035217285,-2.5127079486846924,0.6343041625693581,0.3588366289036127,0.006859208527029339,False
img/28e25382-4a06-4bf3-b61c-48472ec30be0_90.png,train,RG,RG,-0.12301084399223328,2.2534236907958984,-1.554115653038025,0.08329521443367485,0.8967935078881913,0.019911277678133766,False
img/28f4d842-1f6b-48e3-a9b6-8a41a9663e2a_149.png,train,RR,RR,1.807883858680725,-0.08178205788135529,-1.2595343589782715,0.8349591052532814,0.12618093025313712,0.0388599644935814,False
img/28f97cc8-9185-42ba-b93a-f32f1944b91a_0.png,train,RG,RR,0.21223632991313934,-0.01719452440738678,-0.1537376195192337,0.40184740436536165,0.3194630351217106,0.2786895605129278,False
img/291de104-4c2f-46d1-986d-0629a3e1d906_163.png,train,RR,RR,1.7362256050109863,-0.08089012652635574,-1.2084217071533203,0.8229678025212915,0.1337271254244931,0.04330507205421535,False
img/291e1454-f5bf-49a5-b7d1-07bb227c5b45_0.png,train,RR,RR,1.7566553354263306,-0.08876769244670868,-1.2174792289733887,0.8270955733655826,0.13064676447317244,0.04225766216124491,False
img/294113ae-0ef4-4b0f-957f-e1b3d7ede9a2_180.png,train,RR,RR,2.090094804763794,-0.10214218497276306,-1.4486439228057861,0.8766419163565452,0.0978916851715071,0.025466398471947656,False
img/299aac8e-4c51-4d3c-aa53-13a291346c18_0.png,train,NoR,RG,-0.11069018393754959,1.6056733131408691,-1.0944441556930542,0.14413039023875873,0.8019785603005308,0.05389104946071055,False
img/29bc2654-f389-4544-8a96-337348a6b4eb_0.png,train,NoR,RR,0.13687385618686676,-0.13065926730632782,-0.01722586154937744,0.38132258751409104,0.2918128230524663,0.3268645894334427,False
img/2a14411f-9c22-4497-9e56-5796a5d8d670_0.png,train,RG,RG,-0.04135715961456299,0.14715443551540375,-0.08945693075656891,0.3164066551703005,0.3820455585986022,0.3015477862310974,False
img/2a29061b-ea3f-454d-89f0-baf229009af6_0.png,train,RG,RR,1.7170464992523193,-0.10303762555122375,-1.178547739982605,0.821504830901675,0.13309374016694603,0.045401428931378836,False
img/2a34389d-2597-4abf-b7bc-d1b9cecc5008_90.png,train,RR,RR,2.038844585418701,-0.118921659886837,-1.3994884490966797,0.8713069238477773,0.10070828299087405,0.027984793161348526,False
img/2a64e16b-2d0f-4d47-a40f-6f9f66907b8b_180.png,train,NoR,NoR,-0.15923109650611877,-0.13559263944625854,0.2002161294221878,0.28931356250271434,0.29623396024582455,0.41445247725146106,False
img/2a6e463a-10e6-4046-8de9-e11323817598_111.png,train,RR,RR,1.9883421659469604,-0.06052763760089874,-1.405252456665039,0.8602385809990827,0.11086796258379839,0.028893456417119004,False
img/2a772deb-c7fc-4a54-bd99-5869cd284694_90.png,train,RR,RR,0.15017150342464447,0.05369524657726288,-0.16018922626972198,0.3786137903434661,0.343793231637888,0.2775929780186458,False
img/2a8d7bea-0d8d-4e09-a0d2-a8d1437ceceb_374.png,train,RR,RR,2.4237115383148193,-0.12565448880195618,-1.6726032495498657,0.9134380060222341,0.07136799233171684,0.015194001646049032,False
img/2a920c18-29d5-4123-bf53-860be332f59a_311.png,train,RR,RR,1.8438714742660522,0.15902169048786163,-1.4597208499908447,0.8181811638948181,0.1517499347653836,0.030068901339798313,False
img/2b3162d2-7279-451b-b19d-eb1ebae828fb_359.png,train,RR,RR,1.2900787591934204,-0.11718340218067169,-0.859920859336853,0.7345936468860033,0.17983779820891208,0.08556855490508472,False
img/2b3ad152-2b14-45ec-9d66-95a80754322d_297.png,train,RR,RR,2.253054618835449,-0.13896654546260834,-1.5397098064422607,0.8976838796557984,0.08208840817200314,0.020227712172198434,False
img/2b6820ac-fcdb-4c52-8170-bc1a653995d3_355.png,train,RR,RR,2.3767268657684326,0.9100198745727539,-2.3878543376922607,0.8069655079353811,0.1861539342745307,0.006880557790088187,False
img/2b84a20f-9c07-4a95-91d2-db495224fdf7_0.png,train,RG,RG,2.1531550884246826,2.437126636505127,-3.3310515880584717,0.4287159127536607,0.5695041327234218,0.0017799545229174843,False
img/2bc7fab2-bc93-410c-8258-02820e59de58_90.png,train,RG,RG,-0.13948850333690643,2.1520800590515137,-1.46890389919281,0.08964532641291567,0.8866316586492472,0.023723014937837097,False
img/2bd111a5-ebf3-4ac2-84f7-b48621d53a55_338.png,train,RR,RR,2.300065040588379,-0.122251495718956,-1.5857564210891724,0.9015126120096054,0.07997847182448659,0.01850891616590794,False
img/2bd30e96-d9d1-4247-9559-33f196be5fb6_360.png,train,RG,RG,-0.08454496413469315,0.31482505798339844,-0.17955268919467926,0.29409592837011117,0.43846326023709287,0.267440811392796,False
img/2c1324e7-d47a-47e7-a491-2e4f8b79809c_360.png,train,RR,RR,1.9485396146774292,1.3400005102157593,-2.389619827270508,0.6421758880273448,0.34943694502686057,0.008387166945794543,False
img/2c4596ff-c60a-40e5-aa46-5a7b961cd357_270.png,train,RR,RR,2.0679879188537598,-0.1128619983792305,-1.4249218702316284,0.8746168938536839,0.09878403845969029,0.02659906768662594,False
img/2c4f06d3-93d4-4cea-88b5-a198288872bd_180.png,train,RR,RR,1.8617562055587769,1.013715147972107,-2.0909082889556885,0.6908670485886965,0.295865909521369,0.013267041889934581,False
img/2c8cbbd6-acf1-4c87-bbb4-bd59a71802f1_268.png,train,RR,RR,1.7885916233062744,-0.10220719873905182,-1.2308247089385986,0.8334855222979806,0.12581562104753105,0.040698856654488434,False
img/2c96de13-4797-4978-8212-67bcb91f7020_200.png,train,RR,RR,2.0510895252227783,-0.13340796530246735,-1.3978537321090698,0.8738864185048267,0.09834216928212422,0.02777141221304892,False
img/2cb16d76-aaac-45aa-9652-99c9783177c9_156.png,train,RR,RR,1.6189689636230469,0.8720768690109253,-1.8130874633789062,0.6639412697292028,0.3145998776600323,0.02145885261076497,False
img/2cb82bf0-06be-45ec-8fb2-40b91b218082_162.png,train,RR,RR,1.8861559629440308,-0.11403170973062515,-1.2927407026290894,0.8496599383250947,0.11496739014566094,0.035372671529244545,False
img/2cce0457-73f0-4361-bc0c-ab92ac4ad899_90.png,train,NoR,NoR,-0.0959770530462265,-0.039475828409194946,0.08499930799007416,0.3070767594819914,0.32492648991127127,0.36799675060673726,False
img/2ce30bbf-7411-414f-95bf-40df1c7fa9a0_270.png,train,RG,RG,0.32497769594192505,1.9563215970993042,-1.662774682044983,0.16005783995173886,0.8180137540997825,0.021928405948478606,False
img/2d16c2c1-f5ad-48a2-8417-2a0b3c67d32d_0.png,train,RG,RG,0.4619239568710327,2.1222615242004395,-1.8817272186279297,0.1573053446948268,0.8275970278137245,0.015097627491448863,False
img/2d177af1-9754-432a-b9d3-f4ad352a9a33_243.png,train,RR,RR,1.7883192300796509,1.2592970132827759,-2.215514898300171,0.6221124928500029,0.36653672328340214,0.01135078386659506,False
img/2d54974a-a9a8-4044-80e2-6ea2ece2c7f8_84.png,train,RR,RR,1.9645272493362427,0.392084538936615,-1.7154624462127686,0.8111873487502992,0.16835188232961307,0.020460768920087732,False
img/2d7e02f4-3008-4200-8aa3-b36bd3e81705_270.png,train,RG,RR,0.5920267105102539,-0.09654146432876587,-0.370657742023468,0.5307401625797162,0.26658799870762334,0.20267183871266045,False
img/2d9bb5bf-c901-4db0-afd3-d91e2456a2af_270.png,train,RR,RR,2.0335826873779297,0.16539190709590912,-1.6013550758361816,0.8468918357145391,0.13076243497562892,0.022345729309831898,False
img/2da90252-7aac-4df7-8d1a-478fb171ed8a_270.png,train,NoR,RR,1.106367588043213,-0.006253153085708618,-0.8074733018875122,0.6774107993030892,0.22266249316268785,0.0999267075342228,False
img/2e247b8e-303b-423e-b0e3-dfec13c946a1_0.png,train,RG,RG,-0.06294224411249161,2.219935894012451,-1.5732780694961548,0.09069722728411636,0.8892735776772407,0.020029195038642932,False
img/2e933cf5-fc5c-41ba-b604-1b0fe75bedd1_90.png,train,RG,NoR,-0.14248910546302795,-0.002291768789291382,0.09169617295265198,0.29287898838968324,0.3369575140950565,0.3701634975152603,False
img/2e93f037-911b-4d62-be52-afa446a915d5_90.png,train,RR,RG,0.11232893168926239,0.1790972799062729,-0.22356949746608734,0.35922849970392373,0.38403243826092703,0.2567390620351493,False
img/2ee21bf8-6f69-47eb-b3a8-cec4fabc9dae_133.png,train,NoR,RG,-0.10761615633964539,0.9420100450515747,-0.6165826916694641,0.22433095200305161,0.6408200134032108,0.1348490345937375,True
img/2ef1a22d-5407-4d87-8ad7-abd5a022c70e_141.png,train,RR,RR,2.06762957572937,-0.0959663912653923,-1.4368849992752075,0.8733834044890411,0.10036150052719313,0.026255094983765777,False
img/2ef56134-963f-431f-bb02-a9af2ff6f28b_360.png,train,RR,RR,2.280895233154297,-0.13552913069725037,-1.5623053312301636,0.9003614484587477,0.08034837984410745,0.01929017169714504,False
img/2f061de8-27e2-4836-a0f0-166fb1815ad3_90.png,train,RR,RR,0.8816466927528381,-0.03592308610677719,-0.6236972212791443,0.6167396739124498,0.24638053566311513,0.13687979042443518,False
img/2f216b98-2e41-419d-a5f3-dac040792ae7_180.png,train,RR,RG,0.10586471855640411,1.0758224725723267,-0.8675750494003296,0.2490278984527323,0.6568940132277751,0.09407808831949269,False
img/2f2a352f-fc27-4b84-b3b6-06734a84dc35_180.png,train,NoR,RG,0.06733889877796173,0.8344441056251526,-0.6651395559310913,0.27516074706318305,0.5925650574086153,0.13227419552820158,False
img/2f531c48-ebee-44ea-b5f7-7ef42dfe269c_0.png,train,RG,RG,-0.0138435959815979,1.9449878931045532,-1.4098492860794067,0.1199239175711144,0.8503848490037086,0.029691233425176954,False
img/2f9de015-2b9d-4afd-9964-25ea2fc60dfb_264.png,train,RR,RR,2.2687184810638428,0.0019410252571105957,-1.6529537439346313,0.8901124264649193,0.09225627670902257,0.017631296826058084,False
img/2fa5bcca-3c5a-403d-b9e1-2303a3381469_126.png,train,RG,RG,-0.09223946183919907,2.291888952255249,-1.6041666269302368,0.08284944534633173,0.8988835230372734,0.018267031616394865,False
img/2fbc56a1-bf7e-4e80-be3a-9e1aa96a7b97_0.png,train,RG,RG,0.175942525267601,1.3117704391479492,-1.088871717453003,0.22747734716678286,0.7083076791899754,0.06421497364324186,False
img/2ff558cf-508f-4360-b523-06224990551b_270.png,train,RG,RG,-0.11930818110704422,2.025122880935669,-1.39164137840271,0.101860379208267,0.8696006700471699,0.028538950744562967,False
img/304d4404-c0b1-47e2-940d-104fe9012cbd_326.png,train,RR,RR,1.7646605968475342,-0.10733810812234879,-1.2098280191421509,0.8299516488275095,0.12765977785536434,0.042388573317126206,False
img/3062374c-b9fc-412e-a6e9-ed66bbfd8e6f_270.png,train,RR,RR,2.3216588497161865,0.021400511264801025,-1.7052686214447021,0.8944048046134397,0.08964882879927988,0.015946366587280526,False
img/30a76c31-6ce2-4015-af43-2f1d31ed6b9a_0.png,train,RG,RR,0.6895299553871155,0.5733687877655029,-0.9256839752197266,0.47865673329188474,0.42616327220483663,0.09517999450327862,False
img/30a76c31-6ce2-4015-af43-2f1d31ed6b9a_90.png,train,RG,RG,0.6185429096221924,2.087238073348999,-1.9695160388946533,0.18454510070661911,0.801583419298758,0.013871479994622965,False
img/30ae5199-166a-4aec-8af3-549ec54e91be_0.png,train,RG,RG,0.12563668191432953,1.9899531602859497,-1.543121337890625,0.13088995586812976,0.8444397730492733,0.024670271082596947,False
img/30ae5199-166a-4aec-8af3-549ec54e91be_180.png,train,NoR,NoR,-0.12097403407096863,-0.06319092214107513,0.12020941078662872,0.3000984615321124,0.31794987286205983,0.3819516656058278,True
img/30b17004-3fe8-43c2-b40a-05b83a04b9c3_90.png,train,NoR,RR,1.035933494567871,0.15744365751743317,-0.8750147819519043,0.6396521083937675,0.2657177382217087,0.09463015338452377,False
img/30cbfc6e-8974-4ef3-99fb-2d5e7c2f07f7_180.png,train,RR,RG,-0.08855663239955902,0.5275722146034241,-0.33055251836776733,0.2749666134416095,0.5091682599813824,0.21586512657700813,False
img/30f0f039-a0b4-430c-83ca-c436035ef746_270.png,train,RR,RR,1.8482359647750854,-0.060359008610248566,-1.3041774034500122,0.8396041807163857,0.12450371987384809,0.035892099409766356,False
img/30f2bf78-0e54-43ed-8de2-448ca451aa87_0.png,train,RG,RG,0.6457830667495728,1.1925760507583618,-1.3420093059539795,0.34907658458131985,0.6031007850810599,0.04782263033762016,False
img/30f2bf78-0e54-43ed-8de2-448ca451aa87_180.png,train,RG,RG,0.1005740612745285,1.841031551361084,-1.4172917604446411,0.14452684805730404,0.8237958794310485,0.0316772725116474,False
img/31102f61-b10c-4983-a2dc-278ce7d32097_39.png,train,RG,RR,1.604239583015442,-0.13524696230888367,-1.0737688541412354,0.8036580046267792,0.14113082061049484,0.05521117476272591,False
img/313a8b49-eacb-40fe-ab05-19b1fed680c0_180.png,train,RG,RG,0.5641608238220215,1.6402409076690674,-1.6068869829177856,0.2470833483676913,0.724734808338492,0.02818184329381654,False
img/313a8b49-eacb-40fe-ab05-19b1fed680c0_90.png,train,RG,RG,1.2587963342666626,1.4915019273757935,-2.001019239425659,0.43470599484005185,0.548603260480833,0.016690744679115188,False
img/31684354-98eb-4aad-ae7e-f1e21dfecb48_270.png,train,RR,RR,2.4220614433288574,1.1791857481002808,-2.6153087615966797,0.7721745195297994,0.2228134536855777,0.005012026784622829,False
img/31684354-98eb-4aad-ae7e-f1e21dfecb48_90.png,train,RR,RR,0.44224900007247925,-0.01692308485507965,-0.3200695514678955,0.4765558616672849,0.30109109633587655,0.22235304199683847,False
img/3178c2a1-f782-443e-ab9d-dffe6923cd2c_142.png,train,RR,RR,1.968030333518982,-0.11027036607265472,-1.3545984029769897,0.8611776415164011,0.10777008373108593,0.03105227475251304,False
img/3190a957-3e52-400b-ab7d-209a629e8c60_90.png,train,NoR,RG,0.39653193950653076,1.8903003931045532,-1.666698932647705,0.17918286128066732,0.7980532379042079,0.022763900815124666,False
img/31c67b2c-eb2f-4d72-b16a-15f24d59c9fe_90.png,train,RR,RR,1.8439491987228394,-0.1159411296248436,-1.2608739137649536,0.8433791612080223,0.11881008626946048,0.037810752522517234,False
img/31cedcb6-b681-40d1-9440-764f7ae464df_270.png,train,RR,RR,1.7910125255584717,-0.12125767767429352,-1.2187925577163696,0.8353898663148194,0.1234243377369013,0.041185795948279334,False
img/31e227e1-11c9-401e-bcef-7be2d56a72c2_90.png,train,RG,RR,0.7577415704727173,-0.10041023790836334,-0.4875531792640686,0.5841800740373336,0.24766015728537155,0.16815976867729474,False
img/31f0be43-ec83-48d8-b75d-e3eb55f9d162_310.png,train,NoR,RR,2.242623805999756,1.7053859233856201,-2.866346597671509,0.6287716880187246,0.3674290842745138,0.0037992277067615396,False
img/3202af0b-66a7-4847-8e8e-b01ef38f1f3f_180.png,train,RG,RG,0.05705997347831726,2.1433300971984863,-1.604539155960083,0.10817066272319127,0.8712947415359591,0.020534595740849582,False
img/3228825e-a7ca-4725-afd8-fd9634a19fc6_191.png,train,RR,RR,2.2819740772247314,0.007333487272262573,-1.666428804397583,0.8911708092174642,0.09164253540505365,0.017186655377482134,False
img/3233069a-0f39-4058-b6bf-95b6fcae1770_320.png,train,RR,RR,2.4076764583587646,-0.13343264162540436,-1.6553946733474731,0.9124294853223326,0.07188026194644016,0.015690252731227254,False
img/327465c1-0993-4e81-bfb1-0371fefeed96_180.png,train,RR,RG,1.218932867050171,1.6865408420562744,-2.113313913345337,0.37995590974503013,0.6064748099240963,0.013569280330873639,False
img/329ddc22-fbe6-410b-9ae6-1198a1fa00a0_332.png,train,RR,RR,2.2072908878326416,0.03329259157180786,-1.6312644481658936,0.8808658164432578,0.10017383330023666,0.018960350256505547,False
img/32b692b9-00af-4bce-a5c3-6faa560f1b07_123.png,train,RR,RR,2.2776377201080322,-0.13248957693576813,-1.5621514320373535,0.8998454099753198,0.0808095930893385,0.019344996935341578,False
img/32c6266f-b430-4d06-a2d9-c7ee613a6f47_197.png,train,RR,RR,1.953755259513855,-0.12183913588523865,-1.3359191417694092,0.8600317277856327,0.10791834603533328,0.032049926179034134,False
img/32e5eb2c-bcf2-4bdd-9d73-c646d789918c_180.png,train,NoR,RG,1.2681211233139038,1.3896729946136475,-1.9340932369232178,0.46084648672703066,0.5204099457763156,0.018743567496653745,False
img/32e8bb41-f399-4554-9bdf-89863c481a65_270.png,train,RR,RG,0.060054272413253784,0.5585904717445374,-0.4603304862976074,0.30858468885469514,0.5080259470636639,0.18338936408164103,False
img/32ecae20-5d79-4500-9ef8-2cdced2a5924_360.png,train,NoR,RR,0.3398675322532654,0.006057366728782654,-0.2627441883087158,0.4417800414472738,0.3163983272006292,0.24182163135209694,True
img/32f0d3bf-9b04-4086-b10e-40cde610f2bd_270.png,train,RG,RG,-0.15773873031139374,1.9370039701461792,-1.3001400232315063,0.10590524993259998,0.8603054720787751,0.033789277988625036,False
img/3300deb6-0634-4c1d-b238-416ccdf88a7c_377.png,train,RR,RR,2.3107011318206787,0.584139347076416,-2.104428768157959,0.8403446197115267,0.14949310696648452,0.010162273321988734,False
img/33271929-e733-47fd-9a85-ee3cc4875d16_183.png,train,RR,RG,1.7106469869613647,2.122925043106079,-2.7841455936431885,0.39660170872922784,0.5989694413272869,0.004428849943485206,False
img/335fcc74-03be-449a-9a28-5f0811a81625_360.png,train,NoR,RG,0.12210433185100555,0.7963138818740845,-0.6771132946014404,0.2930693411003215,0.5751430486320183,0.13178761026766014,False
img/3366c44a-1fbd-4839-8e5f-23142d826fac_270.png,train,RR,RR,2.1789889335632324,0.742144763469696,-2.1235928535461426,0.7992262105973051,0.18995740308689713,0.010816386315797703,False
img/33699efc-fd7f-4513-b8b3-4276831f09bc_161.png,train,RR,RR,1.5396593809127808,0.4499759078025818,-1.450462818145752,0.721186321659071,0.24255149829959546,0.036262180041333594,False
img/3381a025-366e-42f3-b3e9-c5728b927d24_90.png,train,RG,RG,0.8284672498703003,1.1856799125671387,-1.4689714908599854,0.39527945159001776,0.5649886541741646,0.03973189423581776,False
img/338d7634-d5e7-4125-808a-d0f27b1f38cd_180.png,train,RR,RG,0.47563230991363525,1.056087613105774,-1.1203781366348267,0.3344978979414277,0.5976981726721465,0.06780392938642567,False
img/3398221c-3a2c-432c-aa43-2827a20b1342_90.png,train,RG,RR,2.133110761642456,1.8296114206314087,-2.8771088123321533,0.5730988058964007,0.4230789467427263,0.003822247360873046,False
img/33c2c231-ab30-42c5-9a5d-96eefc5d17df_180.png,train,RG,RR,0.3279576301574707,-0.07135321944952011,-0.19814442098140717,0.4421480344997903,0.29658501210599364,0.261266953394216,False
img/33c67ce4-8aeb-4925-b25c-7859b0fb14fe_90.png,train,RR,RG,0.011143356561660767,2.2322781085968018,-1.6357173919677734,0.0960574323630446,0.8854367431838386,0.01850582445311696,False
img/33da79ae-a924-47b2-9da1-babb3b3e5909_0.png,train,RG,RG,0.0366920530796051,0.2405802458524704,-0.21341349184513092,0.33279203144589825,0.4080566274163972,0.25915134113770466,False
img/33dfeaf4-a89b-4754-8065-a869e3dacf98_180.png,train,RG,RG,-0.08698713779449463,1.9064382314682007,-1.329132318496704,0.1158829221808239,0.8506542498738465,0.03346282794532966,False
img/340296be-70bd-4ff8-b341-2c2b6c56ad6a_180.png,train,RR,RR,0.5058712959289551,-0.12535256147384644,-0.2875872850418091,0.5039768229330763,0.2680856243608361,0.22793755270608754,False
img/341d3605-1f1c-4250-bd87-d20772085261_360.png,train,RR,RR,1.385407567024231,-0.08417797833681107,-0.9526513814926147,0.7538433220435847,0.17339964297146546,0.0727570349849497,False
img/34339372-3f40-4e6e-aa41-21a0e9df74c0_360.png,train,RR,RR,1.348551630973816,0.7411739826202393,-1.5230752229690552,0.6244597031448194,0.34019165587363936,0.03534864098154132,False
img/34532622-a8a1-4f17-bc56-595c80a53996_180.png,train,NoR,NoR,-0.09559614956378937,-0.12199314683675766,0.1444156914949417,0.3081462249681643,0.30011850983348876,0.3917352651983469,False
img/345a07a7-0679-49ce-ae82-0563474b4dde_180.png,train,RR,RR,0.7243927717208862,0.23478375375270844,-0.7059388756752014,0.5399289510079045,0.33090407863189597,0.1291669703601995,False
img/3463f11c-03ff-431f-9a7d-5e3117f9bcfb_180.png,train,RG,NoR,-0.11589264124631882,-0.016852498054504395,0.08301880955696106,0.3008256570112054,0.33214480303365124,0.3670295399551433,False
img/3463f11c-03ff-431f-9a7d-5e3117f9bcfb_270.png,train,NoR,RG,-0.04920896887779236,0.4290797710418701,-0.28772521018981934,0.29402190515451015,0.4743488454203139,0.23162924942517593,False
img/3477ed00-cf1b-4ce3-84a0-0e0bd299e27a_270.png,train,NoR,RG,0.09136433899402618,0.34433650970458984,-0.32795798778533936,0.3395194143866093,0.4372492074451317,0.2232313781682589,False
img/3485f500-8ef9-416a-ba57-37bd764e387c_360.png,train,RG,RG,0.5444306135177612,1.753134846687317,-1.6743013858795166,0.2243214198250436,0.7512843183412733,0.02439426183368309,False
img/34b20c52-0f17-454a-9491-878f6968201c_90.png,train,RG,RG,1.9275416135787964,2.092061758041382,-2.918480634689331,0.45731284266556466,0.5390928709627483,0.0035942863716870123,False
img/34cf1d89-3f28-46ac-a29c-3b701dc97e7f_180.png,train,NoR,NoR,0.046576887369155884,-0.1316101998090744,0.048682525753974915,0.3522498905687174,0.29475772653609694,0.35299238289518564,True
img/34e26e7f-7f57-4b0f-9c23-0ebe225219d0_360.png,train,RR,RR,1.6531217098236084,0.2277764528989792,-1.3716802597045898,0.7757994762389215,0.1865219306816915,0.03767859307938687,False
img/34f1525e-43fa-446d-bf4d-30e5b42f4056_328.png,train,RR,RR,1.8364919424057007,-0.0015390962362289429,-1.338244080543518,0.8326841327022039,0.1325053920319399,0.03481047526585631,False
img/350b857e-a8db-456b-b267-badef0fc3349_90.png,train,RR,RR,1.6504096984863281,-0.11892762780189514,-1.118922233581543,0.8109314976041406,0.13821995010494992,0.05084855229090948,False
img/353a43c4-eb05-4d9b-aeb1-68e50f469615_180.png,train,RR,RR,0.5854559540748596,0.208445742726326,-0.5865339040756226,0.5010876008844124,0.3437005302127877,0.15521186890279987,False
img/353ae1df-fb46-413d-81fd-656f9ef59cf9_180.png,train,NoR,RG,-0.06826405227184296,0.1808447390794754,-0.09439332783222198,0.30702245724844746,0.39387345870401197,0.29910408404754063,False
img/3570ee72-ee4a-46ef-b44b-5ced0943f023_90.png,train,RR,RR,1.7314668893814087,0.11686097085475922,-1.3480340242385864,0.803244294046647,0.15982076616523383,0.036934939788119264,False
img/35712c43-9fc0-4a87-af50-926ceb62bc02_360.png,train,RG,RG,1.723219394683838,2.131927490234375,-2.799739122390747,0.3974990578273211,0.5981853521758992,0.004315589996779692,False
img/35a8de5b-580d-45c6-b5e4-d77f14833317_360.png,train,RR,RR,2.3148350715637207,-0.1255885660648346,-1.594010591506958,0.9031893201640643,0.07868940732081249,0.018121272515123136,False
img/35b7c62d-bfc5-4afa-b560-9fcb86d71977_117.png,train,RR,RG,1.1715137958526611,1.8138196468353271,-2.1711347103118896,0.3405760051618916,0.6473869398114046,0.012037055026703644,False
img/35dc5d56-657e-451c-af35-58bc3bb4461a_180.png,train,RR,RR,1.852124810218811,0.1638745218515396,-1.4691927433013916,0.8190357723102661,0.15139275289210935,0.029571474797624352,False
img/3642c6a6-efc7-4fd0-a9e1-14cc1ca0e6fd_212.png,train,RR,RR,1.8348723649978638,1.2069458961486816,-2.2112700939178467,0.6446675978883986,0.3440573515144658,0.011275050597135702,False
img/36cce11c-e86c-46f5-b63c-4c5740ecfe00_184.png,train,RR,NoR,0.010767102241516113,-0.06808050721883774,0.028591319918632507,0.33988579129004365,0.3141159055488163,0.3459983031611401,False
img/37472fc1-dec3-4968-a588-1aabab0e5cf7_90.png,train,NoR,RR,1.8021787405014038,-0.12716828286647797,-1.2225821018218994,0.8376525186062795,0.12166317130718997,0.040684310086530555,False
img/37523ba4-b75c-4a36-bb1d-933c592af667_90.png,train,RG,NoR,-0.0013870149850845337,-0.0675034373998642,0.03695264458656311,0.3361224785760158,0.31461799565814214,0.34925952576584207,False
img/37601e8d-30f8-4add-b243-d2c74316cb55_270.png,train,RR,RR,2.0346996784210205,-0.1112779900431633,-1.4020240306854248,0.8702284449049145,0.10177638360772702,0.027995171487358403,False
img/376d7a0f-f2a5-4022-9b4d-f102104c226a_270.png,train,RR,RR,0.36351484060287476,-0.11000768840312958,-0.19586502015590668,0.4557120866933038,0.28381956231063027,0.260468350996066,False
img/37844feb-5314-41d9-a458-7f7e5684f173_298.png,train,RR,RR,2.126446008682251,-0.12362346053123474,-1.459360957145691,0.8825298129237411,0.09301149627495754,0.02445869080130125,False
img/37a43198-1775-4361-b0ee-3f305dabbb3e_180.png,train,RG,NoR,-0.15203917026519775,-0.07920460402965546,0.15423141419887543,0.2912138683832337,0.3132158302326871,0.3955703013840793,False
img/37a8593e-8c2d-42ff-8818-7d3a5efb71e0_186.png,train,RR,RR,2.075425863265991,-0.00650884211063385,-1.507228136062622,0.867686068190796,0.10819068490693529,0.024123246902268695,False
img/37baf6aa-c7ca-459c-b7a8-6db70df34bf3_360.png,train,RR,RR,2.1228346824645996,-0.03227554261684418,-1.5228317975997925,0.8756610195448674,0.1014807197234839,0.022858260731648733,False
img/37cc2768-da4b-4d01-8dde-e7421a43cd85_0.png,train,RR,RR,1.79214608669281,0.3317544460296631,-1.5473119020462036,0.7888914556223376,0.18313747469096628,0.02797106968669603,False
img/37d4d7f1-3150-47c4-8e20-e9fefa8bfb0a_0.png,train,RG,RG,0.029172807931900024,2.0807156562805176,-1.5391024351119995,0.1112557513870035,0.8655580694708074,0.02318617914218901,False
img/380a48f0-e5e1-42d3-b25a-8a514c21f9e7_270.png,train,RR,RR,2.45166015625,-0.07836215943098068,-1.7270005941390991,0.9132618152597327,0.07274791803066634,0.013990266709600898,False
img/3830f11a-c1cd-44e7-b77f-ed8294275a28_180.png,train,RR,RR,1.734857439994812,-0.12846724689006805,-1.1730170249938965,0.8266187299757938,0.12825479534961834,0.04512647467458804,False
img/38348d7e-8f19-40e4-920d-2750f2bd66e2_224.png,train,RR,RR,1.9838825464248657,-0.05518599599599838,-1.4058952331542969,0.8592054027734269,0.11182548310060654,0.02896911412596659,False
img/38382d36-4bf2-45ac-8a80-37b9c3ae68d5_180.png,train,RG,NoR,-0.16483549773693085,-0.1380857676267624,0.20606759190559387,0.28767430485974554,0.29547336115546485,0.41685233398478966,False
img/38554e4c-054b-4609-9dd1-829a6cc01e56_270.png,train,RR,RR,2.0468175411224365,-0.11091399937868118,-1.41103994846344,0.8717755845593004,0.10076594921173893,0.02745846622896071,False
img/386b38c5-c0fb-4fe7-ba9b-c827316c3351_270.png,train,RR,RR,1.297758936882019,0.2836666703224182,-1.1554358005523682,0.6902502704757834,0.2503755463480192,0.05937418317619751,False
img/38711f90-9999-4567-8485-8233061b9aa2_180.png,train,RG,RG,-0.06681380420923233,2.1160223484039307,-1.4953125715255737,0.09890120957718539,0.8773952907788344,0.023703499643980178,False
img/38711f90-9999-4567-8485-8233061b9aa2_90.png,train,RG,RG,0.3550876975059509,1.205572485923767,-1.1414446830749512,0.2805295707077882,0.6566583902092645,0.0628120390829472,False
img/387292ea-f5e0-43a8-9f8c-b222f8e1c06b_152.png,train,RR,RR,1.1132330894470215,-0.06051460653543472,-0.7731804847717285,0.6845467790881176,0.2116659420714261,0.1037872788404564,False
img/38848146-be83-43e5-9b6e-14c7dac20a59_270.png,train,RR,RR,2.149136781692505,-0.13564196228981018,-1.467056155204773,0.8859896025887473,0.09019071387012642,0.023819683541126367,False
img/38bf9176-e0bd-4f7f-bee6-f6d9c9466d3e_90.png,train,RR,RG,0.1671423465013504,1.6016970872879028,-1.2922431230545044,0.18415682180205117,0.7730489936862607,0.04279418451168822,False
img/38ce4b36-f5b8-4266-8cd9-b3b0e0a670f9_236.png,train,RR,RR,2.1198809146881104,0.8351153135299683,-2.148153066635132,0.7747585304297891,0.21438764594409865,0.010853823626112062,False
img/38d08263-ccba-482d-b8cb-625196ff8cb8_90.png,train,RG,RR,1.6989775896072388,1.5547399520874023,-2.3647024631500244,0.5311047713829548,0.4597678434033395,0.0091273852137059,False
img/38f35a52-c60e-4c39-bce2-4378fa8a0fa0_180.png,train,RR,RR,2.39786696434021,-0.12945206463336945,-1.651188850402832,0.9113180854050094,0.07278959127960687,0.015892323315383913,False
img/39005939-70aa-4864-8062-4cb980dbd0a6_360.png,train,NoR,RG,-0.13886895775794983,2.193866014480591,-1.4995787143707275,0.08648597360949793,0.8913322184815646,0.022181807908937458,False
img/3915fa75-4db3-470e-91ea-190b68a5e8aa_270.png,train,NoR,RG,0.13586504757404327,1.3240694999694824,-1.0688211917877197,0.2182943578294409,0.7162640398121571,0.06544160235840189,False
img/39293712-97fd-451d-9d33-0b20a5e9a516_344.png,train,RR,RR,2.202019691467285,1.7652024030685425,-2.88028883934021,0.6052187887628988,0.39102548565988354,0.003755725577217834,False
img/394b6adb-be7e-458c-89cf-03945db7bd61_214.png,train,RR,RR,1.932747721672058,-0.1397206336259842,-1.3078104257583618,0.8583567675312146,0.1080453958481813,0.033597836620604137,False
img/398fcc3f-fdd2-43b3-857f-4c22603ee32d_270.png,train,NoR,RG,1.2574293613433838,1.7336664199829102,-2.1752092838287354,0.37845726883834385,0.6093179574454926,0.012224773716163635,False
img/399286dc-eef6-4866-a63a-cbf6ba665685_270.png,train,RR,RG,1.85832941532135,2.1468827724456787,-2.9081456661224365,0.42680217296050615,0.569565601599644,0.003632225439849899,False
img/3992994c-5fe6-46a3-8a1c-36a35cd0346c_180.png,train,RG,RG,-0.1351572871208191,1.902302861213684,-1.2913482189178467,0.1112869008272848,0.8536930536388677,0.035020045533847376,False
img/39a14c80-c8b0-4fbe-8896-7e5e44ae7e3e_309.png,train,RR,RR,2.2084901332855225,0.0068418532609939575,-1.6129966974258423,0.8829898134039443,0.09767692843833145,0.019333258157724263,False
img/39d6688d-3da1-4bd4-9607-3954a273cfe5_270.png,train,RG,RG,0.3293883800506592,0.4128771424293518,-0.5494611263275146,0.39962700565634884,0.4344237275640121,0.16594926677963914,False
img/39fa01b6-139f-4c8f-836f-a7040ef75775_180.png,train,RG,RR,1.5607705116271973,0.1322728842496872,-1.2358906269073486,0.7688273347988823,0.18426386602083375,0.04690879918028389,False
img/3a0b3e1e-9087-489b-88d6-cddc45b2b1f7_0.png,train,RG,RG,0.18950767815113068,1.9995561838150024,-1.5962013006210327,0.13739241888049522,0.8395698760628258,0.023037705056678858,False
img/3a252d5e-342a-4155-a803-56c146d4871e_256.png,train,RR,RR,1.3770873546600342,-0.1276247352361679,-0.9152132272720337,0.7557922128320618,0.16784725975826523,0.07636052740967289,False
img/3a3bd25c-c891-43f6-a19b-da40565416f4_206.png,train,RR,RR,1.4238730669021606,-0.05093272775411606,-1.0044835805892944,0.7592986819360972,0.17374512485589966,0.06695619320800313,False
img/3a5af195-d1bb-467e-a1fc-30815823d39f_270.png,train,RR,RR,2.3961071968078613,-0.09812189638614655,-1.6725813150405884,0.9093720927448039,0.07507782634990018,0.015550080905296066,False
img/3a6df0f2-2fec-4a30-8015-b660813a0b67_90.png,train,RR,RR,1.0758304595947266,-0.13165409862995148,-0.6947039365768433,0.6806470159917278,0.2034782829845676,0.11587470102370452,False
img/3a75b904-fd61-46b0-8a79-f01e54121c03_47.png,train,RR,RR,2.075265407562256,-0.05834747850894928,-1.4696130752563477,0.871626155713772,0.10320813994769645,0.025165704338531728,False
img/3ab7b04a-50fd-46aa-a231-9ba2a85a6b5c_90.png,train,RR,RG,0.9766834378242493,2.062464714050293,-2.2102761268615723,0.24980951375062754,0.7398740423451046,0.010316443904267962,False
img/3af7ee8e-1fe8-47b3-b35a-ff2bf2ece5a5_270.png,train,RR,RG,0.11590002477169037,1.6836644411087036,-1.3145250082015991,0.16569673976406563,0.7946674021509788,0.0396358580849555,False
img/3bc6cf5c-97a4-409a-82b6-32fb53002ced_270.png,train,RR,RR,0.8964968323707581,-0.01991698145866394,-0.6460018754005432,0.6196566754527053,0.2478321646363781,0.13251115991091664,False
img/3bd0e0cc-5e31-45af-8b9b-7464988d6c36_360.png,train,NoR,NoR,-0.12802980840206146,-0.12226469814777374,0.16803860664367676,0.29847682181784946,0.3002025433115765,0.40132063487057407,False
img/3bd96105-31f0-46f4-9dcb-109cd15d31c8_0.png,train,RG,RG,1.457991600036621,1.8394694328308105,-2.39660906791687,0.4023126120678464,0.5891655779251217,0.008521810007032048,False
img/3bfaca84-8acf-430b-9944-2c36e504c263_0.png,train,RG,RG,0.7282596826553345,2.005713939666748,-1.9897902011871338,0.21489208173131802,0.7709243224493251,0.014183595819356836,False
img/3c261636-ea31-476a-99c5-fc0c92c78996_151.png,train,RR,RR,2.1604373455047607,-0.11276611685752869,-1.491766333580017,0.8858057583463543,0.09122182975944709,0.0229724118941985,False
img/3c274d8c-3fe4-4faa-a8ce-23e9f1013554_270.png,train,RR,RR,2.3389859199523926,0.043120428919792175,-1.7334954738616943,0.894687026879803,0.09007192118237826,0.015241051937818642,False
img/3c65c44e-04e2-44bc-963e-e0614a92e2fd_366.png,train,RR,RR,2.1038641929626465,0.3694632053375244,-1.7997400760650635,0.8356487884700294,0.1474969396904466,0.01685427183952407,False
img/3c65d421-119d-49b7-9065-0e911a2247b0_90.png,train,NoR,RR,1.5357614755630493,-0.0023635774850845337,-1.1204333305358887,0.7782111299092748,0.16714685705014534,0.05464201304057987,True
img/3c768fdc-7446-4207-8847-3de476c05466_100.png,train,RR,RR,2.216581106185913,-0.12647831439971924,-1.5223993062973022,0.8930072663907294,0.08575850778820676,0.02123422582106389,False
img/3c8e6fc8-cd69-4e6c-b4db-951c3524d40f_137.png,train,RR,RR,2.004814386367798,-0.09300345182418823,-1.3936575651168823,0.8649409836493205,0.10614896517714822,0.028910051173531404,False
img/3ca28f40-1f7f-44dc-9e92-b512308eae5c_270.png,train,NoR,RR,0.2623291015625,-0.12180531024932861,-0.11424554884433746,0.4224314886358843,0.2876926908453926,0.2898758205187231,False
img/3ca45b6d-8fc3-4ddf-8c93-b8f425398a8b_90.png,train,RG,RR,1.4578839540481567,0.01688605546951294,-1.0781080722808838,0.7599508484992212,0.17987386577936368,0.0601752857214151,False
img/3cae1bf6-6039-44cc-b4de-9621245b6117_0.png,train,RG,RG,0.9826591610908508,2.089651584625244,-2.2342588901519775,0.24598282816751982,0.7441585766892953,0.009858595143184887,False
img/3cdfb0c3-4656-4647-8325-c7f7944dc70c_0.png,train,RG,RG,-0.10256874561309814,1.947780966758728,-1.3477846384048462,0.11039359124681405,0.8578264396446944,0.03177996910849151,False
img/3cdfb0c3-4656-4647-8325-c7f7944dc70c_90.png,train,RG,RG,-0.11007410287857056,2.342496633529663,-1.6278935670852661,0.07789760626683837,0.9050280706673535,0.017074323065808087,False
img/3ceb1cdd-7d4f-431c-ad55-a6cca883fe2c_270.png,train,RR,RR,1.543566346168518,-0.032758377492427826,-1.1040836572647095,0.782747650132465,0.16182016636640095,0.055432183501134005,False
img/3cecdd12-33d7-4242-aed2-3ec05f8af52b_90.png,train,RG,RG,0.00568544864654541,1.710345983505249,-1.2542191743850708,0.147423055225574,0.8107558129782413,0.0418211317961847,False
img/3cfee109-aa42-4828-a28f-05ddf45feed9_124.png,train,RR,RR,2.30222225189209,0.8413654565811157,-2.284377336502075,0.8050072597685445,0.18679177623970816,0.008200963991747239,False
img/3d25d1da-4eb8-4c9f-aea6-f73486308137_334.png,train,NoR,RR,1.003060221672058,0.37104594707489014,-1.0057868957519531,0.6003614182177736,0.31910415779889434,0.08053442398333203,False
img/3d520a79-11f7-4cc3-9c19-b4bb5d1287fa_253.png,train,RR,RG,1.9312142133712769,2.062833547592163,-2.8999898433685303,0.46540831047304093,0.530879168935652,0.003712520591307064,False
img/3d88c21e-39aa-4c42-bf7c-29359feb0e12_180.png,train,RG,RG,1.2660270929336548,1.3771388530731201,-1.9235141277313232,0.46323950019077853,0.5176793108460873,0.019081188963134158,False
img/3db40ff9-12e7-4bb8-8710-37848afc8fd9_437.png,train,RR,RR,1.8597501516342163,-0.12248555570840836,-1.2675528526306152,0.8463124066275526,0.11658875857105455,0.037098834801392803,False
img/3dbcbb93-6484-4195-8f14-e27bf12e1162_180.png,train,RR,RG,0.27820318937301636,1.6161974668502808,-1.3829505443572998,0.19994757465117372,0.7620784345882357,0.0379739907605907,False
img/3dcd0812-b41d-444b-acdd-7b84eacda373_270.png,train,RG,RG,0.12095187604427338,0.6515779495239258,-0.5715816020965576,0.3124703891829575,0.5311985048811905,0.15633110593585212,False
img/3ddb7cad-39fb-41b6-84b8-92f22c69031a_299.png,train,RR,RR,2.342550277709961,-0.12091516703367233,-1.6174097061157227,0.9056303551964094,0.07710481897807185,0.01726482582551892,False
img/3e151d0a-f9ff-4255-b019-ad1ead15bafe_217.png,train,RG,RG,0.28884178400039673,2.000401735305786,-1.6685608625411987,0.14972709524008992,0.8291277323321068,0.021145172427803362,False
img/3e196747-6330-46f9-a9f2-8e387128ccc5_360.png,train,RR,RR,2.3641648292541504,-0.04170709103345871,-1.690319299697876,0.9029090593473054,0.08143050186338002,0.015660438789314536,False
img/3e43b370-39c4-412f-9ad7-a81def96bba2_180.png,train,RR,RR,1.1869726181030273,0.4785568118095398,-1.2163959741592407,0.6317771724495219,0.3111020366360126,0.057120790914465445,False
img/3ed4cd80-76e7-476c-9276-1c8701dad8d4_90.png,train,NoR,RG,1.1747416257858276,1.7344253063201904,-2.1160337924957275,0.35876449967086604,0.6278805014160356,0.013354998913098281,True
img/3ef0e963-25e0-4f38-a252-ab99e884a285_90.png,train,NoR,RG,0.16167090833187103,1.5403037071228027,-1.2438803911209106,0.191765487431844,0.7612075124949471,0.04702700007320879,True
img/3eff7e08-7172-4f5d-8687-e55cb252fb8a_180.png,train,RG,RR,0.4689323902130127,0.08322033286094666,-0.4117845296859741,0.4774518719980904,0.32465117747761296,0.19789695052429668,False
img/3f2e2c1b-0122-4b26-be5c-061619a13940_180.png,train,RG,RG,1.4657686948776245,2.0327446460723877,-2.5420379638671875,0.35956982319229397,0.6338956383222063,0.006534538485499768,False
img/3f3b05b6-aa32-4eef-b5a3-5cef76e3c716_360.png,train,NoR,NoR,-0.0922490581870079,-0.08648616075515747,0.11631303280591965,0.30886266408943686,0.3106477466265367,0.38048958928402643,False
img/3f5948a4-66a9-485e-9e82-340f15a6cdc1_152.png,train,RR,RR,1.3027647733688354,-0.09273264557123184,-0.8867710828781128,0.7354679821103817,0.18218261952972978,0.08234939835988851,False
img/3f79a2b3-c07e-4fe9-ba0e-201edcfdfd1c_90.png,train,RR,RR,0.6114813685417175,-0.07374285906553268,-0.4012017846107483,0.5355554613504682,0.26990774790799665,0.19453679074153524,False
img/3f8c505b-4e46-4ab9-b2a7-6d2e5eb1efac_180.png,train,RG,RG,0.1708698719739914,1.014567494392395,-0.8702167272567749,0.2718855120503512,0.63211964537178,0.09599484257786878,False
img/3fc32b9d-9dba-4d1a-b421-4c201315e716_270.png,train,RR,RR,1.8894320726394653,0.44671881198883057,-1.7007436752319336,0.7912148167094792,0.1869528126730569,0.021832370617463816,False
img/3fca1256-3739-4476-9e01-5e01e055d542_334.png,train,RR,RR,2.4215681552886963,-0.12650388479232788,-1.670440673828125,0.9132937285944931,0.07144911420155547,0.015257157203951583,False
img/3fdfc57e-2c6b-4fcf-accd-10a4aa44eaf9_90.png,train,RG,RG,-0.14249882102012634,2.428220272064209,-1.6664843559265137,0.06996399854684802,0.9147949084299623,0.015241093023189694,False
img/3fefbe0d-379f-4a87-99c1-52563ef792f4_0.png,train,RG,RR,2.010078191757202,0.010680794715881348,-1.4724630117416382,0.8575254969442977,0.11612341124302893,0.026351091812673446,False
img/3fefbe0d-379f-4a87-99c1-52563ef792f4_90.png,train,RR,RG,-0.14110726118087769,0.5276069641113281,-0.2926208972930908,0.26238920555910195,0.5121118940172943,0.22549890042360388,False
img/3ff07988-2364-40dc-885d-f476872b2108_270.png,train,RR,RR,1.684651494026184,-0.11087736487388611,-1.1494780778884888,0.8164536468255226,0.13556365130152928,0.047982701872948216,False
img/3fff8262-69a5-4701-85df-bb8e9008b471_270.png,train,RR,RR,2.2323458194732666,-0.07967503368854523,-1.5676425695419312,0.8917171037999068,0.0883342646888323,0.019948631511261073,False
img/40331317-e213-44cf-a5d6-8e43710580f0_90.png,train,RR,RR,2.1864378452301025,0.14061959087848663,-1.6938408613204956,0.8696261382275614,0.11242036887188543,0.017953492900553092,False
img/403bb8f1-df59-485d-8bd3-a6931cd1e22e_180.png,train,RG,RG,1.7631206512451172,2.0333104133605957,-2.757221221923828,0.4308305146707356,0.5644797652214462,0.004689720107818347,False
img/40452db5-6841-4ba5-804d-ff745d98cac3_90.png,train,RR,RG,0.00871722400188446,0.8451876044273376,-0.6305693984031677,0.2606967655620659,0.6017417066674228,0.13756152777051134,False
img/408a902a-5446-4ad6-acbc-3db21a9616e9_180.png,train,NoR,NoR,-0.1163480132818222,-0.02519887685775757,0.08938534557819366,0.3008552134251631,0.32956653704495453,0.3695782495298824,False
img/40ab9b68-0c98-429d-9083-c603ce498680_0.png,train,RG,RR,1.8021754026412964,-0.10633468627929688,-1.2376503944396973,0.8360194632835106,0.12398267093721643,0.039997865779273015,False
img/40c9477a-747a-4c6b-b274-01a5c4cd6a45_90.png,train,NoR,NoR,-0.14407199621200562,-0.11325418949127197,0.17310765385627747,0.2937248466299262,0.3029177268281722,0.4033574265419016,True
img/40d14dba-bd54-466c-97b2-9ce644bc99b1_0.png,train,RG,RG,0.058083146810531616,2.3029677867889404,-1.7207571268081665,0.09426705117387411,0.8898174810786119,0.015915467747514067,False
img/40de469b-c454-4019-addd-8488437ec29b_270.png,train,RR,RR,2.030390501022339,-0.11949966847896576,-1.3929641246795654,0.8702464063130558,0.10138105381504332,0.028372539871900755,False
img/40e7eca7-7d47-40df-9a74-af2b9f08f2d7_189.png,train,RR,RR,2.0079259872436523,0.24901263415813446,-1.6433132886886597,0.8345915802884704,0.14374330816546324,0.02166511154606651,False
img/40ead1c9-56f3-4eff-8c26-5b54fa4f4bee_0.png,train,RG,RG,1.080390453338623,1.713367223739624,-2.0326521396636963,0.3415681333033181,0.6432438828626548,0.015187983834027207,False
img/40ed2ae7-8aa4-4263-a79a-bea1ff225407_180.png,train,RR,RR,1.6227728128433228,1.0375839471817017,-1.9355595111846924,0.6307210560144875,0.3513120404269982,0.01796690355851427,False
img/41166dd7-718d-4ae7-839d-dc95bd3d8b20_90.png,train,RR,RR,2.1104793548583984,0.007953643798828125,-1.543008804321289,0.8710436022211293,0.10639582362530918,0.022560574153561587,False
img/41515683-1e31-4878-a8af-0ae158236788_180.png,train,RG,RR,2.169454574584961,2.105025053024292,-3.1025888919830322,0.5147381624055513,0.4826196297237735,0.0026422078706752465,False
img/4185c33b-cbac-4ea5-8767-4b3b2d93cd89_296.png,train,NoR,RR,1.6696016788482666,-0.13701015710830688,-1.1197036504745483,0.8158779905127234,0.13397496932196457,0.050147040165312025,False
img/41863bf4-8ff6-4d52-9366-b47816858c20_270.png,train,RR,RR,1.2881629467010498,-0.052464596927165985,-0.9053534269332886,0.7282232311548648,0.19056247503983234,0.08121429380530285,False
img/41a501ec-09a5-4bb8-a011-fc63d357b1b4_137.png,train,RR,RG,-0.11965794861316681,0.6569743752479553,-0.40169548988342285,0.25455763175390816,0.5534434534355024,0.19199891481058953,False
img/41aac803-ea1a-4a2b-acf1-e33d469a0888_270.png,train,RR,RR,2.183279275894165,-0.059760719537734985,-1.5466079711914062,0.8848532472982399,0.09391422010478531,0.021232532596974853,False
img/41b009a3-9234-42c9-a070-5e82598eff05_457.png,train,RR,RR,1.9912923574447632,1.5400344133377075,-2.5652005672454834,0.6070446180577624,0.38658213305135386,0.0063732488908837676,False
img/41b5b4cb-7f91-41c6-a87b-68df75a9b870_191.png,train,RR,RR,2.1120269298553467,0.013465702533721924,-1.5481138229370117,0.8708058256146849,0.10678930616520714,0.022404868220108117,False
img/41ca854c-ac21-4481-9705-ec47b92783ab_360.png,train,RR,RR,1.988728404045105,0.016902610659599304,-1.4615429639816284,0.8540150937883096,0.11888100971187884,0.02710389649981137,False
img/41e491c7-21fb-4746-be27-dc241f4e0e8e_90.png,train,RG,RG,0.5890349745750427,2.3447930812835693,-2.1345133781433105,0.14591137440747268,0.844510795522467,0.009577830070060337,False
img/42105456-03f7-4eec-9f32-4877346f7e83_0.png,train,RR,RG,0.9220369458198547,2.008307456970215,-2.131629228591919,0.24935244256600447,0.7388817087811622,0.011765848652833285,False
img/4233572e-73ed-4c32-af20-6b06feaff0ca_270.png,train,RR,NoR,-0.1422298401594162,-0.08616510033607483,0.15218132734298706,0.2941174853219504,0.31107810971291155,0.3948044049651379,False
img/424c5d5f-6b0b-4176-8ef1-496445e50e7a_418.png,train,RR,RR,2.3418188095092773,0.7189179062843323,-2.2244012355804443,0.8280046868040207,0.16338639410302394,0.008608919092955395,False
img/4269f1fc-8d70-451f-9b7f-9b767d37e859_0.png,train,RR,RR,1.5636444091796875,0.6492846608161926,-1.6119632720947266,0.6932207875118949,0.2778242714637383,0.028954941024366826,False
img/4282d6f6-409e-49f2-826a-c3998fed1eec_214.png,train,RR,RR,1.7188265323638916,-0.11074629426002502,-1.1742570400238037,0.8224447067863437,0.13198765928677444,0.04556763392688174,False
img/42af66cb-226f-4578-af53-43aa51763c4b_124.png,train,RR,RR,2.2750136852264404,0.16507776081562042,-1.7755106687545776,0.8782260716630051,0.10648116562203966,0.015292762714955332,False
img/42b9f84e-1960-40de-88c3-b6c2f5bcb876_83.png,train,RR,RR,1.8143458366394043,-0.10627023875713348,-1.2464874982833862,0.8379663744569589,0.12277604192326394,0.039257583619777256,False
img/42f35217-cb38-47d5-b10b-be417415d5a1_251.png,train,RR,RR,1.698980450630188,0.009685114026069641,-1.2470403909683228,0.8082780718127083,0.14924821777488212,0.04247371041240977,False
img/431626c6-9038-45e3-83d0-848c13ae7f92_90.png,train,RG,RG,0.0815771073102951,0.32041680812835693,-0.3035857677459717,0.3389698605336038,0.4304154466522654,0.2306146928141309,False
img/43471fc0-bcf7-4637-a359-4c651c4427d6_0.png,train,RG,RG,1.4043020009994507,1.4107526540756226,-2.047703981399536,0.49064017456296144,0.49381535409493504,0.015544471342103438,False
img/4363d307-967b-44a1-b9c7-49115e4b560e_111.png,train,RR,RR,2.342268228530884,-0.1381487250328064,-1.6047394275665283,0.9066012825810498,0.07589006649801264,0.01750865092093753,False
img/43a3545a-2606-4c0e-833d-81ce51bfebc1_178.png,train,RR,RR,2.2798476219177246,0.7106189131736755,-2.1736366748809814,0.819777187697097,0.17068228950845063,0.009540522794452399,False
img/43aa3479-152d-4289-b993-fa91fcd46f85_180.png,train,RR,RR,2.15313982963562,-0.019544973969459534,-1.5539299249649048,0.8784097825156397,0.10002582511848492,0.021564392365875373,False
img/43d1a852-1218-48d0-89be-6cb2efa0a78b_0.png,train,RG,RG,0.5751671195030212,2.3898866176605225,-2.157116413116455,0.1388035947538695,0.8521643818796516,0.009032023366478917,False
img/43dfb48c-4a21-4233-9122-b5d093b66a55_158.png,train,RR,RR,1.8116291761398315,-0.1067790687084198,-1.2441571950912476,0.8375727147985519,0.12298960489129432,0.039437680310153655,False
img/43e206d0-7bd3-47eb-a306-37f06fe3051f_180.png,train,RR,RR,2.2821688652038574,0.1667480319738388,-1.781887173652649,0.8789186452685706,0.10598223719507378,0.01509911753635567,False
img/43f30404-087f-41fb-8c41-0df4a0836ac8_276.png,train,RR,RR,2.1717143058776855,0.14525897800922394,-1.6865622997283936,0.8673732310711734,0.11432142996038946,0.0183053389684371,False
img/4414e7ee-8d05-458d-a27e-ebb063c27a30_270.png,train,RG,NoR,0.01575753092765808,-0.13398614525794983,0.07266169786453247,0.34252640104579823,0.29489078336009233,0.3625828155941094,False
img/445b8fe5-b070-43e3-b2aa-8106e1b9bc97_180.png,train,RR,RG,-0.042469680309295654,1.1899372339248657,-0.8429832458496094,0.2049780004534447,0.7029667354892603,0.09205526405729503,False
img/44796b7d-75c7-416c-a053-95059d3fa70f_90.png,train,RG,RG,-0.008616641163825989,2.4105770587921143,-1.7504231929779053,0.08056719931729424,0.905317137307247,0.014115663375458595,False
img/448387b2-0f8b-448b-958a-9434cd8a5e4b_205.png,train,RR,RR,2.042304039001465,0.4167543053627014,-1.7894854545593262,0.8206985040069049,0.16151630190705132,0.017785194086043666,False
img/44c0ed96-64c1-4721-8ff4-50fc83289ee7_176.png,train,RR,RR,1.5280616283416748,-0.11914556473493576,-1.0303938388824463,0.7873946004647501,0.1516419769948062,0.06096342254044359,False
img/44c7be3d-367f-4664-9537-2febe7db1de9_315.png,train,NoR,RR,2.0695791244506836,-0.11038681864738464,-1.4278616905212402,0.8746456585811929,0.09887465132100559,0.026479690097801555,True
img/44e7a96a-5538-4eee-99d9-c921d755f774_296.png,train,RR,RR,2.3787739276885986,0.010941490530967712,-1.7389562129974365,0.9009293081993519,0.08440227515947657,0.014668416641171373,False
img/44f193ef-26d4-4812-9822-503a56bd225b_360.png,train,RR,RR,2.2892398834228516,-0.13042370975017548,-1.5720258951187134,0.9009066753860285,0.08013703286620585,0.018956291747765464,False
img/44f22f82-270e-4860-b282-07b3cb47eb7b_340.png,train,RR,RR,0.3334382176399231,-0.1272355318069458,-0.1616787165403366,0.44635721534156253,0.2815882262612545,0.27205455839718284,False
img/44f8fe11-ee99-44a5-af19-b15345395f5a_360.png,train,RR,RG,0.8486313223838806,0.9064894914627075,-1.2815744876861572,0.4590572476923532,0.48640085769491864,0.05454189461272816,False
img/44f9dcb9-cda4-4c20-abc6-b6b91f719c5d_180.png,train,RR,RG,0.9451207518577576,1.2075166702270508,-1.5690252780914307,0.419996336913635,0.5460125211409114,0.03399114194545359,False
img/44fa0b53-034b-4944-8a6a-984ac758f13a_236.png,train,RR,RR,2.1868736743927,0.09999503195285797,-1.6647684574127197,0.8731194728605719,0.10833126024252192,0.018549266896906152,False
img/44fb3484-bdda-4e4a-a36e-b4a793d7b576_360.png,train,RR,RR,2.281816005706787,0.18072856962680817,-1.7917454242706299,0.8777011145430083,0.10736332930014102,0.014935556156850686,False
img/450fc8b3-5456-420f-97b9-4bb8c01260a2_0.png,train,NoR,NoR,-0.050162509083747864,-0.08093948662281036,0.08190202713012695,0.32145309384252074,0.3117104330464081,0.3668364731110711,False
img/45335047-4d94-4b98-be13-a9f9946aab6d_90.png,train,RG,RG,0.023319154977798462,2.2139196395874023,-1.631231665611267,0.09869955349995164,0.8824312721831843,0.018869174316864173,False
img/4563305c-63ff-44cb-9272-e2f885f316b2_270.png,train,RG,NoR,-0.13690607249736786,-0.08062909543514252,0.14433139562606812,0.29562544015067016,0.3127393903995641,0.39163516944976573,False
img/4572e005-917a-4f56-8940-9f81bda4662f_190.png,train,RR,RR,1.653485894203186,-0.13686388731002808,-1.1081693172454834,0.8129493901575177,0.1356827005099543,0.05136790933252809,False
img/458f7bc1-246d-4f6d-84e1-157f57d3737e_330.png,train,RR,RR,2.0384185314178467,-0.09634745121002197,-1.4155105352401733,0.86964581822516,0.10285498058489298,0.02749920118994719,False
img/45955739-9253-4d5e-a707-71c8276fbfa0_180.png,train,RR,RR,2.0622496604919434,-0.07693468779325485,-1.4467662572860718,0.8713251445547545,0.10259927425776309,0.026075581187482398,False
img/45bd7fa5-099b-40c6-a210-69f167c6f5ac_395.png,train,RR,RG,0.867780864238739,1.7626914978027344,-1.914766788482666,0.2849816593002282,0.6973834886840304,0.017634852015741286,False
img/46114c3e-2dbe-4a3a-865a-5703d94fd6b8_139.png,train,RR,RR,1.8097058534622192,-0.1151113361120224,-1.2367405891418457,0.8379209903306517,0.1222547060423356,0.039824303627012655,False
img/4618c2a3-4ea9-4247-9377-a754c6b037d1_0.png,train,RG,RR,1.3052434921264648,0.7002125382423401,-1.4621634483337402,0.6215495354721652,0.3394018002445444,0.03904866428329044,False
img/46468eb2-8954-4351-ba57-4e08e187fc8b_270.png,train,RG,RG,-0.0711592435836792,0.6084888577461243,-0.4016519784927368,0.2708740388867456,0.5344841162509408,0.19464184486231356,False
img/4647dbc2-1734-4f21-821c-7d3bcb029d2e_180.png,train,RG,RR,1.566313624382019,1.5322201251983643,-2.2525904178619385,0.5029085764725267,0.48605165189886845,0.011039771628604807,False
img/46522d98-7d92-4ab6-a999-bc02fe3f421c_0.png,train,RG,RG,0.7397226691246033,1.7923872470855713,-1.8437530994415283,0.25375643297223055,0.727082142610068,0.01916142441770143,False
img/469a2559-6903-4174-82bf-1c9f897d3300_270.png,train,RR,RR,1.8669413328170776,-0.10331513732671738,-1.2866142988204956,0.8459370013557936,0.11794146242199394,0.0361215362222125,False
img/46b70efa-9085-40e5-ba20-7a9c5ad47bb3_105.png,train,RR,RG,0.4553069472312927,1.0321009159088135,-1.0883457660675049,0.33401015347471824,0.5946454590581313,0.07134438746715045,False
img/46fc346d-eb3e-4977-896c-332a444d5ff8_270.png,train,RG,RG,-0.04189541935920715,1.9262276887893677,-1.3760169744491577,0.11875610147106827,0.8499647946368983,0.03127910389203321,False
img/472e9e85-84a9-4fa7-aefa-45132cdfa72f_127.png,train,RR,RR,2.3136966228485107,-0.1367800235748291,-1.5850926637649536,0.9037351297083749,0.0779493824375313,0.018315487854093683,False
img/4755e2f9-d6cf-4d7d-8e14-8339813b1747_363.png,train,RG,RR,2.3424155712127686,1.9042855501174927,-3.0823051929473877,0.6061898609000724,0.39113908690666765,0.002671052193259882,False
img/47565fa0-7ce3-4fec-b6c2-ca3031d4a7c4_270.png,train,RR,RR,2.072347402572632,0.9758912324905396,-2.2156546115875244,0.7419580191549645,0.2478531648316881,0.010188816013347543,False
img/475cbad1-b84f-43cc-a2e2-a690a1a874dc_180.png,train,RR,RG,1.1100205183029175,2.1440887451171875,-2.3656294345855713,0.2601845242472744,0.7317649199324303,0.008050555820295248,False
img/476c6f83-1160-4714-a99c-6b02a705d3a4_90.png,train,RG,RG,0.6267958879470825,2.188854694366455,-2.0489845275878906,0.17130674092964393,0.8168982634608729,0.011794995609483104,False
img/4795e2be-b49e-416f-b4f8-2b8b259f20d1_194.png,train,RR,RR,0.9992539286613464,0.30613988637924194,-0.9560856819152832,0.6091866649776952,0.3046034263545739,0.08620990866773078,False
img/47ea04a4-c564-4d30-9480-56d02cd832ac_270.png,train,RR,RR,2.2588579654693604,-0.045947469770908356,-1.611189842224121,0.8923507462795915,0.08903716202008775,0.0186120917003207,False
img/47ea04a4-c564-4d30-9480-56d02cd832ac_360.png,train,RR,RR,2.3295021057128906,-0.10117539763450623,-1.6222645044326782,0.903180884389947,0.07945933210668843,0.0173597835033645,False
img/47ffe6cb-583b-482e-9466-a0b692a0cbfa_0.png,train,NoR,RR,0.39348137378692627,-0.11100307106971741,-0.21678949892520905,0.46576173685534383,0.2812347596703504,0.2530035034743058,True
img/481d5950-0cda-4868-922b-969a20c6d10f_191.png,train,RR,RG,1.8886967897415161,2.361241579055786,-3.0851428508758545,0.38299684489234787,0.6143541421265656,0.002649012981086569,False
img/483a0493-7d52-4a27-8426-41c966504284_270.png,train,RG,RG,0.01685890555381775,1.6719093322753906,-1.2344852685928345,0.1533868485118636,0.8027261150993171,0.04388703638881934,False
img/48569bec-14c7-4476-9cdb-5f643d391c21_270.png,train,RG,RG,-0.01386655867099762,1.8801449537277222,-1.3629266023635864,0.12649485705592406,0.8406817451662486,0.03282339777782746,False
img/487421e5-1c5b-4e40-b35f-6b9e279d9db3_360.png,train,RR,RR,0.5780143141746521,-0.053380899131298065,-0.3917583227157593,0.5232811779889426,0.27830669680688525,0.1984121252041723,False
img/487c8a60-a29c-4a73-966f-4f47f560c556_0.png,train,RR,RG,1.5106662511825562,2.0044116973876953,-2.553971529006958,0.37656122612976184,0.6169735161649776,0.006465257705260494,False
img/488b56c8-92e8-43ba-8988-87d5926eb323_270.png,train,RG,RG,0.09919621050357819,1.9128066301345825,-1.4682172536849976,0.13621876312706055,0.8353681830386206,0.028413053834318736,False
img/488cfaa8-a0ac-46ce-9fa1-c6085ee2746a_445.png,train,NoR,RR,0.6642589569091797,0.03285108506679535,-0.5164304971694946,0.5438005618213781,0.28921625442526505,0.16698318375335672,False
img/488f40ef-1d57-4ef2-b177-c4dc0ec38fe6_270.png,train,RR,RR,2.001356840133667,1.9153202772140503,-2.843944787979126,0.5193656043426732,0.47654945808093435,0.00408493757639249,False
img/48c2eb44-b1bb-40bf-adba-29191a58a35d_44.png,train,RR,RR,2.3225033283233643,1.4555737972259521,-2.743333101272583,0.7009926230200767,0.2945850725083791,0.004422304471544138,False
img/48e14312-224f-461d-960e-d2e92b0bd044_269.png,train,RR,RR,2.1500320434570312,-0.13955916464328766,-1.4648692607879639,0.886346100464287,0.08979383306186386,0.02386006647384921,False
img/491849f5-0e31-4c2c-8d4b-f28f92a4e5b7_238.png,train,RR,RR,2.3510334491729736,-0.13229438662528992,-1.6153055429458618,0.9071054526426525,0.07571156121387539,0.017182986143472044,False
img/4921500c-1a16-4cb4-af4e-1731ec61f5b3_406.png,train,RR,RR,2.3745663166046143,0.21880625188350677,-1.8862826824188232,0.8850141413460697,0.10249802797050853,0.012487830683421698,False
img/494380ae-bc82-45f6-b44c-13cb064dcd05_317.png,train,RR,RR,2.0341637134552,0.23185153305530548,-1.6498503684997559,0.8403085528628473,0.13858127392020209,0.021110173216950488,False
img/496cb60e-7931-4ee3-94bc-1ddc3c8c9bb4_360.png,train,RR,RR,2.3266966342926025,-0.12966236472129822,-1.5996313095092773,0.9045987338511466,0.07756625375794947,0.017835012390904077,False
img/49996edc-6a86-4903-b6bb-7ff6006c114d_202.png,train,RR,RR,0.25420254468917847,-0.041807979345321655,-0.16624443233013153,0.41657418701867927,0.30983938236471303,0.27358643061660765,False
img/49f8dc83-90cd-4aa8-94e8-4b779d7e4843_0.png,train,RR,RR,1.4555435180664062,-0.1304086148738861,-0.9698673486709595,0.7732788708945,0.15833097412692157,0.06839015497857828,False
img/4a3c8249-775c-4c1c-897c-b1680203d34e_90.png,train,RR,RR,1.1175986528396606,0.06537929177284241,-0.8674030303955078,0.6727019897342491,0.23488195335645076,0.09241605690930016,False
img/4a4a684e-ffc3-4ed2-a9cc-2a4723a814b0_0.png,train,RG,RG,0.040100157260894775,2.36956787109375,-1.7559454441070557,0.0874246157655378,0.898066933534512,0.014508450699950345,False
img/4a574a8a-11d0-4d52-83ef-5a4251d7723c_90.png,train,RG,RR,2.274027109146118,1.3936253786087036,-2.6635067462921143,0.7033394521851607,0.29161601128622666,0.005044536528612626,False
img/4ab58fc2-e278-4529-9555-a44244edb27a_90.png,train,RR,RR,1.7526631355285645,-0.13617531955242157,-1.1803020238876343,0.8302294310783813,0.1255700324594715,0.044200536462147305,False
img/4ae17f98-6015-4a51-b7cc-d77f7eb61478_0.png,train,RG,NoR,-0.15636208653450012,-0.11986836791038513,0.18676921725273132,0.2901476091713686,0.3009317543333268,0.4089206364953045,False
img/4af725be-3732-4cd4-9273-d32290872829_180.png,train,RR,RR,1.9742649793624878,1.4755513668060303,-2.506255865097046,0.6178030169127742,0.37519881215630263,0.006998170930923139,False
img/4afcb631-ed60-4531-a414-745992386d96_270.png,train,RR,RR,1.9172791242599487,1.4677836894989014,-2.4594767093658447,0.6058711274834148,0.38651546021133587,0.007613412305249441,False
img/4b0301f5-2b13-4e01-ab5d-54a5732b9552_0.png,train,NoR,NoR,-0.1344604641199112,-0.10321700572967529,0.15890464186668396,0.296501084831316,0.30591103843386114,0.3975878767348228,False
img/4b5aaf6e-d97e-4711-a031-41e664e4299d_236.png,train,RR,RG,0.21194879710674286,1.3681548833847046,-1.1556661128997803,0.2256028750918385,0.7169329703892642,0.057464154518897415,False
img/4b7424de-8ae2-41ef-bcc5-85e64dc1a972_270.png,train,RR,RR,1.9186829328536987,1.330039620399475,-2.360849142074585,0.6373774782552354,0.35379539122227877,0.00882713052248595,False
img/4bbaca30-2dd4-4a1f-993c-f18a64000715_309.png,train,RR,RR,1.3928011655807495,-0.004437804222106934,-1.0156742334365845,0.747813898110509,0.1849184982298017,0.0672676036596893,False
img/4bc5816d-6f1a-4d83-b7b3-bc09a0a29839_90.png,train,RG,RR,1.2182430028915405,0.6391937732696533,-1.3551840782165527,0.6109837817976553,0.3424142240116118,0.04660199419073274,False
img/4bd7f3f3-b5dc-4e84-93d1-aab12651b351_366.png,train,RR,NoR,-0.09483235329389572,-0.10746881365776062,0.13335737586021423,0.308283575812159,0.30441247265774996,0.38730395153009095,False
img/4bf8a210-4f65-4ef0-8470-194103cda6f8_270.png,train,RR,RR,2.278589963912964,0.09579075872898102,-1.7279728651046753,0.8842347669691146,0.09967584748254729,0.016089385548338032,False
img/4c1d1b30-5c2b-46f3-adc7-862caa88243c_225.png,train,RR,RR,2.1617801189422607,0.1535833328962326,-1.685408592224121,0.8653736881442196,0.11615954534315136,0.018466766512629056,False
img/4c4ef787-dd8b-459b-b81a-d3372db17eda_90.png,train,NoR,NoR,-0.1547859162092209,-0.13113746047019958,0.19378262758255005,0.2906158992844639,0.2975704242977212,0.41181367641781497,False
img/4c724c67-5b41-4a54-bbe8-541dea6b0e25_145.png,train,RR,RR,2.093726396560669,1.5891022682189941,-2.674682140350342,0.6202603019056492,0.3744712771067959,0.005268420987554968,False
img/4cb151fc-4e45-4138-a74b-655367ff9c39_90.png,train,RG,RG,0.6049739122390747,1.615401029586792,-1.6183969974517822,0.2594021897591881,0.71251917981981,0.028078630421001907,False
img/4ce861de-eb63-4796-86d0-6f8aa84e6756_90.png,train,RG,RG,1.6420807838439941,1.9672752618789673,-2.6220271587371826,0.41695084585434405,0.5771849874178246,0.005864166727831287,False
img/4cfe8d96-0c73-474e-92b1-a461284f50c8_270.png,train,RR,RR,2.285550355911255,0.6699603199958801,-2.148344039916992,0.8260083377998572,0.16418844642833794,0.009803215771804945,False
img/4d0130d1-99e3-432b-9602-07e6b172dec6_257.png,train,RG,RG,1.4086341857910156,1.8964523077011108,-2.40217924118042,0.37723197438020556,0.6144198177629402,0.00834820785685443,False
img/4d2481ac-f298-4429-b531-6573e70514ea_237.png,train,RR,RR,2.1680190563201904,-0.13568706810474396,-1.4806621074676514,0.8881677841992812,0.08871726780741261,0.023114947993306142,False
img/4d7fd7c5-c16c-43de-b8cb-0b2ad22ce873_199.png,train,RR,RR,1.8539766073226929,-0.07813862711191177,-1.2954621315002441,0.8419509217825917,0.12194943485792069,0.03609964335948766,False
img/4dcbce2d-c700-4906-962b-364637ff09c9_203.png,train,RR,RR,2.353525161743164,-0.07115688920021057,-1.6613309383392334,0.9037082533572305,0.07998383316173839,0.016307913481031156,False
img/4dd6d4e4-3b96-456d-bb04-c0b5871f94cf_296.png,train,RR,RR,2.1899702548980713,0.22205378115177155,-1.7553001642227173,0.8627430167581179,0.12056637052430182,0.01669061271758015,False
img/4e3c83d0-789b-4a5b-b8b8-40fce29085a9_360.png,train,RR,RR,1.8630379438400269,-0.09905624389648438,-1.28687584400177,0.8450088437622297,0.11877760814753849,0.03621354809023167,False
img/4e3fdbb9-f294-409a-9e09-4956d5a2ea92_59.png,train,RR,RR,1.7040992975234985,-0.1256791353225708,-1.152817726135254,0.8210890447825638,0.13174300982489148,0.04716794539254461,False
img/4e400c22-8def-4150-99f7-58f9b71738f1_180.png,train,RG,RG,0.5754729509353638,1.0718567371368408,-1.2038989067077637,0.35568024679608673,0.5843008067598516,0.060018946444061666,False
img/4e5e779b-1fc7-400c-98f3-95ada5ea84c2_90.png,train,RG,RG,0.5242496132850647,1.416780948638916,-1.4164127111434937,0.278947000242496,0.6809937550487832,0.04005924470872067,False
img/4e618bb9-8b8b-4b73-934c-b2ccaae12d3b_180.png,train,RG,RG,1.130474328994751,1.8519400358200073,-2.1690680980682373,0.32316999639058985,0.664905015229716,0.011924988379694116,False
img/4e960c45-a0a4-4b63-a136-ff1430e38c86_242.png,train,RR,RR,2.061190605163574,0.44115781784057617,-1.8207800388336182,0.8206795620953277,0.16240609275486098,0.01691434514981124,False
img/4e9c944c-d113-4640-8bae-8471382fd927_270.png,train,RR,RR,1.2587270736694336,-0.028970293700695038,-0.901087760925293,0.7187771276126381,0.19831446279800177,0.08290840958936004,False
img/4e9e04df-51b0-4fd4-9595-7a90c8622e92_180.png,train,RR,RR,1.280954122543335,-0.10449481010437012,-0.86250901222229,0.731283062498454,0.18297539285910264,0.08574154464244331,False
img/4eb7799a-93ab-4a61-b374-94e4b53a31c1_90.png,train,RR,RR,2.035512924194336,-0.10239863395690918,-1.4090344905853271,0.8697013294201857,0.1025384956142964,0.027760174965517803,False
img/4ecaf0dd-0c2e-459d-a823-14c9b198c86a_90.png,train,RR,RR,0.24009735882282257,0.09105068445205688,-0.2521638870239258,0.404404521210208,0.34840618338132884,0.2471892954084633,False
img/4ef8af31-a21e-4023-b1a0-eedefe70ce28_360.png,train,RR,RR,2.032078981399536,-0.1351080685853958,-1.3828928470611572,0.8715534370108546,0.09979221050602773,0.028654352483117578,False
img/4f3efb3e-07c4-4ebc-b29f-d6442c833afe_282.png,train,RR,RR,1.8293628692626953,-0.12770695984363556,-1.241827130317688,0.842007617208938,0.1189519026100631,0.039040480180998816,False
img/4f4a847d-b036-4873-8550-0184c1b5bd70_90.png,train,RG,RG,0.09941773116588593,1.6547530889511108,-1.2817060947418213,0.16700148457637354,0.7910317134660192,0.04196680195760738,False
img/4f5501ae-f077-4174-8921-2d645e4c8278_90.png,train,RR,RG,0.25968897342681885,1.2427659034729004,-1.0994442701339722,0.25448202982365564,0.680145777460989,0.06537219271535527,False
img/4fa2f19e-27c7-4c9d-a40f-83d9f5fecd69_180.png,train,RR,RG,0.3867309093475342,1.52108633518219,-1.3925371170043945,0.23375789168723574,0.7267927452206179,0.03944936309214637,False
img/4fdae2a5-b657-4195-b775-2990d3ee8966_172.png,train,RR,RR,1.815645456314087,-0.1306343674659729,-1.2298016548156738,0.8400683165476773,0.11996540313121908,0.03996628032110365,False
img/4fe4d25f-5358-45ac-97cf-55173c5cf298_91.png,train,NoR,RR,1.6586138010025024,0.9328843355178833,-1.885709285736084,0.6609998836388529,0.3199050389040786,0.01909507745706852,True
img/501e516a-00c5-4bba-bc58-f3e4219a8ec1_180.png,train,NoR,RG,-0.10486872494220734,0.9193034172058105,-0.6021416187286377,0.2276361127731477,0.6339185648219262,0.1384453224049261,True
img/501eb12a-4485-48fd-ae48-14c1f80d9eec_0.png,train,NoR,RG,-0.15591885149478912,0.13932226598262787,-0.0010446608066558838,0.2848222779149518,0.3826445601776058,0.3325331619074425,False
img/50473777-8a7c-445e-87a9-d191ce6da517_329.png,train,RR,RR,2.0970091819763184,1.5514272451400757,-2.6497998237609863,0.6296500454658446,0.3648850034222192,0.005464951111936304,False
img/506e39ed-43af-4bb4-93a0-34a19d14b8cc_175.png,train,RR,RR,0.2607746124267578,-0.08685629069805145,-0.13840420544147491,0.4206576083741572,0.297135516097255,0.2822068755285878,False
img/50938236-f67e-4d15-8b47-617cf0977a34_180.png,train,RR,RR,2.2800416946411133,-0.1363016664981842,-1.561130166053772,0.9003203196069524,0.08035121790268046,0.0193284624903672,False
img/50938236-f67e-4d15-8b47-617cf0977a34_360.png,train,RR,RR,2.232604503631592,-0.13448621332645416,-1.5281800031661987,0.8952402680975741,0.08393153619904611,0.020828195703379637,False
img/50938236-f67e-4d15-8b47-617cf0977a34_90.png,train,RR,RR,1.5721842050552368,-0.13187837600708008,-1.0530524253845215,0.7972158158862596,0.14504772792666892,0.057736456187071496,False
img/50957134-684c-44e1-80a6-0120f2ee899b_360.png,train,RR,RR,2.3965187072753906,0.004451259970664978,-1.7470781803131104,0.9030926321091677,0.08257918766591794,0.01432818022491432,False
img/50a89283-b10f-4239-84dc-31ddf28971e4_270.png,train,RR,RR,1.7475099563598633,-0.09750039875507355,-1.2045567035675049,0.826271921364065,0.13057053343578065,0.04315754520015448,False
img/50c0448f-9e15-4cfc-9fd6-c536b6dbb40e_0.png,train,RG,RG,0.6380914449691772,2.3950092792510986,-2.2062716484069824,0.14592742707598297,0.8455837841092748,0.00848878881474221,False
img/50c32432-5c3a-4129-8ddf-85a86dae25f0_86.png,train,RR,RG,0.5785370469093323,1.9877463579177856,-1.8686497211456299,0.19307797132595048,0.7902136997046949,0.016708328969354477,False
img/50c3773e-eb25-4aa9-806c-963c61ad5497_0.png,train,NoR,RG,-0.01116509735584259,0.078482985496521,-0.061588630080223083,0.3284486530910986,0.3592536199720613,0.31229772693684,False
img/50e5c079-9a7b-4d01-9548-a9337644788b_180.png,train,RR,RR,2.3859293460845947,-0.11652159690856934,-1.6519200801849365,0.9094882586256907,0.07447259051802037,0.016039150856288997,False
img/50ffd459-df75-46e1-9a42-8d614e6161db_276.png,train,RR,RR,2.135864019393921,-0.05241203308105469,-1.5176763534545898,0.878727574708559,0.09851401977484098,0.022758405516600022,False
img/51154f5c-d89a-4712-9eb2-cc3538277a04_311.png,train,RR,RR,2.389214277267456,-0.10665851831436157,-1.661427617073059,0.9092267350257562,0.07494254107850798,0.015830723895735886,False
img/51330934-93b8-4771-bd31-5a0c392c35dd_270.png,train,RR,RR,0.8969171643257141,-0.13094252347946167,-0.5659916400909424,0.6291945207163481,0.22510810984505886,0.14569736943859313,False
img/513b804b-f09e-4d8e-825f-3f2542f3650c_360.png,train,RR,RR,1.9905840158462524,-0.12242136895656586,-1.3620989322662354,0.8651533135766734,0.10457466852125746,0.030272017902069112,False
img/514f96c8-abfb-4b45-a9e2-3e72f5ec62cc_180.png,train,RR,RG,-0.11942021548748016,1.71759033203125,-1.1690973043441772,0.13109950384258132,0.8230090143946442,0.0458914817627743,False
img/5167d7dc-6c79-4616-bddb-5e8c2959ad74_270.png,train,RR,RR,1.8107112646102905,0.5154358148574829,-1.6935930252075195,0.7669357940498227,0.21000422249090295,0.023059983459274232,False
img/517200e5-8a6c-475b-89fa-6dc53dd5bcfd_270.png,train,RR,RR,1.4509105682373047,-0.13038289546966553,-0.9665396213531494,0.772285759920355,0.15886601486474977,0.06884822521489532,False
img/517264ce-a1ba-4b4e-bb4c-2d88b70a4f8d_180.png,train,RR,RR,2.299764633178711,-0.11808059364557266,-1.5885566473007202,0.9012312493900957,0.08031180781796755,0.018456942791936694,False
img/5176958e-c829-4cf1-beb0-097c7b040e65_180.png,train,RR,NoR,-0.11909325420856476,-0.11986743658781052,0.15984968841075897,0.30111792640458385,0.30088489642737654,0.3979971771680395,False
img/518c1b7c-096c-4533-9283-1f8e9169ed48_360.png,train,RR,RR,0.603019118309021,0.09907086193561554,-0.5200998187065125,0.5182946676599578,0.31312287351141693,0.16858245882862535,False
img/51a127ab-ca0c-4a69-adde-9968b728bf05_180.png,train,RR,RR,0.38352811336517334,-0.06652786582708359,-0.24177290499210358,0.46025835108399726,0.2934572537103421,0.24628439520566073,False
img/51aa2b03-effa-4380-90b8-ba4f9e78c3af_360.png,train,NoR,NoR,-0.16584669053554535,-0.14019055664539337,0.20832054316997528,0.28737545241767737,0.2948437901814627,0.4177807574008599,True
img/51b99ab4-e104-4148-b4b7-f7075a47d9a4_0.png,train,RG,RR,0.22466786205768585,-0.07249795645475388,-0.12271131575107574,0.4082535499470921,0.3033000588791405,0.2884463911737675,False
img/51b99ab4-e104-4148-b4b7-f7075a47d9a4_270.png,train,RR,RR,1.5683165788650513,-0.016718789935112,-1.1335632801055908,0.7861512606396804,0.16111426740498905,0.05273447195533063,False
img/51c5466e-a5e2-49c6-8c55-e4445f8c8793_432.png,train,RR,RR,2.23272967338562,0.21368886530399323,-1.7801337242126465,0.8689121622333464,0.11537656220178515,0.015711275564868555,False
img/51ca8baf-104d-4b56-a7e6-053efb9d908c_270.png,train,RR,RG,2.07979154586792,2.218648910522461,-3.1200196743011475,0.46414959321921956,0.5332894122304297,0.0025609945503507004,False
img/51fa654f-509e-48f6-beca-802b7590ad29_270.png,train,RG,RR,0.9956514239311218,0.010519102215766907,-0.739637017250061,0.6452698860687162,0.24093720408548902,0.11379290984579482,False
img/5203053a-4c6b-4ac0-97bb-9c3156f6f959_90.png,train,RG,RR,2.0804316997528076,-0.11612366139888763,-1.4315505027770996,0.8764063656568841,0.09744367414157938,0.026149960201536437,False
img/521d8a6e-0705-4f6f-9649-9820b8f52e9f_350.png,train,RG,RG,1.6247860193252563,1.8387726545333862,-2.5165789127349854,0.4435559066108521,0.5493910520495185,0.007053041339629332,False
img/522863c2-d1eb-4714-b529-ba78ddc76d71_0.png,train,RG,RG,0.0025494396686553955,2.0903587341308594,-1.5268481969833374,0.10771348059307106,0.8689486553669842,0.02333786403994486,False
img/52512a75-34ce-4e8b-a702-42f42f5d0dda_90.png,train,RG,RG,-0.046084389090538025,1.7962279319763184,-1.27895188331604,0.13153446178555026,0.8301290786636454,0.038336459550804294,False
img/525c9919-3352-4df3-86d9-b73696201596_180.png,train,RG,RG,-0.09162788838148117,1.4513828754425049,-0.9966017007827759,0.1643869513665911,0.7691098999062618,0.06650314872714713,False
img/525c9919-3352-4df3-86d9-b73696201596_90.png,train,RG,RG,0.10648898780345917,1.718556523323059,-1.3329678773880005,0.15999431968372993,0.8020779904964189,0.037927689819850965,False
img/52641d77-5052-45cc-948c-750f6bf1b7a2_90.png,train,RG,RR,0.6151655912399292,-0.13136260211467743,-0.36218178272247314,0.5404478322264803,0.2561773354968738,0.20337483227664577,False
img/529b5120-6336-4836-9fb8-3b73c534e330_90.png,train,RG,RG,0.40073931217193604,1.9851120710372925,-1.7383229732513428,0.16683358179361144,0.8135192245050488,0.019647193701339813,False
img/52adcfb1-bc39-40ca-955d-811cb71af4cf_360.png,train,RR,RR,2.039567232131958,-0.1248367428779602,-1.3957315683364868,0.8718136387792903,0.1001002024765717,0.028086158744138032,False
img/52f89332-728e-40de-ae12-19503b909959_360.png,train,RR,RR,2.0773701667785645,0.10232760012149811,-1.5873628854751587,0.858836178105646,0.11916816237739959,0.02199565951695433,False
img/53025dda-7718-4fda-bac8-fc127c6120e1_270.png,train,RR,RR,1.7380518913269043,1.6583997011184692,-2.4679110050201416,0.5159043251177087,0.47640538533306287,0.0076902895492284495,False
img/533ef8cf-c403-45ca-a515-cdc2fa06d2f7_0.png,train,RG,RG,0.2724258303642273,1.8623861074447632,-1.556865930557251,0.16490543919350975,0.8086227492260846,0.02647181158040566,False
img/53487e0b-c91f-425b-a6e9-71b07e99438c_180.png,train,RG,RG,0.40915006399154663,2.1429059505462646,-1.8585431575775146,0.1478102610432934,0.836883872097834,0.015305866858872644,False
img/534e0b2c-29c9-4765-8159-fc2cb43c9c4b_180.png,train,RR,RG,0.21520115435123444,2.294576644897461,-1.828171730041504,0.1095402733310939,0.876264306486462,0.014195420182443888,False
img/5374ed9c-ba60-4eeb-a638-7cd6fe31d5e0_270.png,train,RR,RR,2.432422637939453,0.642038106918335,-2.234229803085327,0.8501235013316467,0.14188219542379896,0.007994303244554453,False
img/53892be8-5b09-4355-a7e7-5007ce2d9792_180.png,train,RG,RG,0.38891154527664185,1.7314897775650024,-1.5463141202926636,0.20107396534121982,0.7698926268147521,0.029033407844027873,False
img/53d60adb-0b34-4f7b-a07b-59ca8cd290a9_360.png,train,RR,RR,0.32131892442703247,-0.13036958873271942,-0.15065796673297882,0.4424151659385177,0.28162044299597033,0.2759643910655119,False
img/53ed7cf2-d732-4263-adbd-dc5abc92ba50_273.png,train,RR,RR,1.4075641632080078,0.6496607661247253,-1.4995002746582031,0.6564764677595571,0.3076563616013267,0.03586717063911606,False
img/54171fd0-d386-48f6-88e6-392aaee76d77_90.png,train,RG,RR,0.12013299763202667,-0.07270892709493637,-0.04705433547496796,0.37444019978314486,0.30876799984261755,0.31679180037423754,False
img/542849d4-7651-486a-9755-916feb2aeb3d_90.png,train,NoR,RR,0.5882704257965088,0.5796020030975342,-0.8570544719696045,0.4490268058300051,0.4451512733186598,0.1058219208513352,True
img/54353b2c-ea3d-41cf-aaf1-5b42041e56a2_356.png,train,RR,RR,0.7309675216674805,0.047645509243011475,-0.5753153562545776,0.5631386322026604,0.28434941708916645,0.15251195070817317,False
img/543ffbab-7c61-432f-9109-52a6013d29b2_349.png,train,RR,RR,2.2336912155151367,-0.13472880423069,-1.5287894010543823,0.8953717026345324,0.08383234592048085,0.020795951444986808,False
img/545d792f-364c-40fe-8d34-b2c52696b025_90.png,train,NoR,NoR,-0.15772633254528046,-0.12528899312019348,0.1916757971048355,0.2897552498126144,0.2993082383589313,0.41093651182845425,True
img/547f5e39-8f59-402f-82e7-c9b95203f43e_0.png,train,NoR,NoR,-0.14297984540462494,-0.0777367353439331,0.14662614464759827,0.29383077151738973,0.31364039933535504,0.3925288291472552,True
img/5489094b-92f7-49ae-b2c2-92945930f5f4_360.png,train,RR,RR,2.437105894088745,-0.025008827447891235,-1.7550830841064453,0.9087871783846934,0.0774781699053082,0.013734651709998396,False
img/54a23989-a328-428a-9b02-5ac0c190b2ff_270.png,train,RR,RR,2.244349956512451,-0.08969864249229431,-1.5690621137619019,0.8936747207453666,0.0865994325424564,0.019725846712177014,False
img/54ccb3f3-86a7-4d1e-b5c5-3c42b099fa3c_270.png,train,RR,RR,1.7296949625015259,-0.10934525728225708,-1.1831207275390625,0.8242035699848812,0.13102358308731624,0.044772846927802666,False
img/54d3f89f-4626-4a93-ac9c-559465f0388b_270.png,train,RR,RR,0.9932501912117004,-0.017803646624088287,-0.7174144387245178,0.6474247801903859,0.23555602409244406,0.11701919571717011,False
img/552a0233-6f32-4a36-9653-b7b6937c7037_122.png,train,RR,RR,2.2024481296539307,-0.08341126143932343,-1.5433450937271118,0.888649132061033,0.09036374078432219,0.020987127154644725,False
img/55307d90-3878-4485-be20-7d0005b76c1d_0.png,train,NoR,NoR,-0.12981121242046356,-0.1344454437494278,0.17813661694526672,0.297973201867168,0.2965955198341051,0.405431278298727,False
img/553395c4-92ad-4637-a9b1-e351794ce8fb_219.png,train,RR,RR,1.8011705875396729,-0.118439681828022,-1.22816801071167,0.8368118799608574,0.1227302700218496,0.04045785001729301,False
img/5534043a-e102-4754-ad73-dfe425c83e56_270.png,train,NoR,NoR,-0.11198176443576813,-0.1361212432384491,0.16647085547447205,0.3032845511634499,0.29605107756151444,0.40066437127503574,False
img/5544b44b-862b-4be1-9205-f5e002a7525b_180.png,train,RG,RG,0.6261048913002014,1.6842623949050903,-1.6834728717803955,0.25123349808844986,0.7238182185949179,0.02494828331663229,False
img/55579944-d94a-44c8-add8-d6db5d19485a_0.png,train,RG,RG,-0.15707825124263763,2.1981849670410156,-1.4895504713058472,0.08471182573412586,0.8929391426738271,0.022349031592047017,False
img/55675e0e-81c4-454c-af71-0cd81516a42b_90.png,train,RG,RG,-0.12132176756858826,2.29913330078125,-1.588401198387146,0.08011808704731625,0.9014068439158149,0.01847506903686884,False
img/557550d7-206d-4ceb-ab5a-117ec3fc5318_0.png,train,RG,RR,1.6967731714248657,0.34666866064071655,-1.4892138242721558,0.7689051116212131,0.19931033038120252,0.031784557997584534,False
img/557d7040-2a10-4d4c-b456-5bbe1cba0f23_360.png,train,RR,RR,2.199258327484131,-0.07221817970275879,-1.549138069152832,0.8875357001186504,0.09155796224089305,0.020906337640456598,False
img/55dd2696-f432-4c97-b341-1bd6cd5b5c9e_0.png,train,RR,RR,0.18790604174137115,-0.12465113401412964,-0.058431997895240784,0.39789406633655566,0.2910888738948696,0.3110170597685748,False
img/55e9da64-fcc3-4532-97d5-de6501edcb77_270.png,train,NoR,RG,-0.15705983340740204,0.2880106568336487,-0.10777898132801056,0.27692273669194145,0.4321656780000786,0.29091158530797995,False
img/56082a06-8bc4-4f35-a4d7-1a876b8f5d88_0.png,train,NoR,RR,2.3074357509613037,1.9299479722976685,-3.075603723526001,0.5916545639558145,0.4056274709226153,0.002717965121570302,True
img/56173e67-26e5-439f-b819-6b8263593ed9_180.png,train,RR,RG,-0.05430804193019867,1.9344645738601685,-1.3730099201202393,0.11663109766643104,0.8521721479263134,0.03119675440725569,False
img/561c970c-3219-4536-8f30-4065ccc3c23f_270.png,train,RR,RR,0.48864781856536865,-0.052480801939964294,-0.32786107063293457,0.49405580243111397,0.28758539743558065,0.21835880013330536,False
img/564971f3-4ddd-489b-bff2-3496f4aeaf97_270.png,train,RR,RR,2.1117312908172607,-0.13025090098381042,-1.4439383745193481,0.8812048347590219,0.09362598005640131,0.025169185184576972,False
img/56632c18-08b8-482b-9b33-282bde457d07_270.png,train,RG,NoR,-0.16039985418319702,-0.13872431218624115,0.20332570374011993,0.2889679418098987,0.29529985448006907,0.41573220371003217,False
img/56891c18-6257-4248-862e-425faafcd43b_270.png,train,NoR,RR,1.3230112791061401,-0.1117737665772438,-0.8876210451126099,0.741951023612696,0.17670791811625228,0.08134105827105169,False
img/5691b11d-d02b-4673-bd8c-b03a47c852e6_180.png,train,RR,RG,0.19405527412891388,2.060945987701416,-1.6438941955566406,0.13110804215620916,0.8480269756032927,0.020864982240498146,False
img/569d211a-e83d-498e-8bbe-a833d1c956f8_360.png,train,RR,RR,2.3286008834838867,0.05282893776893616,-1.7330174446105957,0.892906003517789,0.09171714869085021,0.015376847791360735,False
img/56ef003a-0d4b-434c-bcc8-9b22154e13c3_0.png,train,RG,RG,-0.006018638610839844,1.5376790761947632,-1.1208614110946655,0.16639385382690103,0.7790344796951834,0.054571666477915566,False
img/5778bf2f-7b3c-4974-9120-4b9536296097_90.png,train,NoR,NoR,-0.15831053256988525,-0.13284094631671906,0.19756069779396057,0.2895847568386956,0.29705509009998016,0.4133601530613242,False
img/57851ce1-9495-4b6a-a4b2-59e34da35c70_360.png,train,NoR,NoR,-0.1554480642080307,-0.11207260191440582,0.18046972155570984,0.290397660567893,0.30327096788230756,0.40633137154979954,False
img/57bca0ba-a48e-4039-8ce3-48b5e076d660_99.png,train,NoR,RR,1.1965047121047974,-0.07443667948246002,-0.8232556581497192,0.7075865723353416,0.19852570623168808,0.09388772143297038,False
img/57ec9489-f3ae-4395-bc18-67cdb6fa6f73_420.png,train,RR,RR,2.3544037342071533,0.33034294843673706,-1.9524030685424805,0.8729093055789076,0.11532691983157548,0.01176377458951691,False
img/57f089fd-ee9c-4672-9555-f0465e0a513c_270.png,train,RR,RR,1.1179625988006592,0.24547956883907318,-0.997947096824646,0.6500107182177901,0.27164765006392894,0.07834163171828087,False
img/5814b0a6-9fb4-4ddb-b8a4-ea8660bc9c85_150.png,train,RR,RR,0.8880377411842346,-0.138093039393425,-0.5544055700302124,0.6270612476353707,0.2247330916960607,0.1482056606685685,False
img/5851087a-c4c3-42d7-a8cb-033ef0f0906f_247.png,train,RR,RR,1.600169062614441,0.3132820129394531,-1.3952864408493042,0.7540665700219571,0.2082196648791108,0.037713765098932116,False
img/585b98d6-d074-444f-94fc-61e28ab23603_180.png,train,RG,RG,0.08525069057941437,0.9632704257965088,-0.7712676525115967,0.2610442492727002,0.6281064544848003,0.11084929624249942,False
img/5879cb95-b539-435b-9664-6015c95e19d7_270.png,train,RR,RR,1.9035543203353882,-0.03906358778476715,-1.3595378398895264,0.8463114371866529,0.12130032712900388,0.03238823568434332,False
img/58bd1f30-8c85-4ea2-8b40-a212aa5ff306_270.png,train,RR,RR,2.2331042289733887,0.025268495082855225,-1.6441047191619873,0.8844494477690841,0.09723489261996542,0.01831565961095061,False
img/58c2b195-baf7-4081-b9a6-625ad931f607_246.png,train,RR,RR,1.9286409616470337,-0.04378686100244522,-1.3742408752441406,0.8504155457062306,0.11830869698924606,0.031275757304523366,False
img/58c71d51-8768-4b10-844b-c0baf074637e_360.png,train,RG,RG,0.09288181364536285,1.5609163045883179,-1.2091054916381836,0.17816782110850812,0.7733721837052469,0.04845999518624502,False
img/58dcf956-c99e-47b1-8d5c-e2bef395d57e_360.png,train,RR,RR,2.2865922451019287,0.46239644289016724,-1.998948574066162,0.8509816129079136,0.13730362571532126,0.011714761376765139,False
img/5976cdcb-f0ee-4630-82fb-4cac1835d06f_94.png,train,RR,RR,2.125368595123291,0.7307895421981812,-2.0766494274139404,0.791826620659216,0.19632342005231362,0.01184995928847025,False
img/59787a5e-57c5-4c4b-9042-3acbdf768b4e_270.png,train,RR,RR,1.7845944166183472,-0.11175626516342163,-1.2210299968719482,0.8335950327265774,0.1251354850062343,0.04126948226718835,False
img/597e30be-98a3-4eae-9949-8126dad61b6c_360.png,train,RG,RR,0.41124582290649414,0.07756447792053223,-0.3660268187522888,0.4595715065305883,0.329182794492081,0.21124569897733073,False
img/59b6e5d0-0cb9-4f8b-8dac-68f3f737cf0a_90.png,train,RR,RR,1.4322541952133179,0.8183490037918091,-1.639359712600708,0.6298897500621916,0.34091719324938363,0.029193056688424823,False
img/59e6564a-901d-4c71-b583-79b5f952ac37_176.png,train,RR,RR,1.397213101387024,0.2984217405319214,-1.2379438877105713,0.7117532154368842,0.2372085905477189,0.05103819401539688,False
img/59e74406-1fa1-4278-86ee-76683a19c518_270.png,train,RG,RG,0.43560874462127686,1.3088346719741821,-1.2743020057678223,0.27968075490252553,0.6697300488176684,0.05058919627980614,False
img/5a40e7ed-c3a5-457e-bc21-e0b43cfe5fbe_180.png,train,RG,RR,1.0857875347137451,1.077175259590149,-1.576340675354004,0.48514857839717274,0.48098828587059916,0.03386313573222794,False
img/5a73ffb6-dc73-4585-8b4c-8f2c2e5c0681_252.png,train,RR,RR,1.560738205909729,-0.10986549407243729,-1.0607088804244995,0.7931276805138368,0.14921385093820466,0.05765846854795851,False
img/5a7ef36d-4da1-4d11-8604-7462bcdf1c36_180.png,train,RG,RR,2.140045642852783,1.5084034204483032,-2.649761915206909,0.6493371811702747,0.3452641923625567,0.005398626467168653,False
img/5a8e6398-041a-46b2-8c2c-81061641d9fa_270.png,train,RG,RG,-0.025272995233535767,0.14331118762493134,-0.0982942134141922,0.3212119744472505,0.3801954431509331,0.29859258240181635,False
img/5b07e8cc-2a84-49ec-8f3d-1e9412bef8de_0.png,train,RR,RR,1.5448747873306274,-0.004895821213722229,-1.1251840591430664,0.7803082548291517,0.16565684195374883,0.054034903217099486,False
img/5b1fff0f-a905-47cb-b3b0-3e89b09a016e_0.png,train,RG,RR,0.3595387935638428,-0.0986093059182167,-0.20123858749866486,0.4538813451645456,0.2870589829464883,0.2590596718889662,False
img/5b28e93c-7742-41ed-92ac-754d88b57a5b_161.png,train,RR,RR,2.0457160472869873,0.008584439754486084,-1.4966871738433838,0.8625553388797023,0.11247913078855508,0.024965530331742532,False
img/5b34d767-ba64-4079-9e68-796da1c78000_270.png,train,NoR,RG,0.6303945183753967,2.360663890838623,-2.1758673191070557,0.14919574497976515,0.8417882860871474,0.009015968933087521,True
img/5b3fe586-9d4c-430f-8c2e-49f5f241e286_360.png,train,RG,RG,-0.09836746007204056,1.7937872409820557,-1.2394229173660278,0.12573668394914647,0.8340927534797595,0.04017056257109409,False
img/5b407b49-957d-43a7-947a-d3a168233c99_180.png,train,NoR,NoR,-0.14931689202785492,-0.1296970248222351,0.188790425658226,0.292217836823454,0.29800772466395736,0.4097744385125886,True
img/5b4b66bb-fd17-4edf-a333-fa9655af34a9_133.png,train,RR,RR,1.6931616067886353,-0.03464849293231964,-1.2107672691345215,0.8113718402348153,0.14415892621831317,0.04446923354687146,False
img/5b6e23d0-2bb7-4533-aa85-179e36fe93b6_90.png,train,NoR,NoR,-0.16309690475463867,-0.04926310479640961,0.14055916666984558,0.287739238951504,0.32243077100642636,0.38982999004206964,True
img/5b7b5e2f-6e2d-47f4-9c1c-721773ee3cb8_270.png,train,RR,RR,2.3063442707061768,-0.05852343142032623,-1.6363914012908936,0.8981846497234534,0.08439498398160196,0.017420366294944607,False
img/5ba2291e-bcbe-4cc2-8e0b-ccdd538f9660_270.png,train,RG,RG,1.3995774984359741,1.8777433633804321,-2.3821041584014893,0.3793774422776602,0.611978691669196,0.00864386605314383,False
img/5bb6a0cf-1c2f-4b78-86da-d999dad14dfb_360.png,train,RR,RR,2.179137706756592,-0.11752288043498993,-1.5018326044082642,0.8882629819894994,0.08935411209243373,0.022382905918066985,False
img/5bca34ee-6b25-4df6-8585-f0338ebc4cfd_90.png,train,RG,RG,1.986261248588562,2.1435232162475586,-2.9981191158294678,0.45931688583768343,0.5375395413527154,0.0031435728096012344,False
img/5bd001c5-5151-4817-b66e-b332fba8faf8_267.png,train,RR,RR,2.270319700241089,-0.1083904504776001,-1.5742985010147095,0.8976140168835176,0.08318191861629129,0.01920406450019107,False
img/5bdba186-6c11-432e-8d5b-90e15b866d3a_180.png,train,RR,RR,1.5650441646575928,0.866235613822937,-1.7699124813079834,0.6524036259959773,0.32436028146485807,0.023236092539164515,False
img/5bed29c3-f9d5-4703-9288-b50d98b8cba5_360.png,train,RR,RR,2.4235475063323975,-0.12780620157718658,-1.6709282398223877,0.9135419193927905,0.07123437918668497,0.015223701420524377,False
img/5bf57404-1ddc-468d-b1e8-ac156cd9bf77_270.png,train,RR,RR,1.8092262744903564,0.2733724117279053,-1.51741623878479,0.7992421381378528,0.17205429379121856,0.028703568070928512,False
img/5c0d5996-1806-44d3-9492-86dd8d59ac0a_270.png,train,NoR,RR,1.916725754737854,0.18848197162151337,-1.533653736114502,0.8269044100301433,0.146854943224759,0.026240646745097865,False
img/5c1b9c14-8f12-4953-b285-eb1562197cdd_180.png,train,RG,RG,-0.1081964373588562,1.8308568000793457,-1.2591389417648315,0.12094085772962195,0.840800895357238,0.038258246913140045,False
img/5c4e48ec-ff2a-4702-b55d-2cbd03a1cc95_270.png,train,NoR,RR,1.926552176475525,-0.07470893859863281,-1.3503637313842773,0.8525809141522311,0.1152388583603937,0.03218022748737524,True
img/5c4fbee2-abe8-4c43-8035-abb7cbc2586c_284.png,train,RR,RR,1.9733604192733765,-0.0335022509098053,-1.4139809608459473,0.8560118579820568,0.11505629825835831,0.028931843759584908,False
img/5c6c83a4-d6ea-4933-bf95-146631983e95_180.png,train,RR,RR,1.7388660907745361,0.858296275138855,-1.889719009399414,0.6939141986190335,0.2876597920041731,0.018426009376793423,False
img/5ca15f7b-2dab-4135-9588-13264b9d06f8_0.png,train,RG,RR,1.6489280462265015,0.09058696031570435,-1.2694109678268433,0.7908212208661666,0.1664559716150741,0.04272280751875941,False
img/5ca15f7b-2dab-4135-9588-13264b9d06f8_90.png,train,RG,RR,0.01006762683391571,-0.018487147986888885,-0.00677838921546936,0.3383929687055553,0.3288668884896099,0.33274014280483477,False
img/5cb09ebb-9d4e-479d-b12a-ff97cbe2303a_323.png,train,RR,RR,2.3031105995178223,1.705601453781128,-2.910191297531128,0.6428288503844628,0.35367180178089935,0.003499347834637808,False
img/5cc387b1-dbd6-45dd-b331-2ad9b30bd333_90.png,train,RR,RR,1.8943642377853394,0.8170729875564575,-1.9722135066986084,0.7345128733829832,0.2501138644470883,0.015373262169928643,False
img/5d1c8b67-d3cb-4af3-bfa3-4955a9c0b1aa_137.png,train,RR,RR,2.0240890979766846,-0.012638106942176819,-1.4657143354415894,0.861354758696498,0.11236800519557336,0.02627723610792852,False
img/5d318d77-e50b-407f-8dd1-398c9c6e6be7_90.png,train,NoR,RG,-0.10824714601039886,1.8953803777694702,-1.3057775497436523,0.11470721137749258,0.8506582126009913,0.03463457602151615,False
img/5d320a64-b7a9-43dc-9e05-6c44597c2de7_270.png,train,RG,RG,-0.09817077964544296,2.225618362426758,-1.5519434213638306,0.08735156708347638,0.8922355067667554,0.02041292614976819,False
img/5d7185a8-62ac-45b4-8df6-4c626bcea774_360.png,train,RR,RR,2.4293577671051025,-0.09894595295190811,-1.6960020065307617,0.9124487708451383,0.07280817350232685,0.014743055652534743,False
img/5d7bbbed-b983-49a8-97a5-67179fa3daa0_152.png,train,RR,RR,2.0164551734924316,-0.11191202700138092,-1.388387680053711,0.8678720905208765,0.10330410791269595,0.028823801566427405,False
img/5da789f3-e39f-4540-99bd-3d24b9f035f1_90.png,train,RG,RG,-0.12753507494926453,2.346207857131958,-1.6179661750793457,0.07638219752866059,0.9064107633343483,0.017207039136991058,False
img/5da9e8d0-477f-401c-9a56-2335e95e96cd_180.png,train,RG,RG,0.348588764667511,0.7389002442359924,-0.7991684675216675,0.3578088129565602,0.5286413799660951,0.11354980707734479,False
img/5dad8079-5943-4ddc-9a20-2826931d47c5_0.png,train,RG,RG,-0.04559934139251709,0.7473121285438538,-0.5205358862876892,0.26097767242719316,0.5767139140486822,0.16230841352412456,False
img/5dad8079-5943-4ddc-9a20-2826931d47c5_90.png,train,RG,RG,-0.07077078521251678,2.3878250122070312,-1.6890714168548584,0.07759985248318962,0.9070171184278133,0.015383029088997241,False
img/5db36d92-04fd-4637-84d1-c8eb7b75060b_270.png,train,RR,RR,2.327090263366699,-0.10335035622119904,-1.618949055671692,0.9030738388489723,0.07946873716266126,0.01745742398836656,False
img/5dd1e96d-2bb3-4e97-a8a7-e73250e4ec12_270.png,train,RR,RR,1.3333461284637451,-0.09404095262289047,-0.907913327217102,0.742798819649724,0.178223460558209,0.07897771979206704,False
img/5de80a2e-96f9-4038-b0e8-0d8eaf674415_320.png,train,RR,RR,2.169112205505371,-0.10065004229545593,-1.5067965984344482,0.8860039622913132,0.09155676614161103,0.022439271567075744,False
img/5e0573e0-613b-4276-b933-0acf91da2a82_360.png,train,RR,RR,2.396132230758667,0.815920352935791,-2.333800792694092,0.8232088770366649,0.16952460698067187,0.0072665159826631595,False
img/5e158db0-3577-4cb7-82e5-1a92b97835dd_90.png,train,RG,RR,1.8329881429672241,1.3996833562850952,-2.3493316173553467,0.6010966735361312,0.38972875197393386,0.00917457448993499,False
img/5e340b08-89ee-4701-9b5a-bab7f3ebde94_180.png,train,RG,RG,-0.06771218031644821,1.7821400165557861,-1.2531393766403198,0.13047173700487216,0.8296540656228351,0.03987419737229272,False
img/5e37e1b4-0765-4985-b0d3-ce9feb0991b9_90.png,train,NoR,NoR,-0.07360785454511642,-0.13294678926467896,0.13645747303962708,0.3148469911761961,0.2967078082084395,0.38844520061536436,True
img/5e4e1cd5-de7f-4f1d-b148-0e3158b3ee52_270.png,train,RG,RG,0.5559356212615967,2.3967316150665283,-2.1481773853302,0.13571316454537458,0.8552035989924582,0.009083236462167257,False
img/5e779cc7-085a-44a0-a821-925e7e143276_180.png,train,RR,RR,2.171724319458008,1.461586833000183,-2.638777017593384,0.6667909637989317,0.32777884002141877,0.005430196179649671,False
img/5e78f145-0573-4c32-a3d6-72091ddd677f_270.png,train,RR,RR,2.356616735458374,-0.13675986230373383,-1.6161079406738281,0.9078920259365301,0.07501955850468135,0.017088415558788646,False
img/5e78f145-0573-4c32-a3d6-72091ddd677f_360.png,train,RR,RR,2.366271734237671,-0.13422344624996185,-1.6249163150787354,0.9086596176081212,0.07455039841678761,0.01678998397509128,False
img/5e9dd0db-86a6-42be-85d8-09e8eb49df1d_90.png,train,RG,RG,-0.10437853634357452,2.4174983501434326,-1.6862621307373047,0.07321966499859807,0.9117272878683121,0.015053047133089838,False
img/5eb6791c-5327-44c1-b50d-b760065ffc37_270.png,train,RR,RR,1.9798330068588257,-0.12795576453208923,-1.3503302335739136,0.8640849572348239,0.1049918074378411,0.030923235327335024,False
img/5f2b4a48-234a-4ab3-bf0f-b2f963a33f56_312.png,train,RR,RR,2.3590376377105713,0.07021872699260712,-1.7675811052322388,0.8948357777970334,0.09072394298068191,0.014440279222284582,False
img/5f4c79d8-9923-4ce2-a27a-42e646591c1e_0.png,train,NoR,RG,0.8458674550056458,1.3040484189987183,-1.5671650171279907,0.37442827685725305,0.5920441628666563,0.033527560276090676,True
img/5f8d5e70-c139-43e6-80bf-9a195a767e58_0.png,train,RG,NoR,-0.09493161737918854,-0.09262048453092575,0.12268806993961334,0.3081257684822005,0.30883871160292964,0.3830355199148698,False
img/5f954ce0-f579-4995-b943-7edd9e09bcab_360.png,train,NoR,RG,-0.12845152616500854,0.5249657034873962,-0.29985135793685913,0.26563370410683224,0.5105739766010156,0.22379231929215213,False
img/5f99bf35-8bd0-4b7e-853a-f95cb172f7b4_94.png,train,RR,RG,1.5428907871246338,1.628421664237976,-2.305262804031372,0.47379571883510946,0.5161033999936203,0.010100881171270238,False
img/5fe5b47f-a33a-4860-85d6-ee9a025a372d_270.png,train,RR,RR,0.580523669719696,-0.09362807869911194,-0.36445677280426025,0.5267938773359003,0.26844809995654656,0.2047580227075531,False
img/60122cef-e1c7-4556-adee-dc8e00d37c0f_0.png,train,RG,RG,-0.04929813742637634,2.256462574005127,-1.6095558404922485,0.08895302531670739,0.8923595518485528,0.018687422834739977,False
img/604f60f2-5da3-4b1e-a6c2-fb8c04c8b045_184.png,train,RR,RR,1.7183138132095337,-0.05330999195575714,-1.2154351472854614,0.8174918033094309,0.1390198975910528,0.04348829909951631,False
img/608f5254-b189-4713-bd86-c36e208442e0_90.png,train,RG,RG,0.20559893548488617,1.9662925004959106,-1.58376145362854,0.14319391265699766,0.8328831108867486,0.023922976456253756,False
img/6092d0d0-d5c5-4de9-b445-9501e1805ca3_90.png,train,RG,RG,-0.09931636601686478,1.706955909729004,-1.175925374031067,0.1346173890594238,0.8195118640388998,0.045870746901676474,False
img/6094c5cc-ed57-4cae-b508-08c2be751f9b_180.png,train,RR,RG,0.10215543210506439,0.6660818457603455,-0.5684969425201416,0.30591005330418997,0.5376552357208308,0.15643471097497913,False
img/609bbaa3-b76f-4f2e-887a-b6b57b0f9198_245.png,train,RR,RR,0.350727915763855,0.022433876991271973,-0.28243494033813477,0.44423492605822995,0.3199163311573784,0.23584874278439155,False
img/609c425e-5054-47d2-9870-a03370e20365_227.png,train,RR,RR,2.229083776473999,-0.1392238736152649,-1.5222100019454956,0.8951538510036197,0.08382136723925025,0.02102478175713007,False
img/60d58a90-a37a-4630-b3b3-ac3321408b5b_90.png,train,RG,RG,-0.004694685339927673,2.0248348712921143,-1.4742170572280884,0.11311525534357295,0.8608642395323426,0.02602050512408429,False
img/60e8d78a-c4f5-47cf-8d48-30665626c56a_270.png,train,RG,RR,1.3542486429214478,0.4038718342781067,-1.2831919193267822,0.6858054523348092,0.26512918073522324,0.04906536692996764,False
img/611f6427-8a95-46de-880b-6071bd77fc4b_193.png,train,RR,RR,2.055028200149536,-0.02703024446964264,-1.4776502847671509,0.8666263421057951,0.10804517873800869,0.025328479156196154,False
img/614e1a04-4f8b-4588-bed3-b3d73e15ceb6_305.png,train,RR,RR,2.1952908039093018,-0.10381956398487091,-1.5234124660491943,0.8891943844327689,0.08922894646413748,0.021576669103093554,False
img/6168c1fb-3e5d-4ea6-9341-c7f622e1b4fa_270.png,train,NoR,RR,1.375933051109314,-0.12015412002801895,-0.9197834730148315,0.7548912261190356,0.169099364263381,0.07600940961758335,False
img/6180efda-1596-4bdb-9f9f-c340dc930ee3_90.png,train,RR,RG,0.008275419473648071,2.108823537826538,-1.5443410873413086,0.10658321322093241,0.8708538291629758,0.022562957616091842,False
img/618f9a8e-f28c-4c68-bff8-e02dac021e0f_180.png,train,RR,RR,1.8213061094284058,-0.13629315793514252,-1.2297967672348022,0.8413940901576434,0.11880231341723076,0.03980359642512572,False
img/618f9a8e-f28c-4c68-bff8-e02dac021e0f_90.png,train,RR,NoR,-0.13054081797599792,-0.09284883737564087,0.1485733687877655,0.29758631151568427,0.3090169983574919,0.39339669012682393,False
img/61ba4ada-0181-4994-8005-d4ffce111571_0.png,train,RR,RG,0.7051383852958679,1.617389440536499,-1.692183017730713,0.27926077228376145,0.6953373115714925,0.02540191614474616,False
img/61c63f04-4107-4281-b8f3-31ff6791ace3_360.png,train,RG,NoR,-0.13978242874145508,-0.11588412523269653,0.1719117909669876,0.29499193633661824,0.30212665746205375,0.402881406201328,False
img/62324099-b6c7-4df2-bc6d-a1894a2b673e_90.png,train,RR,RG,1.8462151288986206,1.923258900642395,-2.7376301288604736,0.4783991100077869,0.516713785085592,0.004887104906621124,False
img/623fe375-4937-420f-ad78-30ccd405bddb_90.png,train,RG,RG,0.8978027701377869,2.34796142578125,-2.3598246574401855,0.18859844965713496,0.804144360192301,0.007257190150564085,False
img/627bebd6-f9b6-4aa6-bba6-7ca14cf5b722_180.png,train,RG,RG,-0.10814543068408966,2.285134792327881,-1.5877920389175415,0.08212156420937836,0.89917786528747,0.018700570503151548,False
img/6287f561-1f1b-4f2d-b6de-a44f5fd08158_437.png,train,RR,NoR,-0.05964431166648865,-0.1322391927242279,0.12585988640785217,0.31910112951810804,0.2967568723436515,0.38414199813824046,False
img/6289b8e1-3154-49d9-a13a-b8ccb8f2dac3_49.png,train,RR,RR,1.7631810903549194,-0.11850016564130783,-1.200684905052185,0.8305973798386331,0.12652803708621824,0.042874583075148645,False
img/6345a316-0342-40f5-8e6c-a4ff80322dd7_90.png,train,NoR,RG,-0.03157977759838104,0.47956931591033936,-0.3369818329811096,0.29376919017218706,0.48977371831189875,0.21645709151591427,False
img/637483c9-b301-4187-8c6c-d953edca580a_205.png,train,RR,RR,1.8771008253097534,0.5695141553878784,-1.7806646823883057,0.771448931934405,0.20865534139102807,0.019895726674566808,False
img/63760599-6968-4e0b-9646-de80b1991457_343.png,train,RR,RR,1.7284311056137085,-0.1037246584892273,-1.1862736940383911,0.8235277524815576,0.13182054441348187,0.04465170310496044,False
img/638f369f-cfd1-4001-8469-ecb0ed65f357_180.png,train,RR,RR,1.4133630990982056,-0.1190529316663742,-0.947615385055542,0.7631601113615105,0.16485261346992028,0.07198727516856909,False
img/63a9ba65-4e3d-41bb-bfb2-5973b4e93d35_360.png,train,RR,RR,1.6575597524642944,-0.10678157210350037,-1.1328728199005127,0.8112311837725247,0.1389635611918378,0.04980525503563742,False
img/63c43e44-b13e-4222-87a5-168f82016001_90.png,train,RG,RG,-0.09981615096330643,2.1981818675994873,-1.5309079885482788,0.08933930127788521,0.8893043372316404,0.021356361490474398,False
img/63c56ef0-e611-4f9f-a635-121d9e4b2234_180.png,train,RR,RR,2.151918411254883,1.7705905437469482,-2.847998857498169,0.5918236816002171,0.4041883118812523,0.003988006518530514,False
img/63e08ea2-4fac-4351-bac6-ff5df5ee7bc3_180.png,train,RR,RG,0.12342749536037445,1.9535011053085327,-1.5151569843292236,0.1346148601447797,0.8392355545077613,0.02614958534745899,False
img/64224b39-c66e-4e4e-801c-cd8a5e2192d9_171.png,train,RR,RR,2.197542428970337,0.17560367286205292,-1.7271684408187866,0.8679452742317245,0.11491467637768571,0.01714004939058964,False
img/642e78d5-7b50-447e-a6c2-54138bce3c4a_270.png,train,RR,RR,2.395784854888916,-0.10378861427307129,-1.6682493686676025,0.9096701285070979,0.07470212721336959,0.015627744279532528,False
img/64780c70-21e4-457c-8041-c59018303fa5_270.png,train,NoR,RR,2.0348081588745117,1.280778408050537,-2.409090518951416,0.6746650898548168,0.31740756869907943,0.007927341446103795,False
img/6496d6f8-58cf-4a9b-94f5-51a8375606b2_360.png,train,NoR,RR,2.0101122856140137,-0.09003837406635284,-1.3996291160583496,0.865435415071557,0.1059621643848396,0.028602420543603374,False
img/649e2b9c-7e71-450e-9cf5-966006c16d05_0.png,train,RG,RG,1.4456777572631836,1.9197436571121216,-2.445783853530884,0.38067273698751364,0.6115556445643029,0.007771618448183416,False
img/64a59594-7cc7-4763-a585-184a4e36c6f0_270.png,train,RR,RG,0.8481977581977844,1.5391380786895752,-1.7389075756072998,0.3256450004175661,0.6498542797399689,0.024500719842464942,False
img/64c2dfb8-a3a0-4140-9b96-ce92f4d6a4a1_314.png,train,RR,RR,2.2953972816467285,-0.10583092272281647,-1.5942633152008057,0.9000423027659973,0.08154977425820703,0.0184079229757956,False
img/655eefa6-9f3c-4378-8ee6-6c52bdcd1bd2_0.png,train,NoR,RG,0.04416193068027496,0.20747046172618866,-0.1948579102754593,0.33729097549711495,0.3971263601726173,0.26558266433026767,True
img/6571c604-629e-4206-a32c-12016cb92b6b_270.png,train,RG,RG,0.024928018450737,2.2504043579101562,-1.6587861776351929,0.09575265465304873,0.8864677022530302,0.01777964309392091,False
img/6573c03b-5c3f-4aa4-b07f-0e8e363bc183_270.png,train,NoR,RR,0.8351206183433533,0.4047604203224182,-0.9088742733001709,0.5479165519416157,0.35629633983480186,0.09578710822358245,True
img/65a171da-deaa-429f-adc7-4895eddf9e85_270.png,train,RR,RR,0.6771759390830994,-0.11365754902362823,-0.41977864503860474,0.5594865583411287,0.25370851135632033,0.1868049303025508,False
img/65aea824-3276-47e7-a4be-400b0ab15423_180.png,train,RR,RR,0.8630750775337219,-0.12486343830823898,-0.545945405960083,0.6185339912949567,0.23030709917258027,0.15115890953246308,False
img/65ec494a-80de-4838-a4cb-a24471a85b3d_270.png,train,NoR,RR,0.34629935026168823,-0.03724457323551178,-0.23606596887111664,0.446425036036653,0.30421283461584064,0.24936212934750623,True
img/65ed57b1-bdc6-4480-b91a-d1c0a83ae8cd_180.png,train,RG,RR,0.3832136392593384,0.27519309520721436,-0.4887404441833496,0.4318268780022496,0.3876117593772315,0.18056136262051883,False
img/65eddfe1-4a65-4eb4-80c7-ce203ca119c5_360.png,train,NoR,NoR,-0.14371734857559204,-0.11888820677995682,0.17692703008651733,0.29384494218250423,0.3012321899211667,0.4049228678963291,False
img/66544877-5cfd-4c09-8580-f97c32e32167_276.png,train,RR,RR,1.5106631517410278,-0.1250612437725067,-1.0135478973388672,0.7843551273815824,0.15280116344564842,0.06284370917276907,False
img/665c7a3f-7c48-4f08-a1f3-06e48d82b7f4_255.png,train,RR,RR,2.3322088718414307,-0.12840552628040314,-1.6045217514038086,0.9050638862773329,0.07727659556285421,0.017659518159812912,False
img/66835503-c8a6-4c25-85c9-6a3394b44ab0_90.png,train,RR,RR,2.063851833343506,1.006091833114624,-2.2313649654388428,0.7348260136312073,0.2551556509472602,0.010018335421532566,False
img/6686e2d9-92b0-4f7a-881a-0d4cc19e173b_360.png,train,RR,RR,1.400937557220459,0.22200404107570648,-1.1853549480438232,0.7231153065328636,0.22243505619836137,0.054449637268775004,False
img/6688be46-3845-45d5-99a2-1031716cfd61_270.png,train,RG,RG,-0.07164406776428223,2.253305196762085,-1.591131567955017,0.08737451191468396,0.8935058474112438,0.019119640674072187,False
img/668f21af-030c-412c-a89f-ed86ac49f3e8_180.png,train,RG,RG,0.026778027415275574,2.119626998901367,-1.5655204057693481,0.10739478451876093,0.8707549474917148,0.0218502679895243,False
img/66a1bc45-3d69-4311-9e04-2a39ba3b6567_90.png,train,RR,RG,-0.0528421625494957,1.1447197198867798,-0.8027818202972412,0.20901144463516977,0.6922525820078391,0.09873597335699102,False
img/66c65baa-d342-47eb-b67c-11a239c91570_360.png,train,RR,RR,2.216421127319336,-0.12268422544002533,-1.5250283479690552,0.892750687809748,0.08607353630101763,0.02117577588923444,False
img/66fb412e-aed1-4d01-adc5-9ccf9a1585be_270.png,train,RR,RR,1.7186713218688965,0.31556951999664307,-1.4825340509414673,0.7772747533701122,0.1910799819257478,0.03164526470413994,False
img/672c07f4-8ff2-49f1-b8e2-027dae634d64_90.png,train,NoR,RG,0.16343916952610016,2.239367961883545,-1.7508476972579956,0.10965640618401187,0.8741750917885174,0.016168502027470708,True
img/6751ae44-a3de-4ee8-b266-1011babb975d_270.png,train,RR,RG,0.15523649752140045,0.25694119930267334,-0.31087201833724976,0.36569814251748234,0.40484850996827537,0.2294533475142422,False
img/67562356-4a52-457e-8a0a-523ee1c512f5_0.png,train,RG,RG,1.9170700311660767,2.1725010871887207,-2.9691052436828613,0.435053430029695,0.5616618100148311,0.0032847599554738974,False
img/67785b51-3b85-4fc7-9c72-06c86f4f6748_270.png,train,RR,RR,2.36295223236084,-0.114200659096241,-1.637002944946289,0.9071953234371668,0.07618806983284139,0.01661660672999183,False
img/6794842b-131c-4d05-826a-3f0a2585eab1_270.png,train,RR,RR,1.9074472188949585,-0.07847592234611511,-1.3338395357131958,0.8500745715217218,0.11667600851520578,0.033249419963072444,False
img/67c474d7-1d3d-452f-a47e-3c7e383e67b1_90.png,train,RG,RG,0.8589205145835876,0.8780472278594971,-1.2684316635131836,0.467625542191594,0.47665576581351393,0.0557186919948921,False
img/68030b88-f2fa-49ff-80c8-2d3de0e0899d_180.png,train,RR,RR,2.3593034744262695,-0.049410708248615265,-1.6812353134155273,0.902919170435682,0.08120029291451962,0.015880536649798264,False
img/6808f219-1620-4c1b-a218-e7cf45fecd7c_90.png,train,RG,RG,0.16013561189174652,0.7129378318786621,-0.6442701816558838,0.3139253728932265,0.5456389600537569,0.14043566705301658,False
img/681fa77c-ed0b-4817-abce-933c1cf9fadf_90.png,train,NoR,RG,1.3931225538253784,1.8720632791519165,-2.3733327388763428,0.3791472985130039,0.612081537798115,0.008771163688881147,False
img/683afdc2-5fd3-4852-8c38-10e7a66260de_90.png,train,NoR,RR,1.0496528148651123,0.5007182359695435,-1.1332427263259888,0.5916181247556361,0.3416978231019696,0.06668405214239433,True
img/683f6a2e-0c54-4d6f-bfe2-3a3d43636ccb_270.png,train,RR,RR,0.43021684885025024,-0.03358491510152817,-0.29932600259780884,0.47370520329901,0.29790761757155737,0.22838717912943268,False
img/68673823-f7c8-49ea-807f-67005ae5d8fb_360.png,train,NoR,NoR,-0.16510218381881714,-0.1350909322500229,0.2040938138961792,0.28760117715322414,0.2963632715008864,0.41603555134588943,True
img/687fd7b2-9a2a-4d42-a520-b92e6fb5d862_113.png,train,RR,RR,1.24782395362854,0.033029377460479736,-0.9380619525909424,0.7096481107000376,0.21060295949319963,0.07974892980676283,False
img/68b75c97-e565-41b4-ba81-2a1796f1d3ff_205.png,train,RR,RR,2.3418023586273193,0.2716328501701355,-1.9008314609527588,0.8767822109631027,0.11061869628160914,0.012599092755288302,False
img/68d7638c-cfd3-4ed4-ba3a-427d9874046c_166.png,train,RR,RR,1.5703502893447876,1.1585019826889038,-1.9851653575897217,0.5913690650050085,0.3917375073246819,0.016893427670309574,False
img/68eb3044-2b22-43db-b8a9-928ec122cbb0_180.png,train,RG,RG,0.08223725855350494,2.387352705001831,-1.799245834350586,0.08946384684397059,0.896905086441629,0.013631066714400305,False
img/68eb3044-2b22-43db-b8a9-928ec122cbb0_90.png,train,RG,NoR,-0.14343447983264923,-0.1293228417634964,0.1842709481716156,0.29394544792200633,0.298122905757568,0.4079316463204257,False
img/69a8a004-55e7-496c-82fa-96f0b19a8bd3_90.png,train,RG,RG,0.014989852905273438,0.40800344944000244,-0.3188490867614746,0.31273380262512496,0.46329590534977194,0.2239702920251031,False
img/69d1b88a-73d1-4217-94f3-83b822e8bfdd_200.png,train,RR,RR,1.6550670862197876,-0.1215745210647583,-1.1203714609146118,0.8119996713952137,0.13739477181005758,0.05060555679472874,False
img/69f280d3-8582-44e5-a646-976a425745c1_0.png,train,RR,RG,0.1623840183019638,1.1978490352630615,-0.9966700077056885,0.24211911463307106,0.681908054461834,0.07597283090509482,False
img/6a1f62a8-a35e-4851-a332-5d02a8d45b0e_45.png,train,RR,RR,2.3778655529022217,1.3945610523223877,-2.739185094833374,0.7246027089404908,0.2710542584187102,0.004343032640799025,False
img/6a39af28-6c4b-4b1c-b5b4-e62c1a6083ce_194.png,train,RG,RR,1.7928054332733154,-0.10518330335617065,-1.231715440750122,0.834410532308843,0.12505289272350212,0.040536574967655,False
img/6a6444bf-b517-4c9e-b290-8e9976bce500_157.png,train,RR,RR,2.095107316970825,0.3273541331291199,-1.7629542350769043,0.8390493540183216,0.14323925523678807,0.01771139074489043,False
img/6a68655a-f491-4651-82d1-1c503870e177_270.png,train,RR,RR,2.4257845878601074,-0.06971494853496552,-1.7145661115646362,0.9104379267908895,0.07507038841353594,0.014491684795574476,False
img/6a863288-9c16-4898-9bce-5fb72c54c150_0.png,train,RG,RG,-0.1375405490398407,2.4318645000457764,-1.6727019548416138,0.07006002811291971,0.9148475763034524,0.015092395583627963,False
img/6a88e21c-7b7d-4833-bb94-58835dc1ebe6_172.png,train,RR,RR,2.382648229598999,1.8880964517593384,-3.099653959274292,0.6195771763676294,0.3778455423342598,0.0025772812981107356,False
img/6a9c78d6-704e-4cea-beda-6ec4dcd8ccbc_274.png,train,RR,RR,2.1223182678222656,-0.10306058824062347,-1.4712543487548828,0.880648839711764,0.09513339813853808,0.02421776214969799,False
img/6aa0fe95-5d50-432c-8d06-5095fad72513_0.png,train,RG,RG,-0.1245228499174118,0.4624575972557068,-0.25747179985046387,0.27217852281529314,0.48952651697502086,0.23829496020968588,False
img/6af30076-e887-4ec2-b62a-a39e5b3f1777_180.png,train,NoR,RR,0.054460152983665466,-0.12118721008300781,0.03544871509075165,0.35459963024204494,0.297478510221261,0.34792185953669413,False
img/6b167530-3630-46a4-b96a-16ec2bcbf14b_317.png,train,RR,RR,2.2645583152770996,0.20369894802570343,-1.7958967685699463,0.8736786038895826,0.11125815376957571,0.015063242340841764,False
img/6b27b608-e44a-4724-b13c-dc52a209818e_180.png,train,RG,RG,-0.13152267038822174,1.7274935245513916,-1.1675195693969727,0.12866216579550288,0.8256791784511575,0.045658655753339765,False
img/6b566608-146f-4f31-9963-3ea85325ea8a_90.png,train,RR,RR,1.559032678604126,-0.10173286497592926,-1.0653599500656128,0.7920934848283528,0.15049259460080722,0.05741392057084002,False
img/6b6b7ee2-efe3-4bca-8fae-7ef07a60f740_360.png,train,RR,RR,2.407191276550293,-0.04626920819282532,-1.7180967330932617,0.907313955361907,0.07802490358896708,0.014661141049125952,False
img/6b6eff60-8477-46aa-906c-6682914a65de_180.png,train,RG,RG,1.2339810132980347,2.4316916465759277,-2.6632115840911865,0.23079638644498465,0.7645187195998165,0.0046848939551988105,False
img/6b8f53ad-f3f8-4682-b3cf-87dd94e9583e_270.png,train,RR,RR,1.1029539108276367,1.0607565641403198,-1.5768628120422363,0.4932775419280499,0.4728955948015686,0.03382686327038154,False
img/6bc79fad-0dea-4653-9bf2-075f3848718c_237.png,train,RR,RR,1.9044400453567505,0.09125226736068726,-1.4544456005096436,0.8347891623044686,0.1361818894673368,0.02902894822819435,False
img/6bde72f0-14f2-4dfe-a460-a5f13e420b1a_180.png,train,RR,RG,-0.10423742234706879,0.4514881372451782,-0.26418858766555786,0.27813388730857774,0.484844473526753,0.23702163916466937,False
img/6c068cc7-7046-43b8-a0a1-4e09e963801f_169.png,train,NoR,RR,0.729640543460846,0.01232580840587616,-0.5488072633743286,0.5660814391423106,0.2762823135749177,0.15763624728277156,False
img/6c4f7411-d178-49d3-b370-0546678a7575_270.png,train,RR,RR,2.0715413093566895,2.016573190689087,-2.9678826332092285,0.5120346571834269,0.48464864925994977,0.003316693556623232,False
img/6c55f930-3a57-472d-be16-43127322d715_292.png,train,RR,RR,2.307478189468384,0.29671037197113037,-1.8941800594329834,0.8704306780361305,0.11653833840478646,0.013030983559083057,False
img/6c7f495f-ec72-4a75-8f50-39ef4bf6a131_235.png,train,RR,RR,1.966183066368103,0.7708596587181091,-1.9906575679779053,0.7565844541911096,0.22894705075436575,0.014468495054524678,False
img/6c9d86b1-5cdc-40d2-8df9-4c6dd7a0b83e_270.png,train,RR,RR,2.4156248569488525,-0.06421275436878204,-1.7112081050872803,0.9091812318650696,0.07615013392018802,0.01466863421474234,False
img/6ca40b8f-5ea4-434f-af51-7321c9b38b00_180.png,train,RR,RG,0.80086350440979,0.8579099774360657,-1.211930751800537,0.4561378298316476,0.4829154059113371,0.06094676425701536,False
img/6cb69348-eb58-4f7d-b713-6e0637958394_270.png,train,RG,RG,0.7904586791992188,1.3623788356781006,-1.5693390369415283,0.3489055719647062,0.6181440213946329,0.03295040664066088,False
img/6cf977b5-288b-4bd5-96e0-e30985d88c1c_0.png,train,RG,RG,-0.020254716277122498,0.8938004970550537,-0.6448089480400085,0.24814403583022784,0.6189748120763028,0.13288115209346937,False
img/6d0c83d3-998d-4a62-ba47-69cb2a628928_270.png,train,RR,RR,2.4077563285827637,-0.13742811977863312,-1.652562141418457,0.9126568204265889,0.07160575732715772,0.01573742224625328,False
img/6d54bd91-7678-44ea-b12b-8683cd26c8df_360.png,train,RR,RR,2.0912437438964844,-0.07978201657533646,-1.4656487703323364,0.8752061926311602,0.099826506759643,0.024967300609196864,False
img/6d7e635d-2727-4ed2-82e9-2c8026747754_270.png,train,NoR,RG,-0.12982630729675293,0.32980114221572876,-0.15767993032932281,0.2812136888211996,0.44529736203057174,0.2734889491482286,False
img/6d813c91-734c-4704-9332-f91560f3862a_0.png,train,RG,RG,-0.07432659715414047,1.6540896892547607,-1.1557326316833496,0.1434546071881453,0.8078972990867245,0.04864809372513017,False
img/6d8f8d82-4558-4687-befa-93356d269a79_105.png,train,RR,RR,1.8486193418502808,-0.1335761547088623,-1.2514902353286743,0.8454438189236791,0.11647378455546331,0.038082396520857625,False
img/6d9b30ca-4b60-41b7-ba09-baeda985fcd0_212.png,train,RR,RR,2.438894748687744,-0.13339129090309143,-1.6779732704162598,0.9152009121194576,0.06988545731016194,0.014913630570380495,False
img/6dc6f5b2-f3c1-4c07-bdcc-a4f9edb5643b_270.png,train,RR,RR,2.2955429553985596,0.07633839547634125,-1.7261464595794678,0.8876121509091658,0.09647947782139772,0.01590837126943656,False
img/6dce46fe-39c9-4bac-b880-784865e4d757_270.png,train,RG,RR,0.16572515666484833,-0.0351690798997879,-0.10714064538478851,0.38771804263914394,0.3171529484238875,0.29512900893696853,False
img/6e0ef1c5-de05-40a9-a962-a9b3186de941_181.png,train,RR,RR,2.2447352409362793,2.010223388671875,-3.0883853435516357,0.556859275589853,0.4404516636402758,0.002689060769871146,False
img/6e63de32-9fc3-47cf-ac26-0d7702085023_180.png,train,RR,RR,0.6024652123451233,-0.13363711535930634,-0.35136306285858154,0.5364114824785121,0.2569288581489684,0.20665965937251948,False
img/6e79cc9e-93db-4f56-8e14-457e5cfd618f_220.png,train,RR,RR,1.208855152130127,-0.03063473105430603,-0.8638617992401123,0.7065263982619836,0.20456191307508242,0.088911688662934,False
img/6e7c01c7-f9fd-4a7e-838d-9ae1dd28f698_180.png,train,RG,RG,-0.11883541196584702,1.8686615228652954,-1.2788017988204956,0.11613400865562394,0.8474583607459252,0.036407630598450945,False
img/6e7d03e7-7283-4bdf-8f4e-9ce83772b15e_270.png,train,RR,RR,1.5608972311019897,-0.12636639177799225,-1.0488872528076172,0.794549060500678,0.1470115435649777,0.05843939593434447,False
img/6e8145d1-9f9a-4324-b165-72406fbef1cb_270.png,train,RR,NoR,-0.1500922292470932,-0.08604127168655396,0.15777069330215454,0.2918292588350725,0.31113280874526383,0.39703793241966373,False
img/6e9f18cb-8e9b-4ac9-bb19-d125f5df7db3_0.png,train,RG,RG,-0.029960855841636658,1.7999942302703857,-1.2933223247528076,0.13304402803339643,0.8293441414474018,0.03761183051920161,False
img/6eecc2b8-dd3b-41f5-879e-b6e34a6470f2_180.png,train,RG,RG,-0.11791146546602249,1.9593483209609985,-1.3450703620910645,0.10780870089513372,0.8605899607750428,0.03160133832982344,False
img/6ef9d034-7098-4812-acdf-f4836f0167ab_0.png,train,RG,RG,-0.10183683782815933,0.6097612380981445,-0.38041430711746216,0.26356684214659415,0.5369500546723376,0.19948310318106816,False
img/6f2697df-397f-4615-a76a-185cc29ca07c_180.png,train,RG,RG,1.1866835355758667,2.070816993713379,-2.3679988384246826,0.2898990919128584,0.7018125612768974,0.008288346810244311,False
img/6f370d81-bb5b-4f64-afb4-e1a491081448_180.png,train,RR,RR,2.334751844406128,-0.0009952038526535034,-1.698524832725525,0.8973000825889934,0.08680318357168831,0.015896733839318226,False
img/6f3ab1bb-e90f-486b-ad19-9f77a39fb1fa_180.png,train,RG,NoR,-0.1299082338809967,-0.09784384071826935,0.1517297625541687,0.29780669555264283,0.30751042728663114,0.39468287716072603,False
img/6f68c558-ee26-4afe-ae1a-4e6091e3b9f8_270.png,train,RG,RG,-0.05297604948282242,1.7420949935913086,-1.2348153591156006,0.13648865147574893,0.8216483577235887,0.04186299080066239,False
img/6f7c6b02-c924-4ab3-af75-ad076c8846f2_0.png,train,NoR,RR,0.5012572407722473,0.10210829973220825,-0.4487956166267395,0.48600042895865314,0.3260532023653046,0.18794636867604217,True
img/6f86a12b-da9b-4c23-aabc-93a84c5356b2_269.png,train,RR,RR,0.06588879227638245,-0.12939998507499695,0.03313492238521576,0.35837492381369596,0.2947981645657989,0.34682691162050533,False
img/6fbc5d76-00a5-46d5-8c29-356d96d2b154_149.png,train,RR,RR,2.2869722843170166,0.2526412606239319,-1.8474900722503662,0.872007440995773,0.11403061140338881,0.013961947600838158,False
img/6fc342a3-847d-4b68-8f30-3c8961af25ed_0.png,train,NoR,RG,0.014710307121276855,1.6280652284622192,-1.2012174129486084,0.15832659353761594,0.7947398820065555,0.046933524455828386,True
img/6fe4018e-ab22-4180-9c0b-ca921fc01724_90.png,train,NoR,RR,1.0539088249206543,0.0019076615571975708,-0.7754863500595093,0.6623618507120808,0.23132203845518878,0.1063161108327305,False
img/6ff12958-6d20-4765-999f-6285625eef45_360.png,train,RR,RR,2.0007598400115967,-0.10264232009649277,-1.3837565183639526,0.8651008825525383,0.1055773613624368,0.02932175608502503,False
img/70116f85-87bb-4ae2-bfca-9f61c089c2f2_264.png,train,RR,RR,2.39057993888855,-0.06694535166025162,-1.6911417245864868,0.9070088939188736,0.07768226373689235,0.01530884234423396,False
img/7042d83b-0d71-4109-86c7-288425e20633_288.png,train,RR,RR,2.068873167037964,-0.008324682712554932,-1.5011816024780273,0.8669755328259211,0.10861536783859917,0.02440909933547981,False
img/705a67c6-7294-4dc6-9b82-faf3605f482d_180.png,train,RR,RR,1.4715155363082886,0.5397306084632874,-1.466170072555542,0.6911622344975218,0.2722143073017409,0.03662345820073737,False
img/709cea3b-48da-4956-b27a-3d2991362a65_0.png,train,RG,RG,-0.13997356593608856,2.427306890487671,-1.6676476001739502,0.0701883456511784,0.9145779822617722,0.015233672087049389,False
img/70a17b55-250c-44f9-91bd-8688dd6ea1c5_270.png,train,RG,RG,0.4706544876098633,2.3445827960968018,-2.048856258392334,0.1316771241220472,0.8577230014906997,0.01059987438725315,False
img/70bed182-68c8-4273-995e-8d85644218e2_90.png,train,RR,RR,1.957842469215393,-0.12962086498737335,-1.3332420587539673,0.8611671486956528,0.10678583478130467,0.03204701652304238,False
img/70c4e9ef-167e-4388-b353-0f8a2c8e7288_270.png,train,RG,RG,-0.035488277673721313,2.2356605529785156,-1.6044827699661255,0.09175337481044192,0.889138573958778,0.019108051230779903,False
img/70cb199e-f9ae-4daa-8ae3-48482f610020_238.png,train,RR,RR,2.1798691749572754,0.7971071600914001,-2.163987398147583,0.7912199920260028,0.19850494925752268,0.01027505871647445,False
img/70ff0040-e459-44fc-be93-6026ef9ebcfb_270.png,train,RR,RR,2.430116653442383,-0.13104866445064545,-1.6733274459838867,0.9143020952752464,0.07059756959779408,0.015100335126959536,False
img/7113ac5c-94b9-4a9b-8660-84b1f35124ea_282.png,train,RR,RR,1.9400964975357056,0.012472480535507202,-1.4232120513916016,0.8473757593395864,0.12328764653695895,0.029336594123454594,False
img/71202219-abfd-45fd-9466-e5cbb3c7863e_180.png,train,RR,RR,0.8800762295722961,0.49697303771972656,-1.0080502033233643,0.545524671350665,0.37190737801410567,0.08256795063522938,False
img/712422ae-7f48-46f2-bdfe-128d88c68242_270.png,train,RR,RR,2.2760136127471924,-0.01468956470489502,-1.6461927890777588,0.8920665137301202,0.09027291937899698,0.017660566890882773,False
img/7168b8b6-9c25-4643-a23a-ad2c4c721ed3_360.png,train,RG,RG,1.0365084409713745,1.8315399885177612,-2.0864405632019043,0.3068860944428301,0.6796025883392872,0.013511317217882748,False
img/7185a3af-95c3-4dd7-a3d9-04965b46e037_104.png,train,RR,RG,0.900203287601471,1.2891939878463745,-1.595665693283081,0.39094330966857993,0.5768332682961271,0.03222342203529297,False
img/71983c4b-a4e3-4ff2-a9c4-fdf9c211f617_333.png,train,RR,RR,2.3766002655029297,-0.056836508214473724,-1.688356876373291,0.905060498535312,0.07940529208356312,0.015534209381124948,False
img/71a48057-d24e-462f-ac0b-0338556a7aa9_270.png,train,RR,RG,0.48343396186828613,1.0917538404464722,-1.1518135070800781,0.32978854843008854,0.6059343005934634,0.06427715097644802,False
img/71a57b85-0af2-4b30-a9c0-2406a797d154_354.png,train,RR,RR,2.1764087677001953,-0.1227867528796196,-1.4960535764694214,0.8882940495842058,0.08913100952553428,0.02257494089026008,False
img/71d044a1-f737-4028-982a-a40eb6fb43c9_258.png,train,RR,RR,2.156914710998535,-0.13636250793933868,-1.472152829170227,0.8869367970373003,0.08952308330809156,0.023540119654608248,False
img/71d73b7b-925c-49d3-aeef-b4ea708d71ce_0.png,train,RG,RG,-0.03172972798347473,2.1979219913482666,-1.5798981189727783,0.09515413516906672,0.8846125668677345,0.020233297963198903,False
img/71e108dd-a98a-4fd6-b498-f9acbcfd9504_270.png,train,RR,RR,2.1985626220703125,0.013403370976448059,-1.6105726957321167,0.8813467843437557,0.0991161032617135,0.01953711239453083,False
img/71e4a8bb-1fd5-4445-a459-53a05b1199ac_270.png,train,NoR,NoR,-0.043168723583221436,-0.10443177819252014,0.09384439140558243,0.32389513976592715,0.30464792515996014,0.37145693507411276,False
img/72176ab0-8c78-4679-80e4-05528945f70b_165.png,train,RR,RR,2.2014362812042236,-0.09661981463432312,-1.5330594778060913,0.889411357746024,0.08934486347623981,0.021243778777736096,False
img/721e8d1e-ba8c-4b0c-8ce5-bbf603320ac6_169.png,train,RR,RR,2.2332634925842285,-0.13231083750724792,-1.5302295684814453,0.8951766825711552,0.08405293503856967,0.02077038239027507,False
img/722add68-4b33-4bec-9563-98bb9ddf9e8f_270.png,train,RR,RR,2.304497003555298,-0.024039968848228455,-1.6600019931793213,0.8957236667879871,0.08727769966785416,0.016998633544158592,False
img/7235fb9e-c4a6-40ad-86e9-01aa8863e34e_0.png,train,RG,RG,-0.06623411923646927,1.9670225381851196,-1.387947678565979,0.1122888818436019,0.8577661502654119,0.02994496789098607,False
img/7235fb9e-c4a6-40ad-86e9-01aa8863e34e_90.png,train,RG,RG,-0.03334274888038635,1.7396302223205566,-1.247213363647461,0.13917151311070658,0.8194882425384419,0.041340244350851346,False
img/72411b80-5501-4f72-aa30-3db2ff5a64bc_238.png,train,RR,RR,2.025141716003418,-0.13439662754535675,-1.37839674949646,0.8705995180879819,0.10044835672860883,0.028952125183409318,False
img/725c2e67-60f7-489a-a23f-1c18a9ef432d_270.png,train,NoR,RR,0.4393792152404785,-0.1014765202999115,-0.2568323016166687,0.48060287648722566,0.27983092260607934,0.23956620090669511,False
img/726500b8-01eb-4ccc-9a31-8a60cd0259fc_270.png,train,RG,RR,1.3848240375518799,0.3906553387641907,-1.295715570449829,0.6951409898189782,0.25722366268817864,0.04763534749284311,False
img/7276282a-bc6f-4283-8853-89b350453d99_0.png,train,NoR,RR,1.1981358528137207,-0.0691816508769989,-0.8282351493835449,0.7075143140113245,0.1992260993577275,0.09325958663094791,True
img/727b0c79-5260-4ee9-bbbb-7a8eaf98954e_360.png,train,NoR,NoR,-0.16463792324066162,-0.11530578881502151,0.18944628536701202,0.2877329882001452,0.30228342184663676,0.409983589953218,False
img/729cbd0f-0aa4-4916-8355-ac96559f70a5_270.png,train,NoR,RG,0.344646155834198,1.9784115552902222,-1.692960262298584,0.15991123286355147,0.8192458861895897,0.020842880946858926,True
img/72b04865-3995-47c8-81e3-ff859a3304ee_270.png,train,RG,RG,1.0123341083526611,1.7317216396331787,-1.9967730045318604,0.32231956318187316,0.6617785722185144,0.015901864599612552,False
img/72d14feb-0df3-4f7a-916d-183d131042db_270.png,train,RR,RR,1.1197625398635864,0.2137087732553482,-0.9762648344039917,0.654853250978945,0.26463655646931245,0.08051019255174272,False
img/72d216b7-fe1c-4480-8665-fe8d4d86e324_90.png,train,RR,RR,2.0271568298339844,-0.06816528737545013,-1.4277628660202026,0.8660854757023893,0.10655502178494568,0.02735950251266518,False
img/72d5c8c0-0b2d-4f16-a0f5-c1048e61f07f_138.png,train,RR,NoR,-0.10319313406944275,-0.13678371906280518,0.1606021374464035,0.3059199528780736,0.29581459529755805,0.39826545182436834,False
img/72e547d1-04cf-4a26-86f8-10b7673f89de_360.png,train,RG,RG,0.060310691595077515,2.0590384006500244,-1.5459121465682983,0.11654597227744602,0.8600697718763839,0.023384255846170054,False
img/73083ed2-d80e-4876-9986-f1ed7638a59d_377.png,train,RR,RR,2.2315471172332764,-0.13516618311405182,-1.52692449092865,0.8951687330219421,0.08395651016782626,0.020874756810231664,False
img/73120f55-d23d-4415-965c-1ffc70714b93_180.png,train,RG,RG,1.5851764678955078,1.8461918830871582,-2.4933362007141113,0.4319318007098397,0.5607544573329085,0.00731374195725186,False
img/733d92e7-df66-49b0-8014-5379bd16409c_0.png,train,RG,RG,-0.054636552929878235,2.0563647747039795,-1.460952877998352,0.1052459983750938,0.8689640710853074,0.025789930539598858,False
img/734ca525-52f7-4a37-8843-31ca93588667_0.png,train,RG,RR,0.3432472348213196,0.01721535623073578,-0.273256778717041,0.4421627758622348,0.31914521124487555,0.2386920128928897,False
img/739d22d5-506a-46f9-889b-bcae707ea251_360.png,train,NoR,RR,2.1727192401885986,0.10496604442596436,-1.6581408977508545,0.8709583223560684,0.11014976387821762,0.018891913765714113,False
img/73d25458-fb1f-458b-8c6a-4287a47080ee_270.png,train,RR,RR,2.4234979152679443,-0.08710499107837677,-1.700334906578064,0.9112434083816652,0.07401051245742306,0.014746079160911689,False
img/73ede593-7218-430e-a39c-f7016e171247_360.png,train,NoR,RR,0.35229170322418213,-0.12048766762018204,-0.18017764389514923,0.4524025348268314,0.2819678271890246,0.265629637984144,False
img/73ede593-7218-430e-a39c-f7016e171247_90.png,train,NoR,RR,0.3770766854286194,-0.023563779890537262,-0.2681925296783447,0.4557029024712295,0.3052712123148073,0.2390258852139631,True
img/73f6349d-30d5-42b0-89f4-e9a221818ed3_270.png,train,NoR,NoR,-0.14572708308696747,-0.13365009427070618,0.1890571266412735,0.2932732817154669,0.2968366137088571,0.4098901045756759,False
img/7409c92e-e79b-417f-964d-2df9f0935e0d_270.png,train,RG,RR,0.8914225697517395,0.8074172139167786,-1.2408151626586914,0.4906776167232445,0.45114192123347024,0.05818046204328527,False
img/741413d8-f794-4e8a-ad18-1c6ee48d0c2a_0.png,train,RG,RR,1.5700703859329224,-0.09495742619037628,-1.0782335996627808,0.793678171474098,0.15015231937422796,0.056169509151673944,False
img/741d69c4-0279-4cdb-b968-3ff9095aee40_0.png,train,RG,RG,-0.1106102466583252,2.4384613037109375,-1.6969252824783325,0.07142909690836126,0.9139509057829577,0.014619997308680995,False
img/742216a8-3504-470b-ad87-c923dcfd32f4_90.png,train,RG,RG,-0.015085741877555847,1.2276171445846558,-0.8900192975997925,0.20484012854551384,0.7097641278877928,0.08539574356669336,False
img/74863261-05c4-4888-bcda-6ca4d0c4e197_262.png,train,RR,RR,2.158411979675293,-0.0895366370677948,-1.5071072578430176,0.8840118616308661,0.09336549682150437,0.022622641547629625,False
img/74afa83c-ccf9-4472-89fb-098132398175_360.png,train,NoR,RR,0.461578905582428,-0.10601075738668442,-0.2695869207382202,0.48822458806266106,0.2767697293433128,0.23500568259402616,False
img/74c555ef-b760-4b7d-a56b-d18de12a6de0_180.png,train,RG,RG,-0.007799670100212097,2.1418871879577637,-1.5566480159759521,0.10209641626691363,0.8762088558039838,0.021694727929102566,False
img/7532361d-4f16-4940-9906-bdd945c9eb41_270.png,train,RR,RR,2.3072283267974854,-0.13895830512046814,-1.5788449048995972,0.9032207363381263,0.07823994630171514,0.01853931736015868,False
img/753559f8-a889-42d1-9bb5-e2efb347e523_241.png,train,RG,RG,1.6427985429763794,2.0143630504608154,-2.6566078662872314,0.4059136760402628,0.588575390023889,0.005510933935848282,False
img/75358475-a8bc-4294-bc5d-adad4a2679b5_157.png,train,RR,RR,2.0305559635162354,-0.06520082801580429,-1.4323625564575195,0.8663144231971652,0.10653687042612223,0.02714870637671266,False
img/7546c559-0d21-4e65-bc88-65d9551de7c5_324.png,train,RR,RR,1.9889777898788452,-0.09706603735685349,-1.3792803287506104,0.8630905187709889,0.10717636481351375,0.02973311641549746,False
img/754e3fdb-bdcc-4e3c-8b2b-9fba88291204_270.png,train,RR,RR,1.8531590700149536,-0.12695708870887756,-1.2595573663711548,0.8456422450696525,0.11674361823729562,0.037614136693051865,False
img/756ab941-3903-403b-8db8-4bf3f87c9048_90.png,train,RG,RG,0.23012115061283112,2.258557081222534,-1.812892198562622,0.11452360682552346,0.8706298415310882,0.014846551643388347,False
img/75886929-666d-4731-bed5-43df08b5f104_218.png,train,RR,RR,0.6696418523788452,0.007770642638206482,-0.5021758079528809,0.5477385914234314,0.2825701788507477,0.16969122972582093,False
img/75a0086f-d80d-450c-b747-b9227e5740bb_270.png,train,RG,RG,-0.015084847807884216,0.668462336063385,-0.48553764820098877,0.27734548834603184,0.5493914236986519,0.17326308795531623,False
img/75aff90e-cc7a-4ae7-b1a9-46a86cf0b370_86.png,train,NoR,RR,1.845925211906433,1.5612798929214478,-2.475571870803833,0.5663922073191635,0.4260861112965135,0.007521681384322881,False
img/75bf3d90-e406-465a-bc63-6e68e997fa7e_270.png,train,RG,RG,0.22425372898578644,0.746815025806427,-0.7150881290435791,0.3249679696966005,0.5480069226898006,0.12702510761359878,False
img/75dd62f3-129c-464d-96c8-ab42d515a62d_311.png,train,RR,RR,1.1269619464874268,-0.12367898225784302,-0.7374047636985779,0.6938105898442553,0.19865269906666425,0.10753671108908061,False
img/75f34589-b446-44f9-9519-3d646c464149_270.png,train,RG,RG,-0.008286133408546448,1.8019018173217773,-1.3103575706481934,0.1354359521472636,0.8277298238357957,0.03683422401694056,False
img/7601a259-0b67-460d-9930-c8b5c8c5e4a9_180.png,train,RR,RR,2.0977327823638916,0.3306199908256531,-1.767212986946106,0.8390743178520086,0.1433352783900705,0.017590403757920998,False
img/76024187-857f-4813-81ce-8af5087d9dae_157.png,train,NoR,RR,0.15212313830852509,-0.1231141984462738,-0.03369821608066559,0.3861281451064195,0.2932225742621109,0.32064928063146964,False
img/7619d037-b625-4475-9553-cab65028f0f2_270.png,train,RR,RR,2.0901050567626953,-0.06406421959400177,-1.4761962890625,0.8739274838725208,0.10137516352038455,0.02469735260709449,False
img/7630f193-7028-4722-b6e5-9979cc0dfa12_249.png,train,RR,RG,1.0579102039337158,1.3228262662887573,-1.7339047193527222,0.4228988899585382,0.5511732466682493,0.02592786337321234,False
img/7660eef2-66b8-41f1-b62d-189f023a97b9_90.png,train,RG,RG,-0.09563670307397842,2.1528160572052,-1.5011100769042969,0.09329821808267827,0.8838203068296543,0.022881475087667486,False
img/76729177-5593-43d5-80ba-ddf98b80e27c_270.png,train,RG,RG,0.08640517294406891,2.113044261932373,-1.603826642036438,0.11398588838656394,0.8649863648581735,0.02102774675526247,False
img/76849f2f-1bf7-4153-9b72-a7ceaee33d15_0.png,train,RG,RG,0.2823224663734436,2.263906478881836,-1.854466438293457,0.11944209187051992,0.8664597696999006,0.01409813842957957,False
img/76849f2f-1bf7-4153-9b72-a7ceaee33d15_180.png,train,RG,RG,-0.11076328158378601,2.0167436599731445,-1.391752004623413,0.10339468832011771,0.8678861410060557,0.02871917067382668,False
img/7695dc73-117b-4822-b822-0843bc991ca9_180.png,train,RR,RR,2.2037675380706787,-0.11301067471504211,-1.5228863954544067,0.890738485823476,0.08781854220880556,0.021442971967718376,False
img/76bbf6d5-185a-4cda-ad85-36c627a74722_270.png,train,RG,RG,-0.14472925662994385,0.5919217467308044,-0.3365288972854614,0.25546697949144503,0.5336521199349435,0.2108809005736114,False
img/773ddd35-19e4-4e5b-b491-45ba4b4e362b_90.png,train,RG,RR,0.7586749792098999,-0.11776700615882874,-0.47567176818847656,0.5857248920683614,0.24381463074695126,0.17046047718468735,False
img/77c11c78-44c3-4cf1-bd2e-30e07d9a3324_360.png,train,RR,RR,2.203916072845459,-0.0987696647644043,-1.5332953929901123,0.889829837872792,0.0889740285797159,0.0211961335474922,False
img/77d841fe-f4d3-4dd3-bd2c-aca001fe5d66_471.png,train,RR,RR,2.1420376300811768,1.20893394947052,-2.434570074081421,0.7124431413917158,0.28022600177399287,0.007330856834291309,False
img/780a9f71-5b0b-43fe-a186-539d11908468_180.png,train,RR,RR,1.850587248802185,0.04040174186229706,-1.3787639141082764,0.8311122177011083,0.1359897231966096,0.03289805910228197,False
img/780a9f71-5b0b-43fe-a186-539d11908468_90.png,train,RG,NoR,0.021911904215812683,-0.07968667149543762,0.028937220573425293,0.3435904031557116,0.31039686355405743,0.346012733290231,False
img/78144ac7-b023-4a66-8723-b381690c60dd_90.png,train,RR,RR,0.15020276606082916,-0.1373341977596283,-0.022024646401405334,0.38581786646118693,0.2894053920194367,0.32477674151937636,False
img/783e8a25-3f23-406a-a302-9725618995ae_90.png,train,NoR,RG,-0.13204039633274078,1.7459681034088135,-1.1805098056793213,0.12672760916659817,0.8288576878008698,0.04441470303253212,True
img/786335f6-245f-470d-8cc4-6d49b504594f_270.png,train,RR,RR,0.9875771403312683,-0.12885266542434692,-0.6329860687255859,0.655637088959589,0.21468623971096537,0.1296766713294456,False
img/787f1a84-2da8-451b-bc5b-43db36c21404_180.png,train,RG,RG,-0.0741475448012352,2.3917458057403564,-1.6894687414169312,0.07708422708371408,0.9075893628929006,0.01532641002338544,False
img/78a0bc0f-c7c4-482e-915d-9c6aa5a22286_0.png,train,RG,RR,1.9836970567703247,1.7898935079574585,-2.7404580116271973,0.5456436533540585,0.4495120064929042,0.004844340153037275,False
img/78b50c99-111a-428b-93af-64577437a867_90.png,train,RG,RR,1.3984509706497192,0.4301465153694153,-1.3341253995895386,0.6921479492385717,0.2628268044315798,0.04502524632984843,False
img/78b687ed-4c15-48f7-b7c6-207036a3d9dc_4.png,train,RR,RR,1.7106809616088867,-0.09176923334598541,-1.1821012496948242,0.8194597619428629,0.13512430077361953,0.04541593728351772,False
img/791bf7a2-d0fd-4e15-9eff-7b39a9dea7d9_270.png,train,RR,RR,0.4271678328514099,-0.13152247667312622,-0.22627748548984528,0.47796396861030577,0.27337515354178565,0.24866087784790847,False
img/7931b2ae-42f0-4f2c-932c-1a6dc831f810_270.png,train,RR,RR,1.9074801206588745,-0.08594419062137604,-1.328460931777954,0.8506646902192582,0.11588446705180454,0.033450842728937134,False
img/793ce674-893d-4396-a462-f9532b5e9173_270.png,train,RR,RR,1.2578028440475464,-0.13309583067893982,-0.8250976800918579,0.7281094221073439,0.18119117100214163,0.09069940689051462,False
img/797a61e5-a3b0-4acd-b84f-3ab0d86895ae_254.png,train,RR,NoR,-0.0812629908323288,-0.1263957917690277,0.13724780082702637,0.31249092050978533,0.2987008627146268,0.38880821677558774,False
img/797b31cb-0237-435e-a0ce-53c5c52396f3_270.png,train,RR,RR,2.1627087593078613,-0.12644201517105103,-1.4835141897201538,0.8869636018033241,0.08989597529767047,0.02314042289900536,False
img/7988148b-6da3-4b67-947a-e7619a45a09a_270.png,train,RG,RG,-0.1077437549829483,0.9925918579101562,-0.6530804634094238,0.21811102290040166,0.6554616689224497,0.12642730817714862,False
img/79947fa8-bb12-4d26-bd5c-704d0787922c_180.png,train,RR,RR,1.672780990600586,-0.10148200392723083,-1.147700548171997,0.8135467556986221,0.13798436825361637,0.04846887604776139,False
img/79b1a9fe-3a9b-4a20-a8b4-9368b1b50a42_270.png,train,RR,RR,0.5932416319847107,-0.08319973945617676,-0.38118648529052734,0.5302701561473204,0.2696015784531726,0.20012826539950698,False
img/79b39b1f-60d2-46b6-91cc-c67baefa8f46_180.png,train,NoR,RG,-0.012352362275123596,0.3985147476196289,-0.2922361493110657,0.30637287690722526,0.46204857303728936,0.23157855005548528,True
img/79b6d510-6714-4a72-877c-b98d4cc33af7_134.png,train,RR,RR,2.3319363594055176,-0.08103708922863007,-1.6385904550552368,0.9021915037147773,0.08079001320975848,0.01701848307546422,False
img/79d39eeb-83fe-44cd-b50e-0784ed78284e_360.png,train,RG,RG,1.3159891366958618,1.9537454843521118,-2.3767075538635254,0.34280205675445674,0.6486605433802992,0.008537399865244127,False
img/79ef19cb-d1f6-48f6-aa77-826df415efd1_360.png,train,RR,RR,2.4472851753234863,-0.09085002541542053,-1.7148070335388184,0.9135852962805616,0.07218566956862293,0.014229034150815433,False
img/79ffa6ce-821a-419f-86c6-430ea09abf0b_90.png,train,RR,RG,0.030386969447135925,2.391165018081665,-1.7645528316497803,0.08499547374072058,0.9008835947067173,0.01412093155256208,False
img/7a1b156c-c4d2-4664-ac94-1f3bfedecc76_247.png,train,RR,RR,2.086224317550659,0.4199652671813965,-1.8235313892364502,0.8271312244468085,0.1562886014422146,0.016580174110976863,False
img/7a31d300-6d8b-4499-9827-e510eca9d2cc_270.png,train,RR,RG,-0.03262181580066681,0.7442730665206909,-0.527711033821106,0.2642548606026308,0.5746774350451596,0.16106770435220957,False
img/7a3adab6-b2c7-4c58-ab59-c970f149316c_270.png,train,RR,RR,1.5635554790496826,0.6035386919975281,-1.5788071155548096,0.7012292674570151,0.268491190733377,0.030279541809608016,False
img/7a4c38c4-4cf7-42e7-8bdb-028908a8ddb3_0.png,train,RG,RR,1.2086646556854248,0.21931998431682587,-1.044536828994751,0.6771018874980049,0.251760210467346,0.07113790203464894,False
img/7a888531-999c-44c3-a031-cad5f0991766_0.png,train,RG,RR,2.2706892490386963,0.8148874640464783,-2.2424476146698,0.8037439579536617,0.18744378239204654,0.008812259654291646,False
img/7aa926da-0d58-4816-a897-bcc644015a18_270.png,train,RR,RR,2.2531185150146484,-0.13734331727027893,-1.5409302711486816,0.897592199652704,0.08220811437539444,0.02019968597190158,False
img/7ab8fb1d-0f24-4321-8231-30a1a5b4cb9d_180.png,train,RG,RR,0.45676547288894653,0.16526426374912262,-0.46234560012817383,0.46598006238472384,0.3481528611432166,0.18586707647205958,False
img/7abc6d51-6086-462d-9ae3-422e39ca141e_270.png,train,RG,RG,-0.13630014657974243,2.0126287937164307,-1.3703303337097168,0.10135013195024625,0.8691451263004445,0.029504741749309192,False
img/7af5a246-63ef-4925-8d44-93cc246efaf5_180.png,train,RG,RR,0.5264254808425903,0.057153865694999695,-0.43445515632629395,0.4980046147809273,0.31148080914937665,0.19051457606969607,False
img/7b080b25-f0c3-4676-ae32-6b2c21c4f629_360.png,train,NoR,RR,0.6304343938827515,0.09942363202571869,-0.5401567220687866,0.5268165803653734,0.3097735916894188,0.1634098279452077,False
img/7b181662-ed5f-4128-af78-e2ae8da4f9a9_180.png,train,RG,RG,0.12839795649051666,0.9765290021896362,-0.812023401260376,0.26840294610876453,0.6267955602752179,0.10480149361601747,False
img/7b1db64b-90a5-4328-8734-ec546b9d491c_360.png,train,NoR,NoR,-0.15746405720710754,-0.11132444441318512,0.18138465285301208,0.289808734530885,0.3034936786418437,0.4066975868272714,False
img/7b3cd071-567f-4357-af26-5652215f8ef6_0.png,train,RG,NoR,-0.15121310949325562,-0.09329304099082947,0.1638260781764984,0.29155000868429004,0.30893522156036735,0.39951476975534256,False
img/7b6fe5e3-b3dc-4715-a211-b67b1d81ac73_0.png,train,NoR,RG,0.2776162028312683,0.3855883479118347,-0.4923264980316162,0.38803963840021155,0.43228264291444,0.17967771868534843,False
img/7b6fff72-eee8-4638-94f5-1e1c3ce59884_270.png,train,RR,RR,2.2462823390960693,0.7588949203491211,-2.184314727783203,0.8078395282609364,0.1825412210732226,0.009619250665841057,False
img/7b90399b-ef43-4a8c-ba33-b9e2cae48210_187.png,train,RR,RR,2.414419651031494,-0.13291774690151215,-1.660637617111206,0.9130076413028011,0.0714792252882456,0.015513133408953344,False
img/7b91d399-d87e-4236-916e-24ed2e5dbc0b_270.png,train,RR,RR,2.38486647605896,1.3670270442962646,-2.7243242263793945,0.7313064315039308,0.26427576836443195,0.004417800131637183,False
img/7bb53d13-2e7b-440a-8205-324dac65ae65_180.png,train,RR,RR,2.297729015350342,0.33506202697753906,-1.9148812294006348,0.8655828439392368,0.12159989422537955,0.012817261835383795,False
img/7be2ed55-6f49-430f-bd5d-b49d4d0f07f2_0.png,train,RG,RG,-0.055945731699466705,1.5789927244186401,-1.1146851778030396,0.1544154686673339,0.7920189152018029,0.05356561613086329,False
img/7c49f8c8-4966-4fab-9766-a07766d60972_220.png,train,RR,RR,1.1476033926010132,-0.12231208384037018,-0.7533025741577148,0.6991596274387367,0.19636272863078108,0.10447764393048223,False
img/7cb78da0-0071-4a36-97f5-6f50411551c2_279.png,train,RR,RR,1.975162386894226,-0.09757158160209656,-1.3689359426498413,0.8612275703054948,0.10837796682845663,0.030394462866048726,False
img/7cba9239-51ec-46a7-80e3-5bfd9f3de031_180.png,train,RR,RR,2.0077953338623047,1.5409036874771118,-2.577749013900757,0.6108189912382594,0.3829517564121986,0.006229252349541979,False
img/7d08662c-aeed-4b44-9cb1-ffc4d785dcf0_270.png,train,RR,RR,1.632857322692871,1.1845617294311523,-2.0491645336151123,0.6010020320041727,0.38386952734247926,0.015128440653347959,False
img/7d0b5cac-2a75-4a0f-8e34-7981f5cf3f74_270.png,train,RG,RG,1.7007615566253662,1.7869144678115845,-2.5339417457580566,0.47518193837189315,0.5179354756071152,0.006882586020991609,False
img/7d2d477a-7a50-42f8-b8cf-e67d732a4e5d_360.png,train,RR,RR,1.2242926359176636,-0.08140093088150024,-0.8382887840270996,0.7152513516578837,0.19382204705870992,0.09092660128340634,False
img/7d633f9c-5c58-4ae5-880f-fe14e2790151_90.png,train,NoR,NoR,-0.11958058178424835,-0.11944753676652908,0.15989793837070465,0.300971560828178,0.3010116062586848,0.3980168329131372,True
img/7d836a87-3ae2-4b41-a863-dec8a8f343c7_270.png,train,RR,RG,0.9277949929237366,1.4064526557922363,-1.7004177570343018,0.37228502667798474,0.6008332396129421,0.026881733709073187,False
img/7dc1b0e1-be5e-44d5-9361-f0704e24b7dc_0.png,train,RG,RG,1.3851243257522583,2.389101028442383,-2.7415711879730225,0.26700492547371296,0.728686653042494,0.004308421483792915,False
img/7dd7de59-1b44-4d9a-89f6-4e7a86e73cc1_284.png,train,RR,RR,2.1787595748901367,0.0528736412525177,-1.6248210668563843,0.8759497340803318,0.10452463387286952,0.01952563204679857,False
img/7dea17e4-edd3-4ca8-86cd-34cbf43d2d66_279.png,train,RR,RG,0.9309253096580505,2.0554447174072266,-2.172147512435913,0.2425037329195744,0.7466051851628694,0.010891081917556254,False
img/7e181b8e-0528-45ce-9d47-a30134e87ee7_43.png,train,RR,RR,0.8645996451377869,-0.08714926242828369,-0.5743282437324524,0.6160491341087976,0.23783515697530505,0.1461157089158975,False
img/7e53feca-fec9-4730-a20f-ff1d898e0c95_375.png,train,RR,RR,1.1285552978515625,0.33537596464157104,-1.0706274509429932,0.6396733419829833,0.28939088273979197,0.07093577527722468,False
img/7e557b2b-91cf-42ae-84e3-941f2bbe212e_360.png,train,RR,RR,2.4094340801239014,-0.12514489889144897,-1.6626592874526978,0.9121284845228661,0.07232731678232278,0.01554419869481106,False
img/7e694f87-fbdc-4839-9995-ea948d586243_90.png,train,NoR,NoR,-0.16186682879924774,-0.1351025253534317,0.20176534354686737,0.2885444396829372,0.2963714050449664,0.4150841552720965,False
img/7e71abdd-a6d9-47d5-b6ab-ca01a957e6d2_253.png,train,RR,RR,2.3562841415405273,0.08093301951885223,-1.7733428478240967,0.8937750981312859,0.09184506243803794,0.014379839430676184,False
img/7e73b842-8fde-4dfc-8430-3ac63a3c2abd_363.png,train,NoR,NoR,-0.10080301761627197,-0.12801344692707062,0.15253153443336487,0.3066101481894351,0.2983796400769493,0.3950102117336157,True
img/7ea386d1-3d78-4e05-a6f9-6dd22673bcc6_143.png,train,RR,RR,0.9530970454216003,-0.10904698073863983,-0.6224085092544556,0.6440739599938013,0.22266525344863689,0.13326078655756177,False
img/7eac1c02-b980-43f9-beba-233685ec7f75_360.png,train,RG,RG,0.3120381236076355,1.817905306816101,-1.5533008575439453,0.17658781254452377,0.7960686750869487,0.027343512368527518,False
img/7eb5b0d8-961f-4618-a51a-83f432d4941e_360.png,train,NoR,RG,1.3767914772033691,1.9711333513259888,-2.4332025051116943,0.3528598384790192,0.6393249116420261,0.007815249878954567,False
img/7ebe4696-f501-4e48-b681-03f766e824c1_90.png,train,RG,RG,-0.120411217212677,2.411404609680176,-1.6702739000320435,0.07252368444996493,0.912081196601889,0.015395118948146009,False
img/7ee59dfc-27be-4856-ad51-ed83c0e1af1d_332.png,train,RR,RR,2.125413417816162,0.2249809056520462,-1.7107889652252197,0.8539131206070315,0.1276633784786712,0.018423500914297355,False
img/7f031b2a-4623-4f3d-b899-b61bd6994f3e_270.png,train,RR,RR,1.84904944896698,0.11644016206264496,-1.432658076286316,0.8234610729736829,0.14560638551731928,0.030932541508997782,False
img/7f22c6b9-ce8c-4db2-9492-95f057e5f38e_0.png,train,RR,RG,0.5402991771697998,1.1305012702941895,-1.220915675163269,0.3360001658071571,0.6062629158751921,0.0577369183176509,False
img/7f3ef4b9-1df3-46d9-bad7-5dc9a5177249_270.png,train,RR,RG,0.493305504322052,1.308280110359192,-1.3155746459960938,0.2921451678528637,0.6599904960207654,0.04786433612637089,False
img/7f45d912-1a92-4a3d-904a-4ce47402636d_270.png,train,RR,RR,2.4335289001464844,-0.12120472639799118,-1.682913064956665,0.9140639605636576,0.07103458855738559,0.014901450878956737,False
img/7f4fad67-5442-4798-bb2c-80efa76e32e8_360.png,train,RR,RR,1.060799479484558,0.8938431739807129,-1.4256731271743774,0.5182852257373872,0.4385919202150796,0.04312285404753313,False
img/7f5190bd-9806-49eb-a319-9aeedebbade4_90.png,train,RR,RR,1.6126914024353027,0.44094228744506836,-1.496678352355957,0.7383050875553065,0.22874504025068154,0.03294987219401187,False
img/7f545604-03eb-464b-8a8d-6aea5d6bd46c_180.png,train,RR,RR,1.4246798753738403,-0.12959632277488708,-0.9481625556945801,0.7665433341796632,0.16200302917981116,0.07145363664052573,False
img/7f58164f-c8fd-4d19-a8e1-d9dfca4dbbb1_270.png,train,RR,RR,2.0088155269622803,-0.09732459485530853,-1.3934216499328613,0.8657967234506546,0.1053733785486386,0.028829898000706813,False
img/7f69fe6c-6261-41f0-a7fd-eea8a354e64e_365.png,train,RR,RR,1.882498860359192,-0.05161643773317337,-1.3352491855621338,0.8441687781868438,0.12202636777286355,0.033804854040292584,False
img/7f8613d0-3158-4e8c-87ba-ed63c3af4f30_270.png,train,RR,RR,1.8873182535171509,-0.06803648173809052,-1.3268523216247559,0.8462363781053903,0.11975452133966323,0.034009100554946256,False
img/7f948180-3264-40c7-8007-9bc56de59e31_156.png,train,RR,RR,0.7088210582733154,-0.1363983154296875,-0.4261853098869324,0.5711403219891957,0.24528371318231365,0.18357596482849062,False
img/7fbc0ef2-04b2-46ad-af77-ac0b7ad534e7_360.png,train,NoR,RR,2.085629463195801,1.013919711112976,-2.2527573108673096,0.7377459648285403,0.2526208611362115,0.009633174035248134,False
img/7fd56f5b-45f5-41f9-98b2-2a31cef40851_0.png,train,NoR,RR,1.5163854360580444,-0.13033349812030792,-1.0138671398162842,0.7859658103543952,0.15144073480787412,0.06259345483773071,False
img/7fdbd4ff-77e1-447d-be8c-75d9daf3ea60_90.png,train,NoR,RR,0.6482172012329102,0.5799877643585205,-0.900632381439209,0.46586633851357023,0.43514065727698864,0.09899300420944109,True
img/7fde8706-90f4-42c0-afbe-d11128dd7973_270.png,train,NoR,NoR,-0.14202694594860077,-0.039951078593730927,0.11860442161560059,0.29366706901294753,0.32522673157162635,0.3811061994154261,True
img/800644ce-b8e2-4011-b2e2-dcda107f40d7_36.png,train,RR,RR,2.094076156616211,-0.12356199324131012,-1.4360250234603882,0.878605007542242,0.09565015162812365,0.025744840829634272,False
img/801fa868-5b05-4099-b743-fcce9514b05e_270.png,train,RG,RG,-0.1330021470785141,0.4210594892501831,-0.2214006930589676,0.2735451862177225,0.47605265089305115,0.25040216288922645,False
img/8065e44c-2b93-4cef-9a6a-89a345ce0397_270.png,train,RG,RR,0.1144261509180069,0.09154526889324188,-0.16175080835819244,0.3654893863338107,0.357221614462551,0.2772889992036382,False
img/80708467-51a7-43eb-9e2e-63bf830f9406_90.png,train,RG,RG,1.0694607496261597,2.027489423751831,-2.2519876956939697,0.27452514708417497,0.715564356674039,0.009910496241786186,False
img/8087ef36-c992-4420-9f5e-74a5110eb873_0.png,train,RG,RR,0.7595967054367065,0.19208775460720062,-0.7004806995391846,0.5558167135575595,0.31511247456305297,0.12907081187938746,False
img/8092552d-6304-4b65-bb97-0772fef7f7be_90.png,train,RG,RG,-0.05169401317834854,2.3747551441192627,-1.6933958530426025,0.07992154772368082,0.904601628569646,0.015476823706673165,False
img/80b8ff55-1646-45b1-85d1-8ea49cceed9f_0.png,train,RG,RR,2.07256817817688,0.11114303767681122,-1.590271234512329,0.857399558656722,0.12059995352372646,0.02200048781955163,False
img/80b8ff55-1646-45b1-85d1-8ea49cceed9f_90.png,train,RG,RG,-0.0930781438946724,1.5548410415649414,-1.0703939199447632,0.15214965699342614,0.7905934036880464,0.05725693931852745,False
img/80c3c78e-5306-4128-b5dd-0d6d82bebd62_180.png,train,RG,RG,0.04737137258052826,0.7629080414772034,-0.5989693403244019,0.28017140507901583,0.5730300999382434,0.1467984949827406,False
img/80c3c78e-5306-4128-b5dd-0d6d82bebd62_90.png,train,RG,RG,0.3530345559120178,0.8587253093719482,-0.8890589475631714,0.33933855006564156,0.5626675943757515,0.09799385555860692,False
img/81311525-f01d-4ac6-8237-2964ccb59b75_360.png,train,RR,RR,1.8590394258499146,-0.12759678065776825,-1.2633419036865234,0.8465908360439288,0.11611502528674832,0.03729413866932295,False
img/8141c229-7177-4ee2-bd33-93627f6c0ffb_90.png,train,RR,RR,0.6502438187599182,0.19827233254909515,-0.6259702444076538,0.5220666499706207,0.3322287625490501,0.14570458748032933,False
img/817fb05f-2f9f-40e1-a564-805fc445d61c_90.png,train,RG,RG,-0.14394943416118622,2.422974109649658,-1.6616415977478027,0.07020052854375483,0.914410306669206,0.015389164787039214,False
img/8184e6f2-2592-4221-bc31-342b7f7529a5_360.png,train,RR,RG,-0.11949202418327332,1.91600501537323,-1.3125747442245483,0.11161534680932533,0.8545334062249075,0.033851246965767155,False
img/81ae3d5d-c2fc-4a5d-b18d-b59d2372d791_257.png,train,RR,RR,1.849505066871643,-0.12441497296094894,-1.2587571144104004,0.8448873216603766,0.11736435386106236,0.037748324478561066,False
img/81d4d762-d061-4517-b2f5-8c31bd52372a_0.png,train,NoR,RG,-0.14530979096889496,0.1717057079076767,-0.03213304281234741,0.2862988510842056,0.3930951513639367,0.32060599755185754,False
img/823c50fc-4266-4bb5-b67a-85d4fa1288fb_270.png,train,RR,RR,0.8836886286735535,0.2063109427690506,-0.8003997802734375,0.5904718614935649,0.2999285550908177,0.1095995834156175,False
img/8259bfc6-823f-4916-8601-268f692a7165_270.png,train,RR,RR,2.1652796268463135,0.015118226408958435,-1.587773084640503,0.8772611463168667,0.1021705340764,0.020568319606733425,False
img/827474bb-be5f-4f0a-8320-39ff70bb5fc9_96.png,train,RR,RR,2.4256842136383057,-0.13091255724430084,-1.6702244281768799,0.913902277726215,0.07088982262210025,0.015207899651684863,False
img/828a63ba-cb28-4353-b5cf-fc3619cf62b6_90.png,train,NoR,RR,2.2210617065429688,0.7711612582206726,-2.174971342086792,0.801976209652236,0.18813851911546964,0.00988527123229448,True
img/828aa7bb-7496-46de-8db7-fd3a10134810_231.png,train,RR,RR,1.8387163877487183,-0.006648898124694824,-1.3361542224884033,0.8334950875176204,0.1316652244330486,0.0348396880493309,False
img/829c8c39-afb7-442a-ba7d-5e9a0cc4bd66_180.png,train,RG,RG,-0.062069542706012726,0.9799730777740479,-0.6769422888755798,0.22853425529555935,0.6478950564696753,0.12357068823476539,False
img/8301e65a-80b6-4307-b718-072328166461_270.png,train,RR,RR,1.4534025192260742,0.3105306625366211,-1.2872883081436157,0.7228422978450155,0.23051575689875695,0.046641945256227516,False
img/832b74f5-dcf5-498e-a150-b04f01c3c861_180.png,train,RR,RR,2.3448829650878906,-0.10153371095657349,-1.6331146955490112,0.9047100964772297,0.07835093332257541,0.016938970200194876,False
img/8353286a-7ea1-4644-9ff0-75aa00cb5194_270.png,train,RG,NoR,-0.16395729780197144,-0.11510653793811798,0.1888105422258377,0.2879301659419313,0.30234499448885405,0.40972483956921457,False
img/835bd701-f52f-487a-a084-02c36f429325_255.png,train,RR,RR,2.355776071548462,-0.11780164390802383,-1.6292146444320679,0.9067207442962193,0.07642094423701655,0.01685831146676419,False
img/836574b4-8485-46ab-907d-138541267bc0_90.png,train,RG,RG,-0.044785983860492706,1.7081159353256226,-1.2161511182785034,0.14121760925306723,0.8150129053440119,0.043769485402920826,False
img/83b2a892-0831-456e-ba32-a97137bb492b_445.png,train,NoR,RR,2.328221082687378,2.1058499813079834,-3.217860460281372,0.5541637060946197,0.4436735481477943,0.0021627457575859503,True
img/83c91e04-58a0-4c56-b292-cbebb59b24d2_270.png,train,RR,RR,1.8337455987930298,-0.12166545540094376,-1.2493630647659302,0.8422308675448263,0.11918097211108272,0.038588160344091,False
img/83d43680-4997-4f35-a5f8-5c4d9ca4ff12_0.png,train,NoR,RG,0.6054350137710571,0.7885425686836243,-1.020595908164978,0.41707464426004326,0.5008831116149041,0.0820422441250526,True
img/8405d1fb-1f44-4ecb-b2df-017453272377_180.png,train,RR,RR,1.3172422647476196,0.5859846472740173,-1.3881995677947998,0.6459347038885929,0.31089051351741,0.043174782593997166,False
img/840a3310-4a17-444c-a531-011841eb6e20_270.png,train,RR,RR,2.189948320388794,-0.12852191925048828,-1.5016844272613525,0.8901903091238843,0.08761612275349416,0.022193568122621653,False
img/841c0085-6742-4d8f-8a1a-0e829f6b6c16_0.png,train,RG,RG,-0.08714034408330917,2.2339797019958496,-1.565959095954895,0.08760414751850716,0.8924302764722233,0.01996557600926955,False
img/841c0085-6742-4d8f-8a1a-0e829f6b6c16_90.png,train,RG,RG,-0.05062359571456909,2.123514413833618,-1.5124261379241943,0.0997365058464174,0.8771427732406318,0.023120720912950872,False
img/84390f61-e412-4115-a05e-46ff2482824a_180.png,train,RG,RG,1.7082494497299194,2.019683361053467,-2.707731008529663,0.4206162092477127,0.5743016105527535,0.0050821801995338265,False
img/8441c2ee-8a8f-4645-a472-798aa2791291_194.png,train,RR,RR,1.8859630823135376,-0.11644542962312698,-1.2908552885055542,0.8498141366781683,0.11473316763518526,0.03545269568664637,False
img/8447d3e5-a1df-460a-b212-4ab5e799aa93_180.png,train,RG,RG,1.6115691661834717,1.7437589168548584,-2.4383013248443604,0.4632311444102804,0.5286972237660692,0.008071631823650328,False
img/8490e1e9-70a3-4d58-b03c-90f90c9c3f9a_270.png,train,RR,RR,2.343920946121216,-0.13277587294578552,-1.6098198890686035,0.906451397076646,0.07616032011532263,0.017388282808031338,False
img/84bfe520-c365-4c38-8f36-30a8cc52a9b3_270.png,train,RR,RR,1.9427751302719116,-0.13386401534080505,-1.3192896842956543,0.8593575401069325,0.10772114723767648,0.03292131265539113,False
img/84d4bd91-1d64-4c98-9af2-9178b1aecc14_360.png,train,NoR,RG,-0.1455651819705963,0.6139333248138428,-0.35184788703918457,0.25311283272133067,0.540953798615592,0.2059333686630774,True
img/84ffed65-a24c-49c2-bbcd-c0190ef125b3_180.png,train,RG,RG,-0.05715110898017883,0.4203457832336426,-0.27567076683044434,0.29276216405380384,0.4719426362463927,0.23529519969980356,False
img/85226893-169b-4cd0-b9d0-d32361d3c13c_180.png,train,RG,RG,0.13131557404994965,1.9287101030349731,-1.5029211044311523,0.13833158476987314,0.8346797515865445,0.02698866364358239,False
img/85310700-7f25-48f5-9611-51195ec7e23f_270.png,train,RR,RR,2.227837085723877,0.39783138036727905,-1.9098052978515625,0.8500704495206873,0.13636205567148496,0.013567494807827799,False
img/85762cd0-9396-4288-a804-291477448b62_0.png,train,RR,RR,2.326120138168335,-0.08761175721883774,-1.6296334266662598,0.9020182865108034,0.08071326191433655,0.01726845157486019,False
img/858724b9-12cc-41f9-acf4-e81520e8ee0f_270.png,train,RR,RR,1.6896251440048218,-0.12979713082313538,-1.1393842697143555,0.8188729083101852,0.1327551717424628,0.04837191994735193,False
img/85f93649-ee46-44fe-a329-c2add5ec2153_180.png,train,NoR,RG,-0.03389224410057068,0.6315163969993591,-0.44522732496261597,0.2771580141916801,0.5391514059221509,0.18369057988616885,False
img/86053ab9-f339-4216-89e1-cfac5343f2d5_267.png,train,RR,RR,2.35917067527771,-0.13703413307666779,-1.6177542209625244,0.9081494826297598,0.07482890083407488,0.01702161653616535,False
img/861d941d-add8-4cc7-8101-52ee2713d71a_297.png,train,RR,RR,2.312893867492676,-0.02441675215959549,-1.6657943725585938,0.8966219824669406,0.08660207095857633,0.016775946574483162,False
img/865ee384-d1e2-4311-b4a2-9fcd4689732a_0.png,train,RG,RG,0.8559290766716003,1.7949055433273315,-1.9295094013214111,0.27631449598585006,0.7066363392136601,0.017049164800489867,False
img/867984d3-f537-47f0-9306-9e48e4a5215e_90.png,train,RR,RG,0.4870802164077759,1.461045265197754,-1.4215857982635498,0.2633864270219041,0.6975591457413004,0.039054427236795385,False
img/8687cd58-a66c-4a2b-b7fa-10f2bba43571_259.png,train,RR,RR,1.8060280084609985,0.517733633518219,-1.691872477531433,0.7656958798262965,0.2111335121213552,0.023170608052348288,False
img/868fefac-234e-43ac-b335-8cf152355403_270.png,train,RR,RR,1.675765872001648,-0.11682386696338654,-1.1387585401535034,0.8153537229142477,0.13577950672442995,0.04886677036132236,False
img/86aa6b53-53ab-47c1-b6fd-066bd35a17a4_90.png,train,NoR,RG,-0.14713531732559204,2.243518829345703,-1.529525876045227,0.08215837840594624,0.8972216877616489,0.020619933832404756,False
img/86bef475-003b-498b-ace9-6a8f5d6e218a_270.png,train,RR,RR,2.213456869125366,-0.06627305597066879,-1.563693881034851,0.8887311714586118,0.09092771683455031,0.02034111170683782,False
img/86c6fb72-c42e-4108-90af-bd076671f08e_270.png,train,RR,RR,2.398719072341919,-0.05759552866220474,-1.7037839889526367,0.9072091605004518,0.07779354273474905,0.014997296764799202,False
img/86c6fb72-c42e-4108-90af-bd076671f08e_90.png,train,NoR,RG,0.2889757752418518,0.901637077331543,-0.8738315105438232,0.31666180338907013,0.5843473831698911,0.09899081344103892,False
img/86f6e2be-388e-4367-a8a9-b4c6ea674686_263.png,train,RR,RR,2.046264886856079,1.053971529006958,-2.2532975673675537,0.722386762595466,0.26780720033504996,0.009806037069484118,False
img/87087a11-bcef-4538-ade3-edb531e755cb_343.png,train,NoR,NoR,-0.0031640082597732544,-0.08836743235588074,0.05332878232002258,0.3359713306973393,0.30853102542309274,0.35549764387956795,True
img/870c6d11-018c-4a58-a3f6-c50afdc8082a_90.png,train,RG,RR,1.1050646305084229,0.20699132978916168,-0.9607893228530884,0.6518633743104252,0.26553899152815946,0.08259763416141531,False
img/87157f65-a545-43a5-bd6d-07a413188de5_0.png,train,NoR,NoR,-0.10625673830509186,-0.09222275018692017,0.1305803656578064,0.30475098246093185,0.3090580057951367,0.38619101174393144,True
img/87193d26-0d3c-4c12-9f8a-0b020918e478_270.png,train,RG,RG,-0.007530614733695984,1.5300273895263672,-1.114234209060669,0.16711619888060256,0.7776273123212446,0.05525648879815284,False
img/876081e0-a0e0-49ea-a82c-573294415cfe_180.png,train,RG,RG,0.7798313498497009,1.9048529863357544,-1.9540789127349854,0.24124007485484858,0.7430878208374914,0.01567210430766005,False
img/87631d0a-2ddc-4ece-a007-42b97fa6c54b_270.png,train,NoR,NoR,-0.11329136788845062,-0.1236298456788063,0.15838071703910828,0.30285855145126916,0.2997435847952569,0.39739786375347386,False
img/876639f5-af63-4d15-b562-9e303736faac_90.png,train,RR,RR,1.540320873260498,-0.028428643941879272,-1.1048715114593506,0.7816791927373355,0.16282807665187937,0.055492730610785176,False
img/87750c06-c80d-4e0e-b23a-5c9a158a3ec1_0.png,train,RG,RG,1.2639940977096558,1.566765308380127,-2.059217691421509,0.41847278799341925,0.5664467488415674,0.015080463165013382,False
img/87750c06-c80d-4e0e-b23a-5c9a158a3ec1_180.png,train,RG,RR,1.6251810789108276,1.5786933898925781,-2.3287277221679688,0.5066482643261337,0.48363443177802784,0.009717303895838254,False
img/87885cba-1546-4e7c-ba69-6d362137e572_360.png,train,RR,RR,2.2586867809295654,1.1284455060958862,-2.4606006145477295,0.7508201622496405,0.2424813702882813,0.006698467462078161,False
img/879f5e46-5c0e-4498-8198-13f7b2758351_270.png,train,NoR,NoR,-0.04749555140733719,-0.12596763670444489,0.11254825443029404,0.32277950375807124,0.29841864627960235,0.37880184996232646,False
img/88068a1d-4b05-4f17-a07d-703d95a44d79_180.png,train,RR,RR,0.8205280303955078,-0.13153043389320374,-0.510391354560852,0.6059945099462108,0.2338810054376389,0.16012448461615023,False
img/8828ae0d-67e5-4bc0-94ae-1ab9c6eecd34_234.png,train,RR,RR,2.4190893173217773,-0.13261282444000244,-1.6642311811447144,0.9134085994045648,0.07119917089835127,0.015392229697083842,False
img/88357caa-ffdc-4ef7-8d66-b96a2d57450e_180.png,train,NoR,RG,0.4498754143714905,0.5246438980102539,-0.7173376083374023,0.41860835267821056,0.45110685807090045,0.13028478925088885,True
img/88357caa-ffdc-4ef7-8d66-b96a2d57450e_90.png,train,NoR,RG,1.0263952016830444,2.3400378227233887,-2.4469738006591797,0.21049481290654837,0.7829772432924961,0.006527943800955438,True
img/885afe52-35c8-4da6-8f34-b6dcbc6683ff_90.png,train,NoR,RR,0.8816038966178894,0.3763999342918396,-0.9219331741333008,0.5655795920268669,0.3412608256853533,0.09315958228777976,False
img/886cc1f3-6e38-434d-bd01-a15c798afc6b_270.png,train,RR,RG,0.7421375513076782,1.8987137079238892,-1.9224119186401367,0.23536828150735484,0.7482428562455672,0.016388862247077828,False
img/887648ac-493a-46a2-ba75-55f0812bf3f8_270.png,train,RR,RR,1.4596420526504517,0.12628258764743805,-1.1585134267807007,0.7482075622953467,0.19722021837665896,0.05457221932799437,False
img/888817e4-7eea-47f7-9203-941d293b18f4_270.png,train,RR,RR,2.2432174682617188,0.16026346385478973,-1.7490620613098145,0.8748758631061964,0.10897603559716251,0.01614810129664108,False
img/88ad6623-e377-47c2-963a-262af52316b7_195.png,train,RR,RG,-0.12837792932987213,1.5085028409957886,-1.011377215385437,0.15260989326248445,0.7842797011637614,0.06311040557375401,False
img/88ae2691-175a-42ac-b0dd-77e4ae2c11fa_270.png,train,RG,RG,1.9898141622543335,2.2033605575561523,-3.0439705848693848,0.4455186301077124,0.5515792127073694,0.0029021571849182077,False
img/88c03721-1d19-412d-afd4-5f9571c9dea7_180.png,train,RR,RR,2.248203754425049,-0.06711481511592865,-1.5881823301315308,0.8926131541884229,0.08813191441319969,0.01925493139837742,False
img/88d88d50-213a-4c6e-adb4-8011227c9218_98.png,train,RR,RG,1.5327814817428589,1.7116639614105225,-2.3581769466400146,0.4512012420620977,0.5395826296443832,0.009216128293519069,False
img/88e20bea-3294-4b75-8146-4c05085226b4_233.png,train,RR,RG,-0.14703568816184998,0.060308173298835754,0.04969649016857147,0.29003804576080267,0.3568644322685495,0.35309752197064775,False
img/8975de77-97a6-4436-90e1-c79e9e3f102b_383.png,train,RR,RR,2.007295846939087,-0.04008151590824127,-1.4337327480316162,0.8612487802174118,0.11116393939255902,0.027587280390029337,False
img/8980aa44-2456-4dc2-9464-c7fe7de3f812_192.png,train,RR,RR,2.312413454055786,0.022111564874649048,-1.6991050243377686,0.893382183421267,0.09044234511112281,0.016175471467610256,False
img/899fd631-9d84-475f-b5b7-05fa6a0f008f_90.png,train,RR,RR,1.3016406297683716,0.03990460932254791,-0.981906533241272,0.7219778440563293,0.20443670796465185,0.07358544797901881,False
img/89c6c8ab-0784-4a4a-acd5-d4f2f34bd911_180.png,train,NoR,RR,1.4525630474090576,-0.1102815493941307,-0.9822741746902466,0.7709201664308583,0.1615379704079583,0.06754186316118344,True
img/89d09175-3d09-4f97-9d81-21cc9bc626d5_192.png,train,RR,RR,1.3560795783996582,-0.13151754438877106,-0.8972235918045044,0.7513337130252835,0.16973744270947236,0.07892884426524394,False
img/89d5addd-7d10-4645-bff9-0785cb1cd6e4_0.png,train,RG,RG,-0.09404368698596954,1.8079447746276855,-1.2527872323989868,0.12479591775662667,0.8360331009432178,0.03917098130015551,False
img/89dafd5b-c50a-4a42-b95b-60f5c0133fc1_0.png,train,RG,RG,0.10778762400150299,2.133124351501465,-1.6337964534759521,0.11423473240957988,0.8657464780370289,0.02001878955339112,False
img/89dafd5b-c50a-4a42-b95b-60f5c0133fc1_180.png,train,RG,RG,-0.05408571660518646,2.435011863708496,-1.7352570295333862,0.07554837259179648,0.9103878595494055,0.014063767858798057,False
img/89ef8f5b-e714-4d87-8c67-c6c9f5b9da05_90.png,train,RG,NoR,-0.1618490219116211,-0.1053968220949173,0.1802639216184616,0.2885174103068787,0.305273358207709,0.4062092314854122,False
img/8a0a99f7-0d77-4819-9fb3-9d249aaa6a5b_270.png,train,NoR,NoR,-0.15864385664463043,-0.13661780953407288,0.20053356885910034,0.2894840889177408,0.2959310186468217,0.41458489243543745,False
img/8a0b477e-0988-47bb-826d-d8f6220a036d_123.png,train,RR,NoR,-0.03501436114311218,-0.059380918741226196,0.05536562204360962,0.32567794315782106,0.31783819452746453,0.3564838623147144,False
img/8a200764-c0e0-4d34-8c36-a500fd1da195_180.png,train,RR,RR,1.8667632341384888,1.4601473808288574,-2.417465925216675,0.5953500113600001,0.3964435394837598,0.008206449156240036,False
img/8a314305-3e7f-4389-adfe-3eb9d2a51ead_270.png,train,RR,RG,2.0671122074127197,2.124235153198242,-3.0425641536712646,0.4843027754354854,0.512772986607783,0.0029242379567315352,False
img/8a443a60-6052-4b86-924b-714e4664ff63_0.png,train,RG,RR,1.20272958278656,0.027281656861305237,-0.9013329744338989,0.6989875559019103,0.2157639559102459,0.08524848818784386,False
img/8a4b81ea-655f-40c8-82f2-d52b594519bb_180.png,train,RR,RR,2.074146032333374,1.8768757581710815,-2.8687093257904053,0.5470151552470643,0.4490823300146253,0.0039025147383103744,False
img/8a4b81ea-655f-40c8-82f2-d52b594519bb_270.png,train,RR,RR,2.4422390460968018,-0.08557254076004028,-1.7149800062179565,0.912838059407843,0.07287509192336056,0.014286848668796316,False
img/8a5129d3-1da8-4aba-9977-837d6e909343_0.png,train,RG,RR,1.849122405052185,1.3569543361663818,-2.330075979232788,0.6147753662775568,0.3758119457944769,0.009412687927966285,False
img/8a5129d3-1da8-4aba-9977-837d6e909343_90.png,train,RR,RG,1.4316716194152832,1.85989248752594,-2.392371892929077,0.39118055496777787,0.6002763298351018,0.008543115197120334,False
img/8a52a724-519f-4465-8fdc-bf36f02d8c65_270.png,train,RG,RG,0.5562750697135925,1.155474305152893,-1.2505199909210205,0.335026358206354,0.6099691885892059,0.055004453204439994,False
img/8abcab38-5daf-4485-9d98-213aaecb5764_90.png,train,RR,RR,0.9243064522743225,-0.029487915337085724,-0.6591650247573853,0.6287182134270113,0.24223026870970946,0.12905151786327926,False
img/8b46d712-341a-4103-b356-4e379d01893d_153.png,train,RG,RG,1.3039226531982422,1.3092960119247437,-1.9018092155456543,0.4887783696264621,0.49141182004481815,0.01980981032871973,False
img/8b7e27cc-293c-41cc-b197-20881661eda5_360.png,train,RG,RG,-0.14677727222442627,2.35046124458313,-1.6071444749832153,0.07473255295659394,0.907918209201531,0.01734923784187509,False
img/8bcfdb33-a24b-40af-b8c2-0bd08aa56e5e_180.png,train,NoR,NoR,-0.1591787189245224,-0.09858842194080353,0.17341011762619019,0.28926502938032866,0.30733354436304955,0.4034014262566218,True
img/8bf6371a-1f1d-4450-9abc-c33f1cb74ae1_360.png,train,RR,RR,1.91655695438385,-0.1358654797077179,-1.2989047765731812,0.8557539247621199,0.10989885355561939,0.034347221682260905,False
img/8c33fbff-9d2d-4509-96ad-f85bbe289e2c_270.png,train,RR,RR,1.9046214818954468,-0.1202729120850563,-1.3015632629394531,0.8528648906936609,0.1125848036478078,0.03455030565853123,False
img/8c5a7a09-dbef-4b3a-9ff0-0f6f9a4f8e5e_183.png,train,RR,RR,1.7262407541275024,-0.12264411896467209,-1.1710056066513062,0.8246827232550162,0.12981545453554255,0.045501822209441184,False
img/8c7aaf9e-fbd7-4395-a1ad-08c811baf45c_180.png,train,RR,RR,2.2139906883239746,-0.11915205419063568,-1.5258278846740723,0.8922605513614513,0.08654075381473092,0.021198694823817737,False
img/8c7c15d2-c32f-43d9-b270-8c424481f916_360.png,train,RG,RR,2.2535910606384277,2.2106382846832275,-3.239758014678955,0.5096656379785965,0.48823757575422455,0.002096786267178877,False
img/8cb6ba3d-be6a-440c-a9f5-8475715b0e83_90.png,train,NoR,RG,0.532825767993927,0.8494789004325867,-1.0122313499450684,0.38672360954842694,0.530788365333264,0.08248802511830898,True
img/8d35432f-3eaf-4913-96a5-a882029eefc0_270.png,train,RR,NoR,-0.14369478821754456,-0.11624938994646072,0.17500187456607819,0.29384458211615816,0.3020209523396826,0.4041344655441591,False
img/8d500eab-1965-42bd-9e67-b103b280974f_270.png,train,RR,RR,1.6003292798995972,-0.1132747083902359,-1.0868388414382935,0.8010968168895054,0.14436976508955063,0.05453341802094401,False
img/8d5766d8-72a2-4961-9460-e945002e8b66_155.png,train,RR,RR,1.9039582014083862,-0.06942839920520782,-1.3378642797470093,0.8488402620203679,0.11797637819167799,0.03318335978795416,False
img/8d6e4d2b-d518-43b8-975d-ca4b2e9e8ed9_270.png,train,RG,RG,1.317607045173645,1.4217815399169922,-1.99306321144104,0.4659211745846498,0.5170765665450769,0.01700225887027331,False
img/8d897f64-d027-45a7-aad8-70c6f07408ca_249.png,train,RR,RR,2.2195069789886475,0.8621808290481567,-2.2396905422210693,0.7880719862375446,0.2028087240598304,0.00911928970262491,False
img/8da55e41-33a4-46d2-bfaf-62faa439fc0e_310.png,train,RR,RR,0.9870100617408752,0.06874509155750275,-0.775515079498291,0.6366093440834578,0.2541415061368008,0.10924914977974148,False
img/8db4b031-5445-4c79-9589-522ecb0590f6_360.png,train,RR,RR,2.329890012741089,-0.1359322965145111,-1.5974023342132568,0.9052756655992754,0.07689318038152015,0.017831154019204345,False
img/8dc10e2c-f29b-4e13-a4cf-f63391fe4598_180.png,train,RG,RG,-0.1399967074394226,0.6149047017097473,-0.35657262802124023,0.2542799662312373,0.5409556504049687,0.20476438336379396,False
img/8dc344e9-9a26-411f-a260-f7c7ace829eb_90.png,train,RG,RG,0.03492939472198486,1.1408300399780273,-0.8633644580841064,0.22577395440951903,0.6822764599941711,0.0919495855963098,False
img/8dc49284-9c18-41b3-aed8-10616189b37f_90.png,train,RR,RG,1.1908646821975708,1.4139142036437988,-1.8958275318145752,0.4356282611619995,0.5444841262748523,0.019887612563148208,False
img/8df6cb2e-5ccf-4dd7-be0e-a395361f3aeb_270.png,train,RR,RR,2.224407196044922,-0.1151222214102745,-1.536266803741455,0.8931434021521794,0.08607489034234946,0.020781707505471172,False
img/8e233e36-3a04-45aa-8044-f70296928fa2_360.png,train,RR,RR,1.8460782766342163,0.04884389042854309,-1.3816142082214355,0.8295963078415739,0.13751112462138934,0.03289256753703661,False
img/8e318ba7-12ed-4876-95f9-2828adb6a78e_313.png,train,RR,RR,2.4325366020202637,-0.12820978462696075,-1.6771289110183716,0.9143606802615272,0.0706316768396091,0.015007642898863785,False
img/8e32caac-f505-44bf-bdd5-51178163d977_180.png,train,RG,RG,1.7348095178604126,2.3127379417419434,-2.9389052391052246,0.3582072617976083,0.6384479713009624,0.0033447669014291526,False
img/8e425c96-9301-4d17-bbea-6be6c49dbc6a_0.png,train,RG,RG,-0.049727581441402435,1.9575203657150269,-1.3929964303970337,0.114892381874617,0.8551217253129784,0.029985892812404602,False
img/8e454df9-60c9-49e3-b0a9-f9ee58c85c0b_180.png,train,RR,RR,0.44026660919189453,-0.12871140241622925,-0.23777206242084503,0.48222627181832545,0.2729900740942325,0.24478365408744204,False
img/8e6393e6-86fe-451b-a310-3d1cda63d4d6_238.png,train,RR,RR,1.6406617164611816,0.35033440589904785,-1.4513368606567383,0.757236260535385,0.20837680332974665,0.0343869361348684,False
img/8e7ee16f-5269-4b7b-9401-a3100319cfbf_270.png,train,RR,RR,1.2002447843551636,0.5162909030914307,-1.2532784938812256,0.6286904408282062,0.317248414627011,0.0540611445447827,False
img/8e9dffc7-34ef-4a36-a2fe-7b780674dce7_258.png,train,RR,RR,1.902608036994934,-0.11364995688199997,-1.304900050163269,0.85207174262163,0.11345573199462905,0.03447252538374096,False
img/8ec18cff-a866-4f62-8891-3d690fe15c74_90.png,train,RG,RG,0.883106529712677,2.1341030597686768,-2.1945085525512695,0.2202695609893326,0.7695828413755982,0.01014759763506926,False
img/8ec44e3b-1dad-4173-b072-a16bbb5ec6ec_180.png,train,NoR,RG,-0.10891550779342651,0.9085296392440796,-0.5914250612258911,0.2281359537564077,0.6310511283078787,0.14081291793571363,True
img/8ecff39b-b244-45da-845b-2cb9c239202c_270.png,train,RR,RR,2.361851930618286,-0.13682474195957184,-1.619842290878296,0.9083908664340684,0.07466400259648238,0.016945130969449284,False
img/8ecff39b-b244-45da-845b-2cb9c239202c_90.png,train,RR,RR,1.8273066282272339,-0.11095796525478363,-1.2524579763412476,0.8403900694260615,0.12097713477449724,0.038632795799441295,False
img/8f09d2c9-d865-4696-8f48-c1c0e10273a3_294.png,train,RR,RR,2.3873789310455322,-0.09006215631961823,-1.672107458114624,0.9080873303719543,0.0762410068388772,0.015671662789168622,False
img/8f153e51-f122-49c5-a4a7-cd5f04615e9b_105.png,train,RR,RG,0.48494672775268555,0.5620064735412598,-0.7696965932846069,0.4227821839694973,0.4566498299254023,0.12056798610510036,False
img/8f1cc23b-7c02-4f69-8fd8-a035a4f18a29_251.png,train,RR,RR,2.34902286529541,-0.10590233653783798,-1.6329448223114014,0.9053718669177072,0.07774393644253702,0.01688419663975585,False
img/8f28fcd4-7842-4210-aa26-bc124f277b9e_436.png,train,RG,RG,1.5300875902175903,1.9135667085647583,-2.502283811569214,0.40239616605826817,0.5904684526490144,0.007135381292717494,False
img/8f49227f-e768-4171-be49-ab0d09f7198d_180.png,train,RG,RR,1.9358259439468384,-0.08204950392246246,-1.3517520427703857,0.8544950556292177,0.11359452030774374,0.031910424063038574,False
img/8fc7c38b-c093-4d9f-9d4e-dc2ebbf71987_132.png,train,RR,RR,2.159241199493408,0.7364972233772278,-2.1052439212799072,0.796742424538481,0.19205609084541184,0.011201484616107094,False
img/8fdc0fed-d14a-48fe-a94c-c188092ff9df_360.png,train,RG,RG,0.07597528398036957,0.90203857421875,-0.7202740907669067,0.2677142682729153,0.61154194037381,0.12074379135327475,False
img/9025f494-53db-4a12-a85c-0c2e79b7954b_180.png,train,RG,RG,0.3665158152580261,1.5136585235595703,-1.3725628852844238,0.23122113863223304,0.7281574272129625,0.0406214341548043,False
img/9028d405-e18e-4f4e-b9d6-dcb158f8ac18_270.png,train,RR,RR,0.07212063670158386,-0.11774616688489914,0.020203575491905212,0.3601686733273248,0.29788444866619,0.34194687800648516,False
img/90529db7-c118-4686-94b0-2c061174551b_270.png,train,RR,RR,2.216508150100708,-0.1011330634355545,-1.5406807661056519,0.8913808326561908,0.08780606223619485,0.020813105107614253,False
img/9073f408-651c-48b7-85ad-1b6f033666e0_180.png,train,RG,RG,-0.11660398542881012,2.211916208267212,-1.5287175178527832,0.0869083726748506,0.8919183296620216,0.021173297663127835,False
img/908658bb-e106-4c59-963c-0b9e2be4f3c3_90.png,train,NoR,RR,2.409839391708374,-0.11861158907413483,-1.6676782369613647,0.9117997853059314,0.07274567481249482,0.015454539881573756,True
img/90a260ec-b2ed-423c-adf8-7ae5df4f9eaa_180.png,train,RR,RR,2.344353437423706,-0.13278284668922424,-1.6101270914077759,0.9064933855707811,0.07613038400598635,0.017376230423232625,False
img/9103d0ed-6b6e-45bd-86ec-0e5b9182f525_270.png,train,RR,RR,1.7994813919067383,-0.12278089672327042,-1.2238075733184814,0.8368784576989985,0.12241495689728686,0.040706585403714704,False
img/9104801b-262d-4dc5-bbcd-721a4c2790c4_0.png,train,RG,RG,-0.13451722264289856,2.243129253387451,-1.5383579730987549,0.08315901243017478,0.8964128378700527,0.020428149699772403,False
img/910c856f-0420-495c-a201-ba279e77b629_270.png,train,NoR,NoR,-0.1595231592655182,-0.09578203409910202,0.17162881791591644,0.2891520670758816,0.30818302963774763,0.4026649032863708,False
img/9110491a-e1a3-4bbe-bc19-40ccbc13409a_318.png,train,RR,RR,2.357639789581299,-0.10530255734920502,-1.639602541923523,0.9061663328608306,0.07719081958107747,0.016642847558091794,False
img/9111acbf-a24c-4bf3-884c-9a90c1144d76_292.png,train,RR,RR,0.47634458541870117,0.2909838557243347,-0.5674304962158203,0.4581004365743801,0.38059191969921163,0.1613076437264082,False
img/9113308e-bd2f-4336-bdd1-ed39e0de0f1b_360.png,train,RR,RR,1.8021231889724731,0.11423702538013458,-1.397170066833496,0.8158596569362935,0.15086059334950952,0.033279749714196956,False
img/912e2af3-c94d-465b-a428-720cc436602f_270.png,train,RR,RR,2.24391508102417,0.784980058670044,-2.20147442817688,0.8037187952104664,0.1868515457254699,0.009429659064063716,False
img/91626302-c4ee-4ba9-a6b9-dceefb451898_360.png,train,RR,RR,1.9527987241744995,-0.048648759722709656,-1.3881728649139404,0.8543050459847923,0.11545038179549055,0.030244572219717263,False
img/91757965-800c-4c28-b05b-5136acb4fdb7_180.png,train,RG,RG,-0.07269155979156494,1.0614564418792725,-0.7282136678695679,0.2160903051562391,0.671721890480933,0.11218780436282795,False
img/917fa1d9-2f1e-4f59-96aa-39c5c52309da_188.png,train,RR,RR,2.3057808876037598,0.14870129525661469,-1.7858871221542358,0.8831006583728059,0.10214155013257536,0.014757791494618689,False
img/91d73945-87ee-4d75-8345-a954654c9aa8_270.png,train,RG,RG,0.29693734645843506,1.7321722507476807,-1.4803760051727295,0.18622932933535985,0.7822808129700802,0.03148985769455988,False
img/91df87f0-3ae9-4a8b-85bc-e8f0cbe95e78_124.png,train,RR,RR,2.2728865146636963,-0.11399415880441666,-1.572098731994629,0.8982283316491676,0.08256151314468228,0.01921015520615003,False
img/91f89ece-36bb-425e-8476-e90500411e21_180.png,train,RG,RG,0.26961517333984375,0.34432727098464966,-0.4566999673843384,0.39043254377864645,0.420719907238462,0.1888475489828917,False
img/9227f8a9-1bde-4f17-90bb-b21f9dbb23a5_90.png,train,RG,RG,0.29603374004364014,0.7681509256362915,-0.7823679447174072,0.3397288412521239,0.5447162186247704,0.11555494012310585,False
img/9232c9ef-1e9b-47dd-be7f-0cdab9a6b37f_180.png,train,RR,RR,2.054337501525879,0.8806427717208862,-2.1337454319000244,0.7550602148407574,0.23348148276244832,0.011458302396794334,False
img/924bd87d-aed6-489a-987a-533386f269a8_270.png,train,NoR,NoR,-0.11679524928331375,-0.12567801773548126,0.16239313781261444,0.3018218316881557,0.2991526904755154,0.3990254778363289,True
img/928ad719-0b9d-4c19-973d-16e8201f3456_0.png,train,RG,RR,1.3674402236938477,-0.11263586580753326,-0.9190878868103027,0.752310141095154,0.17124111132010222,0.07644874758474367,False
img/92a52584-9250-4b9e-879f-525d6b909995_198.png,train,RR,RR,2.0885818004608154,0.669472873210907,-2.005723237991333,0.7945356143205372,0.1922216020463966,0.013242783633066132,False
img/92c4de8e-3cca-407a-9dc9-fd541a46eed5_0.png,train,NoR,RR,0.9006052613258362,-0.027892231941223145,-0.643200159072876,0.6216146025476046,0.2456291301598721,0.13275626729252338,True
img/92d37e49-0aa3-4f51-b475-d960723be779_180.png,train,RR,RR,0.8364662528038025,-0.09080478549003601,-0.5513635277748108,0.6078109754974131,0.24046941280434367,0.15171961169824313,False
img/92ed1ef7-b0ee-49dd-9d1b-bd6fab1f8800_180.png,train,RG,RG,0.37600117921829224,1.2674329280853271,-1.2012989521026611,0.2743370879119711,0.6690035369093146,0.056659375178714444,False
img/9359ca7e-894f-42d0-8009-fb813fe4c6bd_270.png,train,RG,RG,2.0497188568115234,2.077845811843872,-2.9964439868927,0.4914100957458122,0.5054281843246361,0.003161719929551747,False
img/93b299e8-5ad6-4a7e-bd5e-3d44cff9fc9a_270.png,train,RG,RG,1.146207332611084,2.1991217136383057,-2.4315764904022217,0.2568100178016414,0.736015340964308,0.00717464123405066,False
img/93b8e8c3-3a68-4e55-ae6c-1ac622629c29_270.png,train,RR,RR,2.2968263626098633,-0.12288423627614975,-1.5829594135284424,0.9012235513109097,0.08016145133181517,0.01861499735727511,False
img/93b914ad-6106-4667-baf1-e0681a8fe55a_360.png,train,RR,RR,2.2540183067321777,-0.06448876857757568,-1.594281792640686,0.89306737181173,0.08789605710432907,0.019036571083940954,False
img/93d3478c-72aa-4762-9e37-d5665fe7f60f_245.png,train,RR,RR,1.3954846858978271,-0.05699636787176132,-0.9795926809310913,0.7535815917586483,0.1763298241466247,0.07008858409472717,False
img/93d663c2-8df0-40f5-9923-d3f80d2b480c_180.png,train,RG,RG,-0.14976626634597778,2.3956031799316406,-1.6376405954360962,0.07156255120913321,0.9122748867890323,0.0161625620018343,False
img/93d663c2-8df0-40f5-9923-d3f80d2b480c_360.png,train,NoR,RG,-0.13845857977867126,0.4942125082015991,-0.27037709951400757,0.26602501795045513,0.5008273569465522,0.23314762510299267,False
img/940a79f2-8628-4432-adba-73b0f8d25801_90.png,train,RR,RR,0.03701379895210266,-0.022107914090156555,-0.02362211048603058,0.34676974989623116,0.32686240472723344,0.32636784537653535,False
img/94168a38-0204-4aa3-b5e9-635085cfc448_90.png,train,RG,NoR,-0.1322018951177597,-0.060879118740558624,0.12664684653282166,0.29679177123612827,0.31873293645210243,0.38447529231176936,False
img/9432bd25-0799-43a9-8aa2-19cb5a500abd_0.png,train,RG,RR,2.2883827686309814,1.9659126996994019,-3.087857961654663,0.5783747567910651,0.41895015783203293,0.002675085376902055,False
img/943ea03a-3562-449a-b826-2aa25d712aaa_208.png,train,RR,RR,0.5440686941146851,-0.08019094169139862,-0.3478459119796753,0.5139992515971142,0.27532774102827584,0.21067300737460992,False
img/94461e42-a95d-4c1e-b16f-70314c892958_56.png,train,RR,RR,1.517306923866272,-0.10746511816978455,-1.031075358390808,0.7842124543060967,0.15445579350878366,0.061331752185119756,False
img/9480c9a7-71cc-4f7e-b46a-6d5d46e93a00_270.png,train,RR,RR,1.3122378587722778,0.07439804077148438,-1.0145126581192017,0.720657127127977,0.20899778510813508,0.07034508776388801,False
img/948e486c-4f73-4029-b76c-98579f4f7668_270.png,train,RR,RR,2.3739330768585205,-0.09981070458889008,-1.655343770980835,0.9073949286170074,0.07646506706366311,0.01614000431932944,False
img/94b01ec3-2d3c-435c-8d0f-66d13df51ebf_180.png,train,RG,RG,0.4682454466819763,1.843204379081726,-1.684428334236145,0.19719636379728572,0.779894719236982,0.02290891696573228,False
img/94c12b82-8acf-4138-9d91-717ddc43c2c5_259.png,train,RR,RR,2.2210886478424072,-0.004905268549919128,-1.6135987043380737,0.8852940793676074,0.09557640371142112,0.019129516920971302,False
img/94ca50e6-6595-4e52-9fd1-1b5324be0032_0.png,train,RR,RR,1.803225040435791,0.09104004502296448,-1.38118577003479,0.8184152159453331,0.14770023954344993,0.03388454451121704,False
img/94dc1279-6dfe-4b75-bb9b-0d0ab87381a8_90.png,train,RG,RG,1.1954807043075562,2.2626991271972656,-2.5131571292877197,0.25433693410327163,0.7394290416759974,0.006234024220730925,False
img/94f8b8a6-a179-400c-85aa-23830ccb1c52_316.png,train,RR,RR,1.3882520198822021,0.06781010329723358,-1.064651370048523,0.739065152779509,0.19734316427053158,0.0635916829499595,False
img/950c746a-ab69-41df-ba17-cf372b3fc872_270.png,train,NoR,RG,-0.1209384948015213,1.6315299272537231,-1.1057460308074951,0.14001021283667875,0.8076944175111528,0.05229536965216843,False
img/950c746a-ab69-41df-ba17-cf372b3fc872_90.png,train,RG,RG,0.32239264249801636,1.4085474014282227,-1.264657735824585,0.23995850242123598,0.7109632642479021,0.04907823333086196,False
img/9525e813-e2a9-46ac-b88e-72878ad1e110_270.png,train,NoR,NoR,-0.16426348686218262,-0.1364257037639618,0.20445358753204346,0.2878437252577451,0.29596922973705597,0.41618704500519893,False
img/953625e5-e1e1-450c-be9a-d8da25b7fe87_90.png,train,RG,RR,0.12215723097324371,-0.012006908655166626,-0.09242711961269379,0.3729501814464494,0.3261249888571487,0.3009248296964019,False
img/9574ddab-77a3-41d3-bac6-386348704bc4_218.png,train,NoR,RG,0.22425441443920135,1.8797324895858765,-1.5346201658248901,0.15605929258779785,0.8170612740417601,0.02687943337044203,True
img/9595fe65-98ff-4831-8dfc-4809f749b771_360.png,train,RR,RR,2.225785255432129,-0.07632802426815033,-1.565325140953064,0.8907751800287852,0.08911955587628193,0.02010526409493293,False
img/95d6c00b-4f97-4b06-8ea4-6c9c220e913d_270.png,train,RR,RR,1.9458280801773071,-0.10182207822799683,-1.3446733951568604,0.8574322247576791,0.1106411387095469,0.031926636532774055,False
img/95d8a194-2692-4d14-93a1-ebc26b6d320e_180.png,train,RG,RR,1.3177253007888794,1.0006775856018066,-1.6885297298431396,0.5625016306324793,0.40966768956118643,0.027830679806334295,False
img/95d8a194-2692-4d14-93a1-ebc26b6d320e_270.png,train,RG,RG,0.4470279812812805,1.8535634279251099,-1.6765968799591064,0.19225642565458753,0.7847502214406715,0.0229933529047408,False
img/961e4a29-8f55-4fd8-a2df-4303556db32b_300.png,train,RR,RR,2.2309625148773193,-0.03115401417016983,-1.6017427444458008,0.8882723707414895,0.09249567537498139,0.01923195388352914,False
img/963dea84-7c2c-4707-a538-507b8946c6c7_360.png,train,RG,RR,0.23258523643016815,-0.09230788052082062,-0.11409978568553925,0.411584866890002,0.2974131113945584,0.29100202171543965,False
img/9640cba0-5fb9-4176-bb19-a82327e58917_0.png,train,RG,RG,-0.05506467819213867,0.17303110659122467,-0.0982748419046402,0.31114692527783516,0.39086452397565635,0.2979885507465085,False
img/9669ac95-789c-49a7-8f80-9abeab231b5f_0.png,train,RG,RG,0.4505953788757324,1.7110660076141357,-1.5760935544967651,0.21464514624326456,0.7570708261833075,0.02828402757342794,False
img/969e6aba-21cc-41ee-93b6-d068eda395fa_270.png,train,RG,RG,1.5195631980895996,1.6104178428649902,-2.2753899097442627,0.47223410473698824,0.5171482024878192,0.010617692775192433,False
img/96a1e798-2b39-448a-9682-2bfb8f631cfb_90.png,train,RG,RG,-0.027875244617462158,2.0510995388031006,-1.4764735698699951,0.10832867565471571,0.8662249931937751,0.0254463311515093,False
img/9716c1d4-92f1-452c-897e-b1d158c65683_262.png,train,RR,RR,2.2707431316375732,-0.006776571273803711,-1.6481099128723145,0.89094631639666,0.09135604656183201,0.017697637041507994,False
img/971c8dd1-5308-45dc-ba51-ad9acfef432c_360.png,train,RG,RR,2.172233819961548,1.7577872276306152,-2.8534107208251953,0.5997817377146252,0.396279284368196,0.003938977917178967,False
img/9732e32c-44fc-4f0f-b913-08d65769017b_0.png,train,NoR,RG,-0.13845112919807434,0.5751873254776001,-0.3289581537246704,0.25853519863987606,0.5277751307747419,0.2136896705853819,True
img/97574969-ab0c-4f3e-8dac-d0757f5a24e7_0.png,train,NoR,RG,0.037313222885131836,2.1269447803497314,-1.5784233808517456,0.10775071230832196,0.8708344563361118,0.021414831355566346,True
img/97574969-ab0c-4f3e-8dac-d0757f5a24e7_90.png,train,RG,RG,-0.11771440505981445,2.22478985786438,-1.5372281074523926,0.08584355572253684,0.8933967606688573,0.020759683608605854,False
img/9788ea8a-aba7-43b7-b235-485db3898560_205.png,train,RR,RR,2.2745418548583984,-0.13674645125865936,-1.5568357706069946,0.8997827481887107,0.08071020611988786,0.01950704569140137,False
img/978a9e7c-d1b5-4c28-9e2d-c9dcd0a68787_180.png,train,RG,RG,1.5776033401489258,1.9602142572402954,-2.570348024368286,0.4029164337537247,0.5907187980330433,0.006364768213232103,False
img/97a080a4-9b1f-43dc-96b6-b0239eaabe1f_360.png,train,RG,RG,-0.045876987278461456,0.9337197542190552,-0.6551791429519653,0.23769273546274258,0.633066551714621,0.1292407128226365,False
img/97b31601-4bd3-460b-8b5b-b2c2e93a84c8_180.png,train,NoR,RR,0.16663877665996552,-0.0004267394542694092,-0.13293252885341644,0.38650628531700737,0.3270400413200232,0.2864536733629694,False
img/98099094-efde-4448-89c3-902ce911a1f4_0.png,train,RR,RR,0.0988607257604599,-0.1323971450328827,0.011487752199172974,0.36902138219360137,0.29283131247798266,0.338147305328416,False
img/981857ac-9212-4fd3-a2de-0f1714a4f6b6_124.png,train,RR,RR,0.6795340180397034,-0.05577518045902252,-0.46335285902023315,0.5560948765844891,0.26656809383204844,0.17733702958346254,False
img/982b2f31-8045-49c7-a6d4-19f21ead44a2_223.png,train,RR,RR,2.2538347244262695,-0.1379540115594864,-1.5410059690475464,0.8977044125779313,0.08210936812247296,0.020186219299595846,False
img/98324017-e8c7-4413-940f-d8072d38ac25_0.png,train,RG,RG,-0.08451925963163376,1.9832173585891724,-1.3864554166793823,0.1089453841195032,0.8614209659834852,0.029633649897011616,False
img/986e7181-b979-4a90-9d49-786cf4561a22_360.png,train,RR,RR,2.378002405166626,-0.13276414573192596,-1.634445071220398,0.9096738981562964,0.07387094843581846,0.01645515340788517,False
img/987113c5-425a-44ac-a176-2742e67152b5_261.png,train,RR,RR,2.167271852493286,-0.1308927685022354,-1.4835903644561768,0.8877748268754695,0.08917078972478566,0.023054383399744843,False
img/9898b911-3996-4a6a-9581-3306e68748bd_0.png,train,RR,RR,2.1236696243286133,-0.059070393443107605,-1.504051923751831,0.8777250933380933,0.09894789726058732,0.023327009401319446,False
img/989d264d-b0d4-421c-8ea2-985bbcc79d14_180.png,train,NoR,RG,-0.14970289170742035,0.748784065246582,-0.4464077949523926,0.2381435611471682,0.5848530662451478,0.17700337260768415,False
img/989d264d-b0d4-421c-8ea2-985bbcc79d14_270.png,train,NoR,RG,-0.1498575210571289,0.6227655410766602,-0.3551366329193115,0.2512651917340011,0.5440994182487127,0.20463539001728615,False
img/98a5610e-24a8-491f-a44c-b63325360621_360.png,train,RR,RR,2.440312147140503,-0.11720158159732819,-1.6907082796096802,0.9144415092673276,0.07086663835965272,0.014691852373019603,False
img/98aba3ab-6723-4ee9-a5ee-e05cd232287b_90.png,train,RG,RG,1.1829850673675537,1.9204899072647095,-2.2565836906433105,0.3202263764991397,0.6695012365752021,0.010272386925658149,False
img/98b2aeb6-1233-44d5-8d01-8d0d3102dd56_90.png,train,RG,RG,1.62828528881073,1.7950398921966553,-2.487470865249634,0.4550050297818706,0.5375722000962712,0.007422770121858196,False
img/98c2ebc7-e964-4540-b6fa-45a91992d81f_270.png,train,RG,RG,-0.006508335471153259,1.8053134679794312,-1.314109444618225,0.13528032904376466,0.828130657090077,0.03658901386615835,False
img/98faabe3-51d2-418f-b317-6d47653ac485_270.png,train,RR,RR,2.1346426010131836,1.5702146291732788,-2.690572500228882,0.634231965594425,0.36067843226489954,0.005089602140675497,False
img/993f16d5-a072-4c36-9a7c-97d6e8ea1d5c_180.png,train,RG,RG,0.07903942465782166,1.709975004196167,-1.3069336414337158,0.15726404914566694,0.8034073044991109,0.0393286463552221,False
img/9969fb52-688c-4e21-b19f-7177347675fb_185.png,train,RR,RR,2.2075462341308594,0.1271948367357254,-1.6993759870529175,0.873371143987352,0.10907210795693288,0.017556748055715107,False
img/996dc3ea-9508-41a5-a509-6b559403ab07_0.png,train,RG,RG,1.479174017906189,1.730028510093689,-2.3327414989471436,0.4334203741821498,0.5569985241572831,0.009581101660567129,False
img/9993317e-0913-468e-976e-4c726087e9b7_186.png,train,RR,RR,2.3287177085876465,-0.08055220544338226,-1.6366164684295654,0.9018412610282873,0.08105829644375122,0.017100442527961387,False
img/99ba3768-2f6a-4f78-98bb-ca2c144da524_90.png,train,RG,RR,2.1161303520202637,1.843196988105774,-2.874671697616577,0.5656288671496792,0.43052473878983094,0.003846394060489829,False
img/99c64165-da46-4c50-9751-e36bb772e76d_270.png,train,RR,RR,2.1601336002349854,0.008624285459518433,-1.579358696937561,0.877135549049809,0.10201830169522952,0.02084614925496164,False
img/99c9f313-e138-4528-955a-8af899210734_216.png,train,RR,RR,2.4417152404785156,-0.11286373436450958,-1.6948596239089966,0.9143254787498658,0.07106590151465814,0.01460861973547617,False
img/9a1013d8-eeee-4607-ac2a-fd1d14cc64ef_214.png,train,NoR,NoR,-0.08088057488203049,-0.1010291576385498,0.1186218410730362,0.3124171896922598,0.30618541760125484,0.38139739270648537,False
img/9a2543ba-d239-4927-a331-6d2c1f018ce4_187.png,train,NoR,NoR,-0.10598255693912506,-0.128010556101799,0.1562705636024475,0.30505770112481084,0.29841136186728073,0.3965309370079083,True
img/9a2ed910-6027-4232-90b3-09daf574234e_270.png,train,RG,RG,-0.09924612194299698,2.3777716159820557,-1.661231517791748,0.07624610087821365,0.907763621605541,0.0159902775162454,False
img/9a333f12-093d-4fe9-9759-d990835981e8_90.png,train,RR,RG,0.13928405940532684,2.064166307449341,-1.6066631078720093,0.12455128600197318,0.8537170493011906,0.021731664696836336,False
img/9a368abb-adbd-450e-a3b1-3aace2806855_216.png,train,RR,RR,2.286633253097534,1.4892280101776123,-2.741769313812256,0.6863202986407507,0.3091848083768922,0.004494892982357002,False
img/9a42b47a-e41e-43b5-bdb6-56f81bb14c6e_270.png,train,RR,RR,1.4567248821258545,-0.030917949974536896,-1.042690396308899,0.7645040565561895,0.17270492448255148,0.06279101896125917,False
img/9a52bfa4-ecea-4a80-8a32-ec1209d9ca05_270.png,train,RG,RR,1.173985481262207,0.9166907072067261,-1.5239535570144653,0.5433352095575479,0.4200743352237103,0.03659045521874175,False
img/9a6bdf73-e38a-4483-bddb-dec199c64ef9_248.png,train,RR,RR,1.9333244562149048,0.3031240701675415,-1.6285728216171265,0.8168097912759474,0.1600051285394372,0.023185080184615348,False
img/9aadacfe-9a35-4cab-a995-814217223e09_90.png,train,RG,RR,0.4659385085105896,0.022149905562400818,-0.3654448390007019,0.48145263085472423,0.30890050821468873,0.20964686093058707,False
img/9ac9fa7c-6e74-4b98-a295-56fbe4b35335_96.png,train,RR,RR,0.9574381709098816,-0.11864791810512543,-0.618598997592926,0.6461115999963785,0.2202770682832883,0.13361133172033324,False
img/9adf0c42-2f9b-4b71-82a0-59a5670857a4_270.png,train,RR,RR,1.4564036130905151,0.2928515076637268,-1.2766672372817993,0.7260087125948023,0.2267866959147789,0.04720459149041888,False
img/9b090a2e-d6e1-4f11-9512-de4925b3f118_180.png,train,RG,RG,-0.0992002785205841,2.0604801177978516,-1.4317419528961182,0.10068290522823599,0.8727563503661203,0.026560744405643686,False
img/9b460b99-e0d6-4e1a-b14b-648fa603b499_90.png,train,RG,RR,1.971737265586853,1.564926028251648,-2.569082260131836,0.5965040636457652,0.39713442153397166,0.006361514820263109,False
img/9b6992b6-60d2-4722-bb31-6c4cf32bb693_360.png,train,RR,RR,1.9238799810409546,0.1821206957101822,-1.53421950340271,0.8287054050818465,0.1451990333305602,0.026095561587593442,False
img/9b6f9f73-1b67-44a2-b7af-2f6c1278b231_302.png,train,RR,RG,1.598526120185852,1.9307953119277954,-2.5641791820526123,0.41499054103712674,0.578549968589894,0.006459490372979184,False
img/9bbb61b3-8d5e-447a-9eca-19a1193270f5_0.png,train,RR,RR,2.169494390487671,-0.048139460384845734,-1.545058012008667,0.8824312620621507,0.09606711337669449,0.0215016245611547,False
img/9bbed4bd-0659-4fd1-8963-af742aaab811_183.png,train,RR,RR,1.9751299619674683,-0.13987262547016144,-1.3383127450942993,0.8642865662661618,0.10426146183491214,0.031451971898926,False
img/9bd40d13-836e-42e4-a2cb-fc65eb61822b_0.png,train,RG,NoR,-0.14251714944839478,-0.07287255674600601,0.14277327060699463,0.2939209494957567,0.3151206069083986,0.39095844359584464,False
img/9be5279a-7818-404a-8a9d-597b873bca7a_270.png,train,RR,RR,2.3906877040863037,-0.05105913430452347,-1.7027113437652588,0.9060505648779297,0.07883430755809424,0.015115127563976125,False
img/9bf926a7-96d0-4100-8317-46f7ae8683ef_0.png,train,RG,RG,-0.11203040927648544,2.0087997913360596,-1.3850902318954468,0.10397138982132777,0.8669193617004826,0.029109248478189624,False
img/9c1d3331-f484-40cf-a1c1-3941316ee55a_360.png,train,RG,RR,1.2345054149627686,-0.06694082170724869,-0.8561254739761353,0.7164621933621161,0.19497653997130998,0.08856126666657395,False
img/9c346d3c-f806-426f-b7f4-34f803007a7a_157.png,train,RR,RR,1.6412913799285889,1.2118500471115112,-2.07499623298645,0.5969448190130711,0.388535034968064,0.01452014601886487,False
img/9c6b4854-56a1-40db-955a-66a13da8407c_192.png,train,RR,RR,2.1938316822052,0.11914698779582977,-1.6836483478546143,0.8723727764857776,0.10956655075802546,0.018060672756196907,False
img/9cbd39ed-2502-4553-862b-ef7d75d8cc67_180.png,train,NoR,NoR,-0.16000241041183472,-0.1385497897863388,0.20291239023208618,0.28908436840671947,0.295352984403948,0.41556264718933245,False
img/9ccb465e-00cc-4f3d-a77c-d35aeaac1cd1_180.png,train,RR,RR,2.1398561000823975,1.024886131286621,-2.2998573780059814,0.7464221492197689,0.24477057788306825,0.008807272897162733,False
img/9d43e8ad-614f-4b8b-b1a0-334b5e715436_88.png,train,RR,RR,1.070233702659607,-0.04808054119348526,-0.7511171102523804,0.6717552941344206,0.2195499753471506,0.1086947305184288,False
img/9d4a41c8-1ee3-4292-a8f8-fd0fe7ef55c8_90.png,train,RR,RR,0.18246425688266754,-0.06764928996562958,-0.095735564827919,0.39434386754439504,0.3070804428468707,0.2985756896087343,False
img/9d729405-64a9-42fb-bee6-df334edc7c1b_0.png,train,NoR,RG,-0.10680052638053894,1.1388548612594604,-0.7595657110214233,0.2001675049034278,0.6956244477765119,0.10420804732006018,True
img/9db74e97-7989-4032-bb95-d50de30c339b_206.png,train,RR,RR,1.7058318853378296,-0.1121683120727539,-1.1638425588607788,0.820299133579223,0.13317564198098641,0.04652522443979065,False
img/9e0480c9-c09f-42b0-960d-b396286bade6_82.png,train,RR,RR,2.220869541168213,1.1961942911148071,-2.4822938442230225,0.7310050774968839,0.26236722790947936,0.006627694593636755,False
img/9e5d219d-c6ce-42f0-a6dd-8e5912822a0f_207.png,train,RR,RR,1.0131263732910156,-0.13571354746818542,-0.6464769840240479,0.6634737133264775,0.21032402421933208,0.12620226245419042,False
img/9e6cf6be-26ab-4554-a922-63a974906cc7_148.png,train,RR,RG,1.536772608757019,2.1275055408477783,-2.6618716716766357,0.35456881148524594,0.6401070114636219,0.005324177051132151,False
img/9e8d1cd8-aeee-4dde-b0d9-24ec4209855e_270.png,train,RR,RR,1.8072359561920166,1.3465180397033691,-2.2922723293304443,0.6070129079077529,0.3829223164254513,0.010064775666795867,False
img/9edf8f5a-794c-4890-89fc-b09c4b72c7e2_180.png,train,RG,RG,0.9774847626686096,2.2648942470550537,-2.3572888374328613,0.21463784631835303,0.777716184749068,0.007645968932579062,False
img/9ee18277-fc06-4a64-b9a5-18ab83b89b57_360.png,train,RR,RR,2.016017198562622,0.7348648905754089,-2.0006139278411865,0.7717653364936755,0.21433243141796937,0.013902232088355147,False
img/9ef488ec-349e-4ed0-a01b-8aef972bb6e0_0.png,train,RG,RG,0.5251802802085876,1.745017409324646,-1.6545251607894897,0.22223649784393085,0.7526341472879966,0.0251293548680726,False
img/9f0956d5-51dd-4713-9c35-d0f0c620506d_0.png,train,NoR,RG,1.271153450012207,2.2588140964508057,-2.5650041103363037,0.26979467113885186,0.724384145125443,0.005821183735705176,True
img/9f31d452-2141-4724-82eb-109c2829cd24_90.png,train,NoR,NoR,-0.12089760601520538,-0.037528134882450104,0.10159021615982056,0.2997490558629944,0.3258102365098884,0.37444070762711723,False
img/9f4b22ff-9e23-477b-86cc-58721afe99a2_240.png,train,RR,RG,1.353554368019104,1.5332095623016357,-2.099632501602173,0.44874254942592856,0.5370571594357916,0.014200291138279886,False
img/9f940727-a2f6-4be4-b7f6-d78ad7774781_270.png,train,NoR,RR,0.7074077725410461,-0.11957412213087082,-0.4373347759246826,0.5695820928616283,0.24911659175079343,0.1813013153875784,True
img/9fb6fe4d-a758-44e4-8db5-57d8cf8b49dc_270.png,train,RR,RR,2.177037239074707,-0.12787631154060364,-1.492825984954834,0.8886934712240699,0.08866265933905867,0.0226438694368715,False
img/9fb6fe4d-a758-44e4-8db5-57d8cf8b49dc_90.png,train,RR,RR,2.151660919189453,0.07480809092521667,-1.62111496925354,0.870843334887873,0.1091375773977829,0.020019087714344273,False
img/9fb8667e-9d53-42ee-974b-7e1addffc659_90.png,train,NoR,RR,1.9678999185562134,-0.11525405198335648,-1.3508992195129395,0.8615245124001899,0.10729151167721189,0.03118397592259813,False
img/9fea97bc-8d53-47b7-8d7b-d57bf5f49924_270.png,train,RR,RR,1.8546825647354126,0.03726993501186371,-1.379456639289856,0.8320577783680682,0.13516405377873913,0.03277816785319261,False
img/9ff76b92-bb34-4512-832b-036794b2ba63_360.png,train,RR,RR,1.562447428703308,-0.10979761183261871,-1.0619924068450928,0.7934585600705716,0.14903128849993663,0.05751015142949185,False
img/a01d2e1e-8aa4-4007-b410-6deca6e0361d_270.png,train,RG,RR,1.640185832977295,0.7923503518104553,-1.7707393169403076,0.6842979556619331,0.2931129264587974,0.0225891178792694,False
img/a03f199c-cd78-4222-9e13-63020ff89a84_193.png,train,RG,RG,-0.12017825990915298,0.7654095888137817,-0.47975969314575195,0.24257845941189365,0.5881094386526471,0.16931210193545929,False
img/a04716d8-5875-4e5d-a7db-c950d54d779a_214.png,train,RR,RR,2.0249221324920654,1.217565894126892,-2.3562231063842773,0.6856139541832731,0.3058083143438267,0.008577731472900195,False
img/a049da21-e820-45b6-aa7b-35d5085d7d2f_360.png,train,RR,RR,2.3653082847595215,0.5811847448348999,-2.1417338848114014,0.8481942386679763,0.14244929682968316,0.00935646450234062,False
img/a04c3c87-9897-4c66-bd1c-13a25390f151_90.png,train,RG,RG,1.400018334388733,1.8540358543395996,-2.3652727603912354,0.3849431112865494,0.606141271645875,0.008915617067575796,False
img/a04d4fe2-e1c8-4287-8f64-2edd05650217_270.png,train,RR,RR,2.2314624786376953,-0.12617610394954681,-1.5333664417266846,0.8946023936712828,0.08466825890149932,0.020729347427217985,False
img/a0558f2f-4099-4648-b6a6-7bdcfe6b0a31_270.png,train,RR,RR,2.200014114379883,1.3234385251998901,-2.5592763423919678,0.7018640132970186,0.2921198265032542,0.006016160199727226,False
img/a097be2e-e309-48ec-bfb2-78551a391eb6_180.png,train,RG,NoR,-0.13222675025463104,-0.1278534084558487,0.1751127690076828,0.2972487705153151,0.298551587744082,0.40419964174060286,False
img/a0dec20f-2c14-4532-b21c-4a7d6b8cf2f3_262.png,train,NoR,RR,0.32789742946624756,-0.12225089967250824,-0.1612824648618698,0.444313599334179,0.2832648395378968,0.27242156112792426,False
img/a0ecbb17-8c7b-44f3-afc4-412abf6f2e7b_270.png,train,RR,RR,2.2789814472198486,2.178895950317383,-3.235135793685913,0.5238922245091049,0.4739967607666681,0.002111014724227062,False
img/a112f5d6-05e5-4b20-bd8b-a3b8bbf46bf1_90.png,train,RR,RR,1.5827326774597168,-0.012597724795341492,-1.1469569206237793,0.7885931358372037,0.15995941309713044,0.051447451065665846,False
img/a11b214a-e42c-4204-a292-66b4b278e9f5_213.png,train,RR,RR,2.4219489097595215,-0.11002382636070251,-1.6826369762420654,0.9124096932105438,0.07253842185430498,0.015051884935151373,False
img/a1583b4c-83aa-44e4-af76-c56743c880ed_294.png,train,RG,RR,1.6958309412002563,-0.014027953147888184,-1.2276118993759155,0.8099529368384446,0.14651345232151475,0.04353361084004048,False
img/a15d69a1-d589-4fec-8a76-aa4a81b7affd_90.png,train,RR,RR,1.01608407497406,0.3014562726020813,-0.9648540019989014,0.6145095536676081,0.3007251346321709,0.08476531170022113,False
img/a168c9d3-0ab1-4c87-8d5c-703772fdaec3_180.png,train,RR,RR,1.9874821901321411,0.07876649498939514,-1.5053939819335938,0.8484038407179961,0.12579342212575548,0.025802737156248406,False
img/a1745801-5497-474a-8915-c21e6413994c_206.png,train,RR,RR,2.2293174266815186,-0.10168135911226273,-1.5495363473892212,0.8928192902070923,0.08678080112579882,0.02039990866710894,False
img/a17c7773-1c46-4f42-a3ec-ad9d40b42c46_180.png,train,RG,RG,-0.13218015432357788,0.8782047033309937,-0.5526847839355469,0.22709862406764508,0.6237622262279932,0.14913914970436185,False
img/a189c7d8-68b5-40b3-ba53-7abe0e90cbc6_270.png,train,RG,RG,0.0660380870103836,2.385829448699951,-1.7864434719085693,0.08825814558858057,0.8978987887370762,0.013843065674343213,False
img/a1d231e4-ed38-403d-a0f8-35e420e46dba_213.png,train,RR,RR,2.418393850326538,-0.021082669496536255,-1.7444076538085938,0.9068070867083192,0.07907946348755204,0.014113449804128736,False
img/a2215da4-cda4-4d91-bb3d-ba891eec46bc_0.png,train,NoR,NoR,-0.15771470963954926,-0.020037993788719177,0.11553075164556503,0.28886478670350224,0.3315025256338699,0.37963268766262787,True
img/a24339d0-fd97-4a5d-925e-cb28be81e9ea_270.png,train,RG,RG,-0.10982903093099594,2.0694518089294434,-1.430554986000061,0.09894242344208198,0.8746457431601675,0.026411833397750533,False
img/a252c3e3-1954-4bb7-a03a-33b1df0c8649_270.png,train,RR,RR,1.9770952463150024,-0.07520396262407303,-1.386512279510498,0.8598086830240721,0.11043318682401958,0.02975813015190824,False
img/a26b2f74-9e97-4b55-baf2-070cc51f6fac_180.png,train,RR,RR,2.250854015350342,-0.128884419798851,-1.545413613319397,0.8968374897656778,0.08302454107257604,0.020137969161746174,False
img/a2b349b9-59fb-47ae-9a5d-8b5654c7db81_270.png,train,RR,RR,2.3550848960876465,-0.12324149906635284,-1.6247804164886475,0.9069705338185868,0.07607985915135626,0.016949607030056803,False
img/a2b90c4e-4e5b-4296-b6db-94bef7f96254_291.png,train,RR,RR,1.7977356910705566,0.06278283894062042,-1.3567801713943481,0.8202990775181118,0.14470774406997503,0.03499317841191311,False
img/a2c6c220-a05d-4568-9028-1d174310458c_180.png,train,RR,RR,1.8020416498184204,-0.027619756758213043,-1.29449462890625,0.829412009670251,0.13309399675031697,0.03749399357943204,False
img/a2c6c220-a05d-4568-9028-1d174310458c_270.png,train,RG,RR,0.13994251191616058,-0.07436676323413849,-0.06016327440738678,0.3808446014978007,0.30737919451517604,0.31177620398702316,False
img/a2e7e539-29fa-4466-9abf-ad3f09aaf790_90.png,train,RG,RR,0.6146736741065979,0.1823752075433731,-0.5887786149978638,0.5130384006183133,0.3329699450534647,0.15399165432822204,False
img/a2f38447-ba1c-4866-8ba9-49ea69332bd8_0.png,train,RR,RR,2.0196163654327393,-0.08540453016757965,-1.4098458290100098,0.8663653222423714,0.10556066107554216,0.028074016682086374,False
img/a3140f5c-aa44-47ae-909a-fd10824042b6_298.png,train,RR,RR,2.132005214691162,-0.12911678850650787,-1.4594024419784546,0.883553812206154,0.0920958787491528,0.02435030904469328,False
img/a327b69a-dd57-4a72-bd13-31d48187bed8_148.png,train,RR,RR,0.20184509456157684,-0.0606708750128746,-0.11478213965892792,0.4003657125608628,0.30792690741882983,0.29170738002030744,False
img/a34b0d0b-9246-4e1b-be49-78060364a7f3_158.png,train,RR,RR,1.9707146883010864,0.015004828572273254,-1.4471591711044312,0.8516102507575996,0.12047221076478964,0.02791753847761083,False
img/a3522895-155e-4bc1-b955-b81439c02e0c_90.png,train,RG,RG,-0.009681209921836853,1.978234887123108,-1.436906099319458,0.11709219710690168,0.8548087254514019,0.028099077441696457,False
img/a39d520a-e014-4d4d-a64c-dd22c064baa1_0.png,train,RR,RR,0.3969156742095947,0.13765008747577667,-0.3991411328315735,0.449898753575339,0.34715000536761714,0.20295124105704382,False
img/a39d520a-e014-4d4d-a64c-dd22c064baa1_270.png,train,RR,RR,2.1074609756469727,-0.008145898580551147,-1.5291824340820312,0.8719150565892773,0.10511816861867933,0.022966774792043478,False
img/a3ab8543-59a8-4ffa-a77f-928877de59c3_90.png,train,RG,RG,0.2899753451347351,1.307740569114685,-1.1683212518692017,0.2500227259130265,0.6918139363543457,0.05816333773262773,False
img/a3bcacb1-934b-4eb4-af90-7481bf289d99_280.png,train,NoR,NoR,-0.08231975883245468,0.02575533092021942,0.027947798371315002,0.3095296585303525,0.3448567124490203,0.34561362902062714,True
img/a3fafdf0-5184-4780-83ea-fa83b9f285ca_383.png,train,RR,RR,2.2800371646881104,-0.12155909091234207,-1.5717912912368774,0.8994309206824245,0.08146439041789945,0.019104688899676096,False
img/a41e432a-9f15-423c-9c03-3923c3c2571e_183.png,train,RR,RR,1.7368240356445312,0.42194730043411255,-1.5725972652435303,0.7662572605079115,0.20574575908670628,0.027996980405382108,False
img/a431e4a4-d9a1-4069-a042-2e7e9ff09dfe_311.png,train,RR,RR,0.24832935631275177,0.044198065996170044,-0.224217489361763,0.41004313312849416,0.3343308483455251,0.2556260185259806,False
img/a43acd11-da00-4169-b726-3f6e0c7f52c5_354.png,train,RR,RR,2.4238271713256836,-0.028248876333236694,-1.7431480884552002,0.907759232330583,0.07817134382551631,0.014069423843900723,False
img/a4774ae4-7deb-44c9-a2eb-00e854c1d9d8_270.png,train,RR,RR,2.335036039352417,-0.125056192278862,-1.608986735343933,0.9051434897623764,0.0773237576410407,0.017532752596582952,False
img/a4776322-a555-4351-9714-d73947d74438_180.png,train,RR,RR,2.259451150894165,1.9076358079910278,-3.0248048305511475,0.5853153270044859,0.4117166539534105,0.0029680190421036033,False
img/a48522c2-4dab-46b0-876d-65d6598ad6af_158.png,train,RR,RG,0.8288797736167908,0.9990359544754028,-1.3342546224594116,0.43469676552516073,0.5153286632185934,0.04997457125624585,False
img/a4c6d9b9-f446-47a3-a79c-40a4e50f482a_210.png,train,RG,RR,1.8907450437545776,1.843208909034729,-2.7118871212005615,0.509268319866827,0.48562605518115826,0.005105624952014671,False
img/a4e13ea1-d4b8-4344-99ac-3835e24903a2_180.png,train,NoR,RG,-0.14285559952259064,1.7679730653762817,-1.188616156578064,0.12330286545082571,0.8333654941847561,0.04333164036441821,True
img/a4e4cd62-7803-4da1-b3be-6029ccc24615_270.png,train,RR,RR,1.449997901916504,1.0383002758026123,-1.8112843036651611,0.5879365588345569,0.38952241929710674,0.02254102186833637,False
img/a542a63f-a85b-466b-9be9-75e0c5363324_288.png,train,RR,RR,1.1424094438552856,-0.0946827307343483,-0.769537627696991,0.695400975564559,0.20182408423822712,0.10277494019721375,False
img/a547730f-5e23-459b-9792-fbe735230e25_270.png,train,RR,RG,2.228954792022705,2.3103184700012207,-3.2940704822540283,0.47875315575623845,0.5193348250410187,0.0019120192027428718,False
img/a5598275-e2b1-4173-8875-0900a2b66880_90.png,train,NoR,NoR,-0.1620437353849411,-0.13201123476028442,0.19965694844722748,0.28849561809060126,0.29729127968246566,0.414213102226933,False
img/a5c1e245-6c02-48b9-b1b0-d077cacdfbc4_241.png,train,RR,NoR,-0.10826754570007324,-0.10769540071487427,0.14322538673877716,0.304273572200827,0.30444771061074893,0.39127871718842405,False
img/a5c6fdf5-9519-48a4-bbac-c862320b0949_90.png,train,NoR,NoR,-0.16274337470531464,-0.1290130913257599,0.1979934722185135,0.2882931463382855,0.29818321561066824,0.41352363805104636,True
img/a647a123-9b54-428e-8bf0-7d07b4f375af_95.png,train,RR,RR,2.281540632247925,-0.13691101968288422,-1.5617719888687134,0.900509929745308,0.08019887918686393,0.019291191067828076,False
img/a66d1630-90f4-4c60-b548-3db6b719dfc7_270.png,train,RR,RR,1.1172033548355103,0.19288749992847443,-0.9593545198440552,0.6569595309552916,0.2606833793462352,0.08235708969847333,False
img/a6777053-a440-4dda-98f1-28122e3abfff_249.png,train,RR,RR,2.3010387420654297,-0.1138077825307846,-1.592567801475525,0.901101580705552,0.0805414105428293,0.018357008751618695,False
img/a67edd0c-b42f-466a-ac7d-686e7ac4dc3e_114.png,train,RR,RR,2.3172926902770996,0.16954882442951202,-1.8092825412750244,0.8827018848664471,0.10305302499284513,0.014245090140707649,False
img/a68dd4ab-78ce-4ab0-9202-bf714f13bcfc_295.png,train,RR,RR,2.2944703102111816,-0.11631056666374207,-1.5860129594802856,0.9005876952126421,0.08082341135257905,0.018588893434778778,False
img/a6901b78-2c40-46a6-bfc1-04b4ab810945_180.png,train,RR,NoR,-0.15198230743408203,0.0010991990566253662,0.09610005468130112,0.2901085647317599,0.3380983131711516,0.3717931220970886,False
img/a6904337-14af-4410-8754-68d30b8c8374_0.png,train,RG,RG,-0.13289874792099,2.0931038856506348,-1.4310014247894287,0.09491434985847375,0.8791693472066162,0.025916302934909968,False
img/a69d8fd0-68de-4a2e-ac9d-52f7a94a819c_90.png,train,RR,RR,1.6677730083465576,0.4269152283668518,-1.5263161659240723,0.7518005894076004,0.21737268767939524,0.030826722913004496,False
img/a69e4270-744e-4a4a-8814-99fab6424ad4_270.png,train,RR,RG,0.6098994612693787,1.798830509185791,-1.7546442747116089,0.22843768009814056,0.7500909653068791,0.021471354594980247,False
img/a6b432e6-e42d-4483-9906-9419ea803993_137.png,train,NoR,NoR,0.03871357440948486,-0.1321178376674652,0.054729312658309937,0.3497593923253949,0.29483446271623925,0.3554061449583659,True
img/a6c98563-50ab-4276-8fb0-0cf94b2a9942_322.png,train,RR,RR,2.1874282360076904,-0.13135318458080292,-1.4978160858154297,0.8900879707388202,0.08757879310393757,0.022333236157242194,False
img/a6cc0635-ae5f-479d-84a5-3ab67395a50f_180.png,train,RR,RR,1.921002745628357,0.1764724999666214,-1.5280555486679077,0.828841980932914,0.1448211129850821,0.02633690608200383,False
img/a6cc0635-ae5f-479d-84a5-3ab67395a50f_270.png,train,RR,RR,0.8441364169120789,0.49733954668045044,-0.9823563098907471,0.5353530889694789,0.3784672859474297,0.08617962508309147,False
img/a71c624f-e05f-42d2-8cd2-4bbe7d249748_148.png,train,RR,RR,0.6190602779388428,-0.09299292415380478,-0.3927507996559143,0.5393173874067151,0.2646084114355615,0.19607420115772334,False
img/a73fd78a-7ca2-459a-a6c9-8b0fa3e18872_360.png,train,RG,RG,-0.04583953320980072,1.7578405141830444,-1.2513600587844849,0.13565783004729376,0.8237077603714422,0.04063440958126398,False
img/a7554d23-5ce7-472a-be86-a362c708d9e9_270.png,train,RG,RG,-0.09620586782693863,1.4936866760253906,-1.0238969326019287,0.158763227333062,0.7784513520142609,0.06278542065267707,False
img/a7646e88-122b-4824-8c98-913bf68bec38_270.png,train,RR,RR,1.4638454914093018,0.10221952199935913,-1.144142746925354,0.7519212979553846,0.19267516578239935,0.05540353626221589,False
img/a767daa3-3aed-4557-a7bd-304526bb46d4_0.png,train,RG,RG,0.3519454002380371,1.9612725973129272,-1.685834527015686,0.16313841350605587,0.8156017628891655,0.021259823604778644,False
img/a7784e98-b7cc-43e6-b875-2390bc54e2b1_270.png,train,RR,RR,2.403507709503174,0.07158151268959045,-1.8006870746612549,0.8992471593927044,0.08732455780492003,0.013428282802375775,False
img/a77d331b-0843-483b-bda0-923b80f2141f_360.png,train,RR,RG,0.2526196241378784,0.6505727171897888,-0.6659564971923828,0.34627704430834516,0.5155283276847547,0.13819462800690024,False
img/a78fe27e-2a7f-4cf5-bb3e-db556b85adda_180.png,train,RR,RR,2.2188167572021484,-0.10920248180627823,-1.5365110635757446,0.8921550181209318,0.08697499517857861,0.020869986700489514,False
img/a7e123cb-3853-424a-98a3-132420465e64_136.png,train,RR,RR,2.398852825164795,-0.1320822536945343,-1.6499983072280884,0.9115546176606287,0.07254568012225324,0.015899702217118117,False
img/a7f3b7e8-8e93-43ca-b989-a1b94d8d5c9f_270.png,train,RR,RR,2.2989654541015625,-0.12958981096744537,-1.5796537399291992,0.9018405423317895,0.07950997273722804,0.018649484930982483,False
img/a81fe767-cd8a-48e6-8c03-004b07dae433_270.png,train,RR,RR,1.6915490627288818,-0.053939491510391235,-1.1956478357315063,0.8128152330472671,0.14188477206505642,0.045299994887676526,False
img/a81fe767-cd8a-48e6-8c03-004b07dae433_90.png,train,RR,RG,0.03505676984786987,1.739443063735962,-1.2964820861816406,0.1478834684882333,0.8130648579402475,0.039051673571519216,False
img/a8332eae-fc09-4c65-a28b-5555e250acd4_270.png,train,RR,RR,2.3188774585723877,1.781402587890625,-2.976412534713745,0.6292328547939949,0.36761144188659434,0.003155703319410668,False
img/a84e5003-85f8-46c2-bc57-49edf0f59f4b_72.png,train,RR,RR,0.5633659362792969,-0.0855925977230072,-0.35787665843963623,0.5206668544807076,0.2720951628283305,0.20723798269096183,False
img/a888a81b-eba2-46ad-bc6c-547665970c84_189.png,train,RR,RR,2.047029495239258,-0.10974092781543732,-1.412041425704956,0.8717201468969351,0.10085642964322211,0.027423423459842774,False
img/a89699e9-3f09-40ca-85b0-d74054b88f68_263.png,train,NoR,RG,0.13989852368831635,0.21009446680545807,-0.265905499458313,0.36507554266466963,0.3916232346435796,0.24330122269175067,False
img/a8a4cdbe-3c9b-4690-ab89-c2ce72a229da_270.png,train,RR,RR,2.073298215866089,1.9826606512069702,-2.94461989402771,0.5208422929901005,0.4757106211857458,0.003447085824153676,False
img/a8b8338f-efdd-4879-af5d-a57932269367_270.png,train,RR,RR,2.0286202430725098,1.09041166305542,-2.2669129371643066,0.7117652802555836,0.278533855156985,0.009700864587431308,False
img/a8c244f5-4e6b-418b-b075-b2f093f79c2e_0.png,train,RG,RG,2.0099267959594727,2.1626479625701904,-3.0290467739105225,0.46051530507632066,0.536500373115615,0.0029843218080642608,False
img/a8dfc86c-b990-40ca-8291-6833a8a6b316_360.png,train,RR,RR,1.9652665853500366,0.23578675091266632,-1.602933645248413,0.829474050096192,0.14712932926586186,0.023396620637946054,False
img/a8e4dbf3-ed75-4a64-8693-9b9d0bd55297_360.png,train,RR,RR,2.382065773010254,-0.13476446270942688,-1.6359328031539917,0.9101632619716068,0.07346387262441992,0.016372865403973178,False
img/a8e68ec7-babe-4a1c-8dff-6fb7af48dccd_180.png,train,RR,RR,2.0084006786346436,1.3853530883789062,-2.4656639099121094,0.6461165504455592,0.3465171512284504,0.0073662983259904806,False
img/a8ed8cb9-1be3-418a-8b15-694444152c45_180.png,train,RG,RG,0.848030149936676,1.7213504314422607,-1.8705956935882568,0.28894931436266175,0.6919900461988369,0.01906063943850146,False
img/a8fa1e6b-bc05-4778-a2a8-a9b035c01ee3_107.png,train,RR,RR,1.9729775190353394,0.26583677530288696,-1.6302406787872314,0.8273901862207831,0.15007507205122506,0.02253474172799176,False
img/a9297df7-1029-434a-bedc-15604ccfa61a_208.png,train,RR,RR,0.58106529712677,-0.0026324093341827393,-0.4306725263595581,0.5204488434200606,0.290322941050609,0.18922821552933047,False
img/a9607d78-c858-4172-990d-7f41ac672d50_207.png,train,RR,RR,0.5124991536140442,0.23508788645267487,-0.5531104803085327,0.4756784289045002,0.3604419038040283,0.16387966729147155,False
img/a9a90fa0-ce4b-4198-8fff-be0ac3a9a552_0.png,train,RR,RG,0.1411944478750229,1.7312626838684082,-1.3672266006469727,0.16325617413081278,0.8006219183047334,0.03612190756445392,False
img/a9afc2b0-7bfb-409e-b3ae-a9827b5cb135_180.png,train,RR,RR,1.4198030233383179,0.04227641224861145,-1.068969488143921,0.7489439656449361,0.18888484759726173,0.06217118675780218,False
img/a9c262a8-430d-43a7-b742-8b55cd7b8404_381.png,train,RR,RR,1.6607674360275269,-0.09505738317966461,-1.143670678138733,0.8108291339049031,0.1400826389979527,0.04908822709714422,False
img/a9de8999-4b68-4fc0-9c0b-42b944b78e61_270.png,train,NoR,RR,1.0223599672317505,0.05175468325614929,-0.7887574434280396,0.6483717659927991,0.24563801311376127,0.10599022089343954,True
img/a9e13eca-ae02-4799-9ce4-245eaff0d472_270.png,train,RR,RR,2.160341501235962,-0.11211460828781128,-1.4921684265136719,0.8857515803041702,0.09128444661349364,0.02296397308233628,False
img/aa55746f-9d62-4f55-9d21-4f3bf17ba5b4_0.png,train,RR,RR,2.2140913009643555,0.8794353008270264,-2.248260498046875,0.7844466690277606,0.2065045794938392,0.009048751478400148,False
img/aa6bcc79-16da-4877-ab37-7a947f39206e_0.png,train,RR,RG,0.04734821617603302,0.6221383810043335,-0.49712246656417847,0.2978933181394943,0.529284235327794,0.17282244653271167,False
img/aa9a8e14-902d-413a-860c-15371909cd5a_360.png,train,RR,RR,2.0668177604675293,0.018661558628082275,-1.5192183256149292,0.864543027807369,0.1115022615824461,0.02395471061018478,False
img/aaa3a0df-2130-440b-8423-3218f4bc7748_180.png,train,RR,RR,2.35095477104187,-0.12907075881958008,-1.6175806522369385,0.9069125195284237,0.0759458408037122,0.01714163966786411,False
img/aac22bf6-843a-4ac4-9123-888938c27245_287.png,train,RR,RR,2.224461317062378,0.476923406124115,-1.964580774307251,0.8407861188829844,0.14646689043710898,0.012746990679906828,False
img/aad23334-6a13-4357-bd5a-9c94c2d69d75_360.png,train,RR,RG,-0.11205242574214935,0.22288121283054352,-0.09317387640476227,0.29266246945182356,0.40909753608841826,0.29823999445975824,False
img/aaec70e4-109a-4504-9d76-29c80e830f13_90.png,train,RG,RG,0.04553140699863434,2.265606641769409,-1.6846647262573242,0.09629019635520446,0.8866424008116658,0.017067402833129623,False
img/aaf99cab-bffc-4588-b978-1de9188d79a8_360.png,train,RR,RR,2.4068267345428467,0.13492955267429352,-1.8489091396331787,0.8950155574569382,0.09229074991570357,0.012693692627358198,False
img/ab19b3d1-6621-4f75-a390-eefb471e09fa_0.png,train,RR,RR,1.317226529121399,-0.12442097067832947,-0.8742939233779907,0.7416832523545647,0.17543608150330472,0.0828806661421306,False
img/ab1a1c71-42ec-4163-b83e-a3a50f39edc2_270.png,train,RR,RR,1.8442453145980835,0.7676627039909363,-1.900270700454712,0.7329201503975986,0.24974843469164484,0.017331414910756637,False
img/ab3f1c37-b9d3-47fc-a07b-13d112e5267d_0.png,train,NoR,NoR,-0.15575768053531647,-0.13129866123199463,0.1946011334657669,0.29033160204475944,0.2975203852132776,0.41214801274196283,False
img/ab53a129-81bd-4133-b014-7a05a7334df7_180.png,train,RR,RG,2.1522669792175293,2.183347463607788,-3.1468312740325928,0.491022965244878,0.5065238363470673,0.002453198408054614,False
img/ab555f8d-28b1-4ac2-a047-084241ac519d_270.png,train,RR,RR,1.2749443054199219,-0.07535109668970108,-0.879250168800354,0.7271879593319505,0.188460716199045,0.08435132446900463,False
img/ab5f8be1-de89-4a0d-876d-dd9da737f929_180.png,train,RR,RR,1.3862040042877197,-0.10215457528829575,-0.9402226209640503,0.7556368998968398,0.17057965802054775,0.0737834420826125,False
img/ab990b76-6519-4679-b45e-1383108dc5ae_0.png,train,RG,RG,-0.10058975219726562,2.339614152908325,-1.6326587200164795,0.07879308833170487,0.9041806609380096,0.01702625073028544,False
img/ab9b7197-542b-457d-8d9e-0a1bbdcf56da_351.png,train,RR,RR,1.602707862854004,-0.11353328078985214,-1.0883698463439941,0.801572157906015,0.1440749791969583,0.05435286289702677,False
img/ab9e08e8-669a-43fd-a2e3-fe31ac5e6c76_273.png,train,NoR,RR,0.0972987562417984,-0.12201111018657684,0.005102887749671936,0.36832421359216977,0.29579117014502004,0.33588461626281024,False
img/abc8e901-7729-4b13-bb0c-e17e4144ff5e_270.png,train,RG,RR,2.3256161212921143,-0.10446351766586304,-1.6170790195465088,0.9029951244781574,0.07949049980372323,0.017514375718119264,False
img/abee477f-db52-4ab7-9e14-02732805c9d1_270.png,train,RR,RR,2.2105841636657715,-0.1266983300447464,-1.5179085731506348,0.8923641181990707,0.08619324064775676,0.021442641153172525,False
img/ac129540-534c-40fd-b1f1-79c5cc6c0fcf_90.png,train,RG,RR,0.4929392337799072,0.43121248483657837,-0.6808555126190186,0.4445766012329051,0.4179641329050575,0.13745926586203733,False
img/ac4061a9-c7a6-4d2a-b26c-095492a9f31c_276.png,train,RR,RR,2.2132158279418945,-0.114878810942173,-1.5283594131469727,0.8919031079515805,0.08694388098934244,0.021153011059077183,False
img/ac4ac922-0874-443e-9466-a7e34af5f06e_90.png,train,RG,RG,0.3045111894607544,1.7505245208740234,-1.499122142791748,0.18481377399196405,0.7847475097644475,0.030438716243588303,False
img/ac6f9eab-9e3f-4426-b563-342b5f2be4e9_360.png,train,RR,RR,2.2428596019744873,0.14936299622058868,-1.7409183979034424,0.8757559866603098,0.10794165960621951,0.016302353733470578,False
img/ac7ebf38-6e0e-4aca-80e7-228970ce2da3_192.png,train,RR,RR,2.160125970840454,-0.02087850123643875,-1.5580114126205444,0.8793472373341481,0.0993029605083781,0.02134980215747392,False
img/ac8d8444-41c5-415f-b7c2-3f4a8cd632d9_270.png,train,RG,RG,0.42946863174438477,1.939111590385437,-1.7257978916168213,0.1772739366805108,0.8021849238688735,0.020541139450615583,False
img/aca15ec0-59f1-4ac0-9f08-853d2f5bd45a_314.png,train,RR,RR,1.9334782361984253,-0.09139655530452728,-1.3432949781417847,0.8548760369167322,0.11285250276951382,0.03227146031375394,False
img/acb86a21-c8a0-4e8f-8722-1be9ed966fd5_360.png,train,RR,RR,2.2030959129333496,1.0300379991531372,-2.349261522293091,0.7575977751114508,0.2344153850267174,0.007986839861831727,False
img/acc9065a-e0c3-46e0-b82f-b0bcd59d8d22_360.png,train,RR,RR,2.309537649154663,1.7133691310882568,-2.920452356338501,0.642561193288838,0.3539988047234313,0.003440001987730707,False
img/accd0fe2-0d3e-4e65-bb73-7e613218a2bb_354.png,train,RR,RR,1.8229352235794067,0.09506095945835114,-1.3983309268951416,0.8213105974566751,0.14591541285613557,0.032773989687189475,False
img/ace39896-2d57-459f-8d67-ff2042e2590a_244.png,train,RG,RR,0.8531926274299622,0.30961138010025024,-0.8530983924865723,0.5674715485162976,0.32951087765115766,0.10301757383254484,False
img/ad333d87-6326-4a49-85ba-5b7f20136d3b_0.png,train,RG,RG,0.08079975843429565,0.13442711532115936,-0.16848276555538177,0.35280199266286427,0.3722383329658018,0.27495967437133395,False
img/ad382c59-7af4-4649-8ac9-463cdce63f1a_270.png,train,RG,RG,-0.10913480818271637,2.0881567001342773,-1.4445871114730835,0.09743130571984804,0.8769404439984338,0.02562825028171818,False
img/ad4886b9-7762-4ba7-bcb1-0313e37dbe8c_270.png,train,RR,RR,1.472460150718689,0.16910462081432343,-1.1987484693527222,0.7458303904849116,0.20258158328872244,0.051588026226366004,False
img/ad633b95-7f09-40e3-aa23-abe18f86c9ff_360.png,train,RR,RR,0.5452184081077576,0.024049296975135803,-0.42408180236816406,0.5067975994711275,0.3009495373408669,0.1922528631880056,False
img/ad7997b6-43f3-4694-9947-640729ba084e_270.png,train,RR,RR,2.218120813369751,0.8056638240814209,-2.197805643081665,0.7964145314092115,0.19396210968884434,0.009623358901944304,False
img/ad9bd502-6028-4493-ab86-d82156ce04c2_270.png,train,NoR,RR,2.309372663497925,2.088608980178833,-3.191774845123291,0.553713459702677,0.44402623515348333,0.0022603051438396787,False
img/adbd8d9d-1197-4f52-b84d-87e39d5caf9c_360.png,train,NoR,RR,0.5272852778434753,0.09881514310836792,-0.46521317958831787,0.4945220484947593,0.32218361076086954,0.1832943407443713,False
img/adc021c9-00cc-4f56-b44a-4c0fa5434f10_180.png,train,RG,RG,-0.12594865262508392,2.335845470428467,-1.6116161346435547,0.07720707145617553,0.9053170148942506,0.017475913649573856,False
img/adcf637f-06f7-485a-96b8-1a20e3fead53_360.png,train,RR,RR,2.336413860321045,-0.13556787371635437,-1.6023778915405273,0.9058880779609331,0.07647271649657099,0.017639205542495977,False
img/ae006193-bf79-4afd-9d5e-f1ad11878a47_270.png,train,RG,RG,-0.10919290781021118,1.8694640398025513,-1.2863470315933228,0.11707988813551935,0.8468414219995782,0.03607868986490239,False
img/ae01636b-bf07-41f9-bded-9a642f79ce8e_239.png,train,RR,RR,1.937567114830017,-0.11229457706212997,-1.3311309814453125,0.8570385556183899,0.11034603652472187,0.032615407856888184,False
img/ae1b57fa-b14c-48a2-b2a7-d00a15a57fe1_214.png,train,RR,RR,2.431164264678955,-0.11903179436922073,-1.682776927947998,0.9137346794551924,0.07133193941168631,0.01493338113312135,False
img/ae2929fa-f735-416e-8e96-62825d74592d_464.png,train,RG,RG,-0.13466638326644897,0.8693686723709106,-0.5444972515106201,0.22763306473790668,0.6212726422273538,0.1510942930347395,False
img/ae52afaa-d6af-406a-9a04-ce1cb7f627e2_90.png,train,NoR,RR,0.7589372396469116,0.15571348369121552,-0.6736919283866882,0.559996384342942,0.3063433620955953,0.13366025356146277,False
img/ae52fec7-e518-44e5-be6f-ee2189847fb3_270.png,train,RR,RR,2.069969415664673,0.26009929180145264,-1.6961464881896973,0.8425897669780035,0.137911211205827,0.019499021816169422,False
img/ae566447-84b5-4c8c-986b-3505c1c13ea6_270.png,train,RR,RR,2.367790460586548,1.3735872507095337,-2.71673583984375,0.7266333040296246,0.2688675137397024,0.004499182230673035,False
img/ae6f84bd-c6be-4791-a015-2ad3e1de2527_262.png,train,RR,RR,2.366124391555786,-0.05717442184686661,-1.6805459260940552,0.9040698308065269,0.08012659251884843,0.015803576674624682,False
img/ae758ba5-1276-4e87-819c-f2b93bb6592b_270.png,train,RG,RR,1.8409353494644165,-0.12116453051567078,-1.2549185752868652,0.8433130202082869,0.11853856208462421,0.038148417707088926,False
img/ae79023c-610c-47c9-bfac-f53664a5b73c_228.png,train,RR,RR,2.116488218307495,-0.13313379883766174,-1.4452887773513794,0.8819684508340281,0.09299393427646317,0.02503761488950862,False
img/ae8b7bb2-5f13-449a-a629-31996c55e950_90.png,train,RG,RR,0.2582862377166748,0.16267211735248566,-0.31711113452911377,0.4046459912784641,0.36774820148909587,0.22760580723244014,False
img/ae92ab48-d685-4bae-b01c-bd7108433e66_211.png,train,RR,RR,1.2897272109985352,0.38620591163635254,-1.2238095998764038,0.6728923381369074,0.27261595442886005,0.05449170743423261,False
img/aea35aa2-8469-497f-9a73-6b2bcc4f29c8_270.png,train,RG,RG,-0.13031816482543945,1.7614901065826416,-1.1929820775985718,0.12536224619294156,0.831320821580923,0.04331693222613545,False
img/aec9ebcf-cf91-495a-a417-19eaa39456d1_270.png,train,RR,RR,2.3194332122802734,-0.042247094213962555,-1.6576194763183594,0.8984705829178476,0.08469136589523359,0.016838051186918848,False
img/aeef8488-72aa-489e-89fb-495eec37e6fc_180.png,train,RR,RR,2.1608986854553223,0.42929911613464355,-1.8842194080352783,0.8371642703256931,0.14817896152363863,0.014656768150668369,False
img/aef231ce-a1d1-4456-833c-b2adeb0e2b97_180.png,train,NoR,RG,0.2604362964630127,1.1294622421264648,-1.0180222988128662,0.27299630784274465,0.6509834479904318,0.07602024416682342,True
img/af022a33-dbc5-4d43-8631-63dfc2334485_0.png,train,RR,RG,0.2553441524505615,1.005130648612976,-0.9244050979614258,0.2920642741031046,0.6181680777811069,0.08976764811578838,False
img/af022a33-dbc5-4d43-8631-63dfc2334485_180.png,train,RG,RG,0.013654261827468872,1.7237578630447388,-1.269676923751831,0.14691521472814623,0.8123727211520336,0.04071206411982015,False
img/af5c0c47-2ade-4137-9b70-e9397f8499c3_365.png,train,RR,RR,1.6907613277435303,-0.06956710666418076,-1.1837742328643799,0.8140467245694876,0.140006567348113,0.04594670808239944,False
img/af8696e9-3f99-4c28-903a-10219de3df50_180.png,train,NoR,NoR,-0.14089585840702057,-0.07548447698354721,0.14349165558815002,0.2944167449471712,0.3143187646078313,0.3912644904449975,False
img/afa199ac-cf95-4d45-9357-58c25e2a0602_180.png,train,RR,RR,2.075401782989502,1.2347038984298706,-2.405081272125244,0.6931268852086928,0.2990214151525134,0.007851699638793737,False
img/afc856f1-4943-4a30-bb78-f6fa8b53d204_0.png,train,RR,RR,0.9554044604301453,0.2423744648694992,-0.8782869577407837,0.6060682174969253,0.29706844128738186,0.09686334121569272,False
img/affba02f-2592-4485-bfea-7e7ef9c797a2_83.png,train,RG,RR,1.2107559442520142,0.10124853253364563,-0.9606366157531738,0.692645458362244,0.22837998725391137,0.07897455438384457,False
img/b01bf0e5-69e6-46db-ab25-33f21636009f_270.png,train,RR,RR,1.6653143167495728,-0.13643252849578857,-1.1170248985290527,0.8150597320041123,0.1344933231917198,0.05044694480416774,False
img/b038876b-82ec-41a7-b12f-045486a65b23_270.png,train,RR,RR,1.843589425086975,-0.03121846169233322,-1.3219009637832642,0.8364156107760087,0.12829313269871362,0.03529125652527778,False
img/b04e0db6-d7fd-4663-9750-0c8395904080_121.png,train,RR,RR,1.868742823600769,0.6149300932884216,-1.807480812072754,0.7629319344015799,0.21775184509036533,0.019316220508054753,False
img/b058af87-90ad-4443-8e34-a295a82663be_180.png,train,RR,RR,2.2814745903015137,-0.1130756139755249,-1.578966498374939,0.8990603332923884,0.08200661703051598,0.018933049677095706,False
img/b095b8d6-695b-407b-8a36-54b5767013dd_270.png,train,RG,RG,-0.12403842806816101,2.2247090339660645,-1.5326018333435059,0.08534652527569868,0.8937867383164338,0.020866736407867376,False
img/b09638d1-dd95-4e7c-9e93-c7635e558f41_0.png,train,RG,RG,-0.037524789571762085,0.07572504878044128,-0.04055429995059967,0.32083295742220636,0.35930458112390457,0.3198624614538891,False
img/b0a142df-16db-432e-ba37-50f441be630c_180.png,train,NoR,RR,2.1156790256500244,-0.09349288046360016,-1.4733799695968628,0.8791859262179769,0.0965271667413592,0.02428690704066392,True
img/b0f329ec-e1d2-4d49-9dd3-52635b13c128_270.png,train,RR,RR,0.4541153907775879,-0.11543141305446625,-0.2573813796043396,0.4862179905619768,0.275093285392944,0.23868872404507924,False
img/b123e8af-7151-4849-bcc0-1a0e18f7e7d6_270.png,train,NoR,RR,1.4735236167907715,-0.12496363371610641,-0.9867929220199585,0.7766326279432656,0.15703680109223458,0.06633057096449983,True
img/b1839e55-59d6-459b-8ac8-558a7231b459_0.png,train,RG,RG,-0.1474757343530655,2.4459428787231445,-1.6757097244262695,0.06852911755950555,0.9166056552675473,0.014865227172947115,False
img/b1bb9a7e-1d09-494f-b540-1d3d84ac754e_154.png,train,RR,RR,1.8015586137771606,0.10755185782909393,-1.3919262886047363,0.8164529514083138,0.15004909379613351,0.03349795479555264,False
img/b1e76de3-46a5-458a-a477-60866b96bc97_180.png,train,RG,NoR,-0.08899585157632828,-0.08716651052236557,0.11445543169975281,0.3098415149666182,0.3104088395270112,0.3797496455063706,False
img/b1eb303e-982c-458f-8596-941bfb686a23_337.png,train,RR,RR,1.1035115718841553,-0.07606592029333115,-0.7549091577529907,0.6833741311507122,0.21007508062960478,0.1065507882196829,False
img/b200bedd-17ae-4ce5-8d5a-a5867a580fc5_180.png,train,RR,RG,-0.11352527886629105,0.14598314464092255,-0.03648342192173004,0.29617519463850533,0.3839297436185008,0.3198950617429938,False
img/b2516815-83b3-40f1-9a87-d3f49fd1f890_270.png,train,RR,RR,2.0983664989471436,-0.13164620101451874,-1.433275818824768,0.8796746744110161,0.09458883548742066,0.025736490101563193,False
img/b257ec8d-4164-4705-b947-a58abecb7081_90.png,train,RR,RG,-0.04918934404850006,1.1815605163574219,-0.8320702314376831,0.20488095107213772,0.7014705690709047,0.0936484798569576,False
img/b25a297d-7629-43d1-8831-fe9c35b89b26_270.png,train,RR,RG,0.7299870252609253,0.9945876598358154,-1.2596076726913452,0.4098929509789676,0.5340538438242942,0.0560532051967382,False
img/b263220b-f09a-4681-9b3c-18c210ee991c_247.png,train,RR,RR,2.291842460632324,-0.10095140337944031,-1.5952253341674805,0.8993780963917538,0.08217981041053227,0.018442093197713946,False
img/b289dae9-5a6e-4fe8-9bf9-f8d6a356843a_90.png,train,NoR,RG,0.077888622879982,1.998862624168396,-1.5150784254074097,0.1245186299741088,0.8501640614623139,0.02531730856357725,False
img/b29729d5-c4de-4906-ab55-23bd2b28d7ea_135.png,train,RR,RR,2.078075647354126,0.15004543960094452,-1.6223905086517334,0.8545939236771742,0.12428734774648535,0.02111872857634039,False
img/b2ba44b6-2346-426a-a263-199947b26bf8_270.png,train,RR,RR,2.0131115913391113,1.5706374645233154,-2.603097677230835,0.6052040848925881,0.38881031583545816,0.005985599271953647,False
img/b2c38b33-2cfb-4513-806e-40aad93ff1f6_180.png,train,RR,RR,2.1168789863586426,-0.041204169392585754,-1.5120713710784912,0.8755874125377916,0.10117096757052473,0.023241619891683617,False
img/b2c3f6e0-a531-44c5-bc79-7ace79759df9_90.png,train,RR,RR,1.1832988262176514,0.3134527802467346,-1.0943092107772827,0.6572266084491608,0.27538849972220275,0.06738489182863655,False
img/b2ca6e97-5e49-4454-a379-ea601994333a_360.png,train,RR,RG,1.7035729885101318,1.7927943468093872,-2.5402257442474365,0.47445631336410676,0.5187338317410586,0.006809854894834523,False
img/b2ccc10e-f475-46ea-be2d-f486787b614b_270.png,train,RR,RR,2.3327584266662598,-0.12628084421157837,-1.6064555644989014,0.9049932825818708,0.07739237412563028,0.017614343292498846,False
img/b2e14528-f4ef-4988-9381-a5b32609b9e7_180.png,train,RR,RG,0.5534495711326599,1.7068427801132202,-1.6473288536071777,0.23366427030803955,0.7404651366951359,0.025870592996824506,False
img/b2f4ed1e-7c1a-4336-8625-cc4fc2c42086_342.png,train,RR,RR,2.3018736839294434,0.7908011674880981,-2.2475483417510986,0.8121850570510125,0.17922745554049477,0.008587487408492547,False
img/b2f9df94-260b-4d9d-86a3-2807dc73ae60_90.png,train,RR,RR,0.5253624320030212,0.09440791606903076,-0.4606361985206604,0.4943263801082332,0.32125701468732004,0.1844166052044467,False
img/b33476bd-f02f-4f60-95a8-3e19e7c071b2_270.png,train,RR,RR,1.8802512884140015,0.12584222853183746,-1.46199631690979,0.8275632525636759,0.14317626342634507,0.029260484009979007,False
img/b335827c-5cb4-47ff-ae7d-c15744e6c9ec_270.png,train,RR,RR,1.2687385082244873,-0.08910177648067474,-0.8648208379745483,0.7269392589117075,0.18698018319316317,0.08608055789512928,False
img/b375f72d-1ce2-4559-8d7d-34a824a0de2d_360.png,train,NoR,NoR,-0.02978000044822693,-0.01580226421356201,0.020060911774635315,0.32624514142510197,0.33083732938870625,0.3429175291861917,False
img/b378c796-87c8-488e-af3c-180b59f0733c_90.png,train,RG,RG,0.8507514595985413,1.7284266948699951,-1.8776800632476807,0.2881326981629377,0.6930459942810524,0.018821307556009945,False
img/b380d4d7-1c8b-41e6-9dba-d05457abd908_392.png,train,RR,RR,1.9649428129196167,1.4064432382583618,-2.449530839920044,0.6312463063065885,0.36111503154532737,0.007638662148083977,False
img/b3aaa3cf-9306-4e24-8180-0b52c5ad455c_270.png,train,RG,RR,1.4784860610961914,1.3132672309875488,-2.0307672023773193,0.5325870219489895,0.45147837491697357,0.015934603134036898,False
img/b3e49eaa-6a95-4213-a54d-3dc04d328689_270.png,train,RG,RG,-0.09655654430389404,2.243290901184082,-1.5658934116363525,0.08613464008894163,0.8940476735984363,0.01981768631262215,False
img/b3f6f2e6-3aea-4cbc-b768-40a2a766ac04_0.png,train,RG,RG,-0.1146683320403099,0.9117918014526367,-0.5896296501159668,0.22659926000073294,0.6324765952871061,0.14092414471216103,False
img/b4401a2d-c557-4375-aede-507c10794818_297.png,train,RR,RR,2.2793655395507812,0.17469392716884613,-1.785610318183899,0.877925282203747,0.10700653181901307,0.015068185977240047,False
img/b4a74873-cbf0-4254-bca0-a3bfbb96ddf6_0.png,train,RG,RG,0.18273384869098663,1.95464026927948,-1.5588172674179077,0.14169715505540045,0.8334706510270902,0.02483219391750934,False
img/b4a74873-cbf0-4254-bca0-a3bfbb96ddf6_90.png,train,RR,RR,2.311518430709839,-0.00793774425983429,-1.676721453666687,0.8953678917660761,0.08803887788810906,0.016593230345814728,False
img/b4ed4445-b520-423d-a4fb-879afe1bd544_90.png,train,RR,RG,0.4209216237068176,1.3376495838165283,-1.2845379114151,0.271533843164217,0.6791314784637581,0.04933467837202489,False
img/b525d69b-cdad-4597-83d0-63628ff93908_270.png,train,NoR,NoR,-0.144999697804451,-0.11216548830270767,0.17299017310142517,0.2934494849616171,0.3032445941820046,0.4033059208563783,True
img/b535c8ad-bc74-486c-8a08-fe2d6af8eac9_0.png,train,RG,RR,1.726635217666626,0.929384708404541,-1.9323089122772217,0.6773572667337638,0.30519421513481687,0.017448518131419302,False
img/b5a047a6-2b81-4258-976f-be1ce7759427_0.png,train,NoR,NoR,-0.15678779780864716,-0.02735137939453125,0.12015162408351898,0.289245292890267,0.32921515739280455,0.3815395497169284,False
img/b5a1888d-0059-44b6-9485-81b0fa291129_325.png,train,RR,RR,2.1983933448791504,-0.12538263201713562,-1.5100550651550293,0.8909330945983543,0.0872252067622871,0.021841698639358687,False
img/b5a19521-eb70-42cf-8a63-cbf105d76839_362.png,train,RR,RR,2.349241018295288,-0.11207601428031921,-1.628636360168457,0.9057578450344238,0.07728152773453348,0.016960627231042694,False
img/b5b9f7b6-e6ea-4d96-91e4-ea7b7d513a4a_270.png,train,RR,RR,2.237302780151367,-0.1346340775489807,-1.5314666032791138,0.8957521083856529,0.08357353075952667,0.02067436085482045,False
img/b5d40335-8ff2-4622-9e57-ab511a27a2c6_360.png,train,RR,RR,2.237935781478882,-0.10111883282661438,-1.5561679601669312,0.8937174948428839,0.08617112197371592,0.020111383183400135,False
img/b5f36a35-d901-4522-8d9c-d8c2623b5740_270.png,train,RR,RR,2.0797781944274902,-0.05762012302875519,-1.4733989238739014,0.8721476351603474,0.10287970555881433,0.02497265928083812,False
img/b5fbfeab-2fdb-464b-bb1f-b9526a773dc1_70.png,train,RR,RR,1.0688375234603882,0.7369307279586792,-1.3179712295532227,0.5526459474305113,0.39655342014845363,0.05080063242103513,False
img/b65f562f-dc80-4691-b8b6-d740b89e1822_270.png,train,RR,RR,2.307370662689209,-0.04143838584423065,-1.6494919061660767,0.8971781552448888,0.08566509126177853,0.017156753493332774,False
img/b6bd6353-eee5-4a9d-ad5c-4a9f89f6e8e6_231.png,train,RR,RR,2.352998733520508,-0.13641144335269928,-1.6137467622756958,0.9075284420582233,0.07528754603951188,0.01718401190226485,False
img/b6ec14be-bd37-44b8-9965-58786c6af131_360.png,train,RR,RR,2.197951316833496,-0.11858353018760681,-1.514654278755188,0.890449322526032,0.08781140108178274,0.02173927639218517,False
img/b6fa58c3-51f8-4c6e-9555-7c8be7cf4ad7_90.png,train,RG,RG,-0.12924230098724365,2.0824813842773438,-1.4259583950042725,0.09610883393648005,0.8776122974316642,0.02627886863185571,False
img/b7074f2b-7329-477e-9f1e-bc596076faea_270.png,train,RR,RR,1.5811313390731812,-0.11599181592464447,-1.0710070133209229,0.797632543522831,0.14613412503629508,0.05623333144087399,False
img/b77431f9-2381-4dba-b2ca-5c866db9f57d_410.png,train,RR,RR,2.443422317504883,-0.09804953634738922,-1.7068089246749878,0.9136498750617307,0.07195029801885774,0.014399826919411529,False
img/b7a19ddf-9a0c-4ede-b4d1-9d7b9c5384ef_90.png,train,NoR,RG,-0.12301082164049149,2.021484375,-1.386335015296936,0.10182840077129213,0.8693834200553632,0.0287881791733448,True
img/b7b55d4e-5d6f-44e4-83b5-1381595eab2c_280.png,train,RR,RR,1.9889405965805054,-0.12953251600265503,-1.3557679653167725,0.8654370554610716,0.10403855308345293,0.030524391455475454,False
img/b7c16d90-6873-4a56-b8fa-6f1cbfbd9ca0_360.png,train,NoR,RR,0.18808366358280182,-0.11881059408187866,-0.06278525292873383,0.39779577248258513,0.2926696450007417,0.30953458251667315,False
img/b7ce5407-38c1-4782-88be-af7c2265affc_78.png,train,RR,RR,2.025773763656616,-0.1264473795890808,-1.38460373878479,0.8701293286720087,0.10113140501764648,0.028739266310344718,False
img/b7d10b7a-aba7-43e3-a2c5-6a20e8bfcd5d_0.png,train,RG,RG,-0.10402396321296692,2.2052643299102783,-1.5329921245574951,0.08844225044196119,0.8903708797675793,0.02118686979045957,False
img/b8546bae-52f0-487f-b7bd-d6131980c53e_90.png,train,RG,RG,0.07851284742355347,2.3091976642608643,-1.7400197982788086,0.09552466340414233,0.888975153693885,0.015500182901972812,False
img/b86fc5c7-8f02-46f9-8678-383183bf7462_260.png,train,RR,RR,2.138205051422119,1.1519889831542969,-2.390608787536621,0.7226588283471884,0.26954117434540786,0.007799997307403622,False
img/b88081d4-c7aa-405d-bbd9-74b9e7dbd499_90.png,train,NoR,RR,1.9446161985397339,0.02684381604194641,-1.4368727207183838,0.8467897332471167,0.12442212678221336,0.028788139970670052,False
img/b89818a9-04bf-47e6-88f1-b80c0a78c84d_270.png,train,RR,RR,2.2058892250061035,1.9562288522720337,-3.021268606185913,0.5604017566015272,0.43658957942432486,0.003008663974147988,False
img/b8a10a9e-cd82-4de4-a64e-4265cd226312_0.png,train,RG,RR,0.8802403807640076,-0.059051550924777985,-0.6059507131576538,0.6183767061511107,0.2417262522774409,0.1398970415714484,False
img/b8a5e1df-f1e1-4dbb-9f78-47e4bfcc5b90_180.png,train,RR,RR,1.365792155265808,1.1055177450180054,-1.7990872859954834,0.5515539514238773,0.4251598646688418,0.023286183907280877,False
img/b8af6398-8237-4fd1-b9bf-28dad21d5551_360.png,train,RG,RG,1.4489325284957886,2.1836414337158203,-2.639033555984497,0.32240921473984496,0.672182914138277,0.005407871121877964,False
img/b8bd268a-a316-4916-87eb-dad40d33fc28_371.png,train,RR,RR,2.2285549640655518,1.929024338722229,-3.017960548400879,0.5725960591929413,0.4243887443200677,0.003015196486990965,False
img/b8be7c29-41af-4b1b-aae4-9b481233b0a0_360.png,train,RR,RR,1.7794381380081177,-0.12889647483825684,-1.204906702041626,0.834098042000627,0.12371942979339783,0.04218252820597537,False
img/b8beb2ef-2cd0-4dca-8e70-f05335ecc2bf_90.png,train,RR,RR,0.16730736196041107,-0.10569249093532562,-0.05726812779903412,0.3906329090009982,0.2973079333864308,0.312059157612571,False
img/b8d471b9-23d5-4143-bb12-79f9cbd9248b_270.png,train,RR,RG,0.1477413922548294,2.13510799407959,-1.664089560508728,0.11820821183213365,0.8624819131533691,0.019309875014497168,False
img/b91c1321-aafd-4198-9064-aee604895630_90.png,train,NoR,NoR,-0.15430893003940582,-0.07810115069150925,0.15507261455059052,0.29054826666384137,0.31355584937848,0.39589588395767866,True
img/b91dcbf1-da15-49b6-8cb9-bceaf3bf12a8_187.png,train,RR,RR,2.370086908340454,-0.12422127276659012,-1.6349074840545654,0.9084484418034723,0.07499563817770724,0.016555920018820402,False
img/b940e329-f579-41c1-82a0-430105af3caa_360.png,train,RR,RR,1.8074904680252075,-0.05845540761947632,-1.276124358177185,0.8329562898113542,0.1288997914379822,0.03814391875066353,False
img/b95fd08a-68bf-4708-a677-63b378a38406_209.png,train,RR,RR,2.2888119220733643,0.1408153623342514,-1.7679260969161987,0.8818162229214657,0.10292361493383236,0.015260162144701904,False
img/b97a39ef-7d61-4a8e-b0ac-3575862495d0_90.png,train,RG,RG,-0.14586998522281647,1.3781899213790894,-0.9044767618179321,0.1650398093020457,0.7576690038558034,0.07729118684215087,False
img/b99aa7e3-44ab-4ffb-8e25-1e785d8b922b_163.png,train,RR,RR,2.1953125,-0.12068069726228714,-1.5112310647964478,0.8902892838404787,0.0878431862704014,0.021867529889119913,False
img/b99b830b-318c-45c4-bbcc-3fe9e56ca9a1_270.png,train,RG,RG,1.1992840766906738,1.914497971534729,-2.264021635055542,0.32510281314770795,0.664713004481212,0.010184182371080125,False
img/b99d7a6a-9631-44a6-a1fe-2f7e629bae3b_270.png,train,RG,RG,0.6466308236122131,1.1665229797363281,-1.323775291442871,0.3544532537910954,0.5961358803317253,0.04941086587717946,False
img/b9b31039-da45-43b7-be8b-4d4d9d6270bb_270.png,train,RG,RG,0.7276619672775269,1.9425140619277954,-1.943640947341919,0.22527811124115926,0.7591411917903016,0.015580696968539282,False
img/b9b31039-da45-43b7-be8b-4d4d9d6270bb_90.png,train,RG,RG,0.6275320053100586,1.5518802404403687,-1.5887408256530762,0.27553979766352366,0.6944223225920889,0.030037879744387517,False
img/b9cf50ef-c5c9-4868-ab45-9091fb33eb98_0.png,train,RG,RG,0.9964113831520081,1.612750768661499,-1.8992106914520264,0.3439498856000002,0.6370418492825273,0.019008265117472625,False
img/b9d11777-3365-4000-84ff-45baa1182d6d_70.png,train,NoR,RR,1.7628419399261475,1.7017213106155396,-2.5171544551849365,0.5116260711850863,0.4812916364660343,0.007082292348879428,True
img/ba19d917-e7e4-43a7-8546-c19f34f89293_0.png,train,RG,NoR,-0.14226429164409637,-0.10884568095207214,0.16861292719841003,0.29423837599041974,0.30423756261420803,0.4015240613953721,False
img/ba1ca4d3-8f58-42c1-8e05-0a1922a26d32_90.png,train,RG,RG,1.00192391872406,1.3297768831253052,-1.6984944343566895,0.4073050524332061,0.565333251920944,0.027361695645849955,False
img/ba5ca14c-ec96-4a55-af4f-4d64dce3ba87_180.png,train,NoR,RR,1.3418257236480713,0.17275090515613556,-1.1070302724838257,0.715795745190384,0.22236496882427706,0.061839285985338846,False
img/ba5ec00c-d783-4cb6-b390-c462364ff94e_90.png,train,RG,RG,-0.03492571413516998,1.8634041547775269,-1.3356058597564697,0.12583231887521182,0.8398976901528137,0.03426999097197437,False
img/ba7fcdd1-ec59-4fbb-9ea7-76038b5246f6_90.png,train,RR,RR,1.1950480937957764,-0.12101435661315918,-0.7885100841522217,0.7113548968278045,0.19077772492372644,0.09786737824846901,False
img/ba976127-6bd3-4334-bfe3-b1c2751301b3_360.png,train,RR,RR,2.1380209922790527,0.0466017872095108,-1.5908591747283936,0.8714358174461191,0.10763253921838639,0.02093164333549457,False
img/baa785cf-d5c0-4554-8e4e-23d0d32e2b30_277.png,train,RR,RR,1.9691604375839233,-0.13785399496555328,-1.335461139678955,0.8633240796745241,0.10498061508704215,0.03169530523843372,False
img/bab8197a-7469-470d-983c-ab826987316b_146.png,train,RR,RR,1.6258734464645386,-0.13236787915229797,-1.0914775133132935,0.807495371277188,0.13916997075583673,0.05333465796697549,False
img/babe7677-90ad-40da-b307-76cff9e9841c_165.png,train,RR,RR,0.6552905440330505,-0.06451696157455444,-0.43951845169067383,0.5490133075284381,0.2672849118865409,0.18370178058502087,False
img/bac50d7a-e40a-42b7-9ed0-1d3dd93633f9_270.png,train,RR,RR,2.1867802143096924,-0.1297859102487564,-1.4984817504882812,0.8899154748731035,0.08775601101584453,0.022328514111051884,False
img/baca79c5-7194-46a0-8ce7-f8be10d15e9c_90.png,train,RG,RG,0.7211621403694153,1.5126157999038696,-1.6279656887054443,0.3028417959108981,0.6682512349024803,0.028906969186621643,False
img/bacd8b01-6f88-4de9-9fc9-27eeb5a7c9f1_270.png,train,RR,RR,1.8727749586105347,-0.06674617528915405,-1.3172812461853027,0.8439229216482522,0.12133314556965237,0.0347439327820955,False
img/baf0d67c-d083-4f1f-8dc7-81501ffde34a_90.png,train,RG,RG,-0.08915894478559494,1.9841588735580444,-1.3837854862213135,0.10839920297057558,0.8618993966692058,0.029701400360218587,False
img/baf78338-3a2e-4757-a556-2619fee1b24b_360.png,train,RR,RR,0.630588173866272,-0.09366486966609955,-0.4005911946296692,0.5431026229182881,0.2632344950352281,0.19366288204648371,False
img/bb1051ce-7140-42a9-890d-6ad72d3e8703_270.png,train,RG,RR,0.030404075980186462,-0.03625836223363876,-0.008611813187599182,0.345155320867865,0.322896578942787,0.3319481001893479,False
img/bb1051ce-7140-42a9-890d-6ad72d3e8703_90.png,train,RG,RR,0.6051076054573059,-0.06783876568078995,-0.4008690118789673,0.5330801736743581,0.27197916425753305,0.19494066206810903,False
img/bb14b2f2-087b-453b-a2c2-7a0053d7efca_180.png,train,RR,RR,1.7894662618637085,0.040259599685668945,-1.3345142602920532,0.8210897838577484,0.14279725120275,0.03611296493950165,False
img/bb18eff9-647d-4fac-a075-eee1ba8b9726_270.png,train,RR,RR,1.9889017343521118,-0.00014463067054748535,-1.4493365287780762,0.8554707273077418,0.11705050527436732,0.027478767417890983,False
img/bb5e4af6-5d06-419c-9ae8-f500d72452ef_215.png,train,RR,RR,2.2977097034454346,0.4676398038864136,-2.0107715129852295,0.8518930130874899,0.13664564578789393,0.011461341124616171,False
img/bb62ac55-3614-460f-a802-9f637fb0cafb_90.png,train,RG,RG,0.10127724707126617,0.4650178551673889,-0.42241668701171875,0.3299209110056368,0.47465753744756767,0.1954215515467955,False
img/bb6f2ef2-7902-47f2-b242-b954e534c57b_90.png,train,RG,RG,0.20480956137180328,0.8471594452857971,-0.7736310958862305,0.3051721096963712,0.5801146726443059,0.11471321765932284,False
img/bb8ab742-a248-4b9f-9f53-52c78923fcae_168.png,train,RR,RR,2.3746349811553955,-0.10771071165800095,-1.6501359939575195,0.907923372698128,0.07585429210358859,0.016222335198283405,False
img/bbaf0623-22e8-4744-b204-80ea0cbae247_90.png,train,RG,NoR,-0.13394653797149658,-0.12900163233280182,0.1771855652332306,0.29674236134934373,0.2982133582983621,0.40504428035229406,False
img/bbaf2a49-fa3c-4111-866d-ffd3f1692155_150.png,train,RR,RR,1.6540950536727905,1.2809643745422363,-2.13424015045166,0.5843823257313945,0.40239120285119795,0.013226471417407628,False
img/bbc999bf-0d1b-4a38-97b9-17895b7035ce_270.png,train,RR,RR,2.3479514122009277,-0.008077740669250488,-1.7029353380203247,0.8991165764827659,0.08523256223703396,0.015650861280200108,False
img/bbcdd58d-662b-4f76-bb33-d9e4a9d200c9_360.png,train,RG,RG,0.7983067631721497,1.975265383720398,-2.0183584690093994,0.2323260027016118,0.7537797299068202,0.013894267391568066,False
img/bbd45aa4-ceb1-418b-a732-90b616ce986d_90.png,train,RG,RR,2.04876446723938,1.614802598953247,-2.6607978343963623,0.6035200857786208,0.39104297086192313,0.005436943359456068,False
img/bbdb82fa-ef15-4cdf-af5e-ba4c875007c6_270.png,train,RR,RR,2.4136176109313965,0.35579174757003784,-2.0135817527770996,0.8774398368519765,0.11207659568977736,0.010483567458246018,False
img/bbe00035-8ae7-4981-b02b-8ef8a62eacd8_83.png,train,RR,RR,0.7842938899993896,0.4503237009048462,-0.9051223993301392,0.5261212934507634,0.37674237294954976,0.09713633359968678,False
img/bc09ebc6-502e-4654-a4e9-9d8c7fcd49c2_270.png,train,RR,RR,2.184307098388672,0.002354562282562256,-1.5922834873199463,0.8804974239903843,0.09933862479874188,0.020163951210873797,False
img/bc1708a5-1de7-4020-93ba-c843b4e7609a_180.png,train,RR,RR,1.1489709615707397,0.04861600697040558,-0.877936601638794,0.6828291194258888,0.227213404205504,0.08995747636860721,False
img/bc1a35eb-c624-487f-b58f-34899adb7b19_360.png,train,NoR,NoR,-0.1325637698173523,-0.08868362009525299,0.14702148735523224,0.2969616409657718,0.31028248521731616,0.39275587381691207,False
img/bc250224-589a-414e-94d1-5735a9ed913e_270.png,train,RG,RG,-0.028771966695785522,2.254241943359375,-1.6227753162384033,0.09083228187850738,0.8907186953978365,0.01844902272365623,False
img/bc2c1e90-af89-4291-8481-6fdb3ec9ca55_355.png,train,RR,RR,1.9007059335708618,1.232841968536377,-2.2775535583496094,0.6543954727189516,0.3355758133138647,0.010028713967183635,False
img/bc2cf347-44eb-40da-ae0c-8d57ca7521b8_360.png,train,RR,RR,2.2811973094940186,-0.10800379514694214,-1.5824350118637085,0.8987192572737734,0.08241517624736718,0.018865566478859286,False
img/bc4c1264-7735-4452-abd9-91037ad03208_288.png,train,RR,RR,2.0075764656066895,-0.12398400902748108,-1.373241901397705,0.8675497870558188,0.1029365137626958,0.029513699181485494,False
img/bc51e0c4-3fc5-476f-bd98-9af648b5fe72_90.png,train,RG,RG,-0.10181374847888947,0.16304875910282135,-0.05728746950626373,0.2986158354462314,0.3891716179530214,0.31221254660074726,False
img/bc5e29d4-8bcd-4c46-b5e0-9acaa71eca8a_178.png,train,RR,RR,2.253913164138794,-0.10246343910694122,-1.5667356252670288,0.8955144663539909,0.08486160665681972,0.019623926989189532,False
img/bc6cb839-bc74-4a17-901e-4a01193cb260_180.png,train,RG,RG,-0.05046965926885605,2.1674041748046875,-1.5442863702774048,0.09604035727757819,0.8823972271257,0.02156241559672178,False
img/bc9c7fe2-f0fd-46ce-8d44-4593cb27637a_130.png,train,RR,RR,2.0942137241363525,1.4600573778152466,-2.5816855430603027,0.6494772123194015,0.3444715157685702,0.006051271912028369,False
img/bc9fcbd4-f7b4-4ec0-af9e-7e8da79bdabb_270.png,train,RR,RR,2.3992652893066406,-0.10601171106100082,-1.6691551208496094,0.910119044064985,0.07431392932477987,0.01556702661023511,False
img/bcb68416-673e-4d02-9402-81042bcde385_270.png,train,RR,RR,1.7130513191223145,0.15327341854572296,-1.3610727787017822,0.7959167235964089,0.1672879637341251,0.03679531266946594,False
img/bce5d06b-9953-489a-96a6-b16b889f11c7_0.png,train,RG,RG,0.039573997259140015,0.4848930835723877,-0.3922264575958252,0.31149473421263135,0.4862396064448175,0.20226565934255117,False
img/bd03beb0-efea-4123-933a-1318972c4dff_318.png,train,NoR,RG,-0.1519349217414856,1.8338693380355835,-1.2297263145446777,0.11593866343168208,0.8446020312813884,0.0394593052869294,False
img/bd236124-f449-4bac-bed6-6bcc4e904d75_136.png,train,RR,RR,1.3126264810562134,-0.08125102519989014,-0.9021997451782227,0.7367655535738091,0.18279992088039249,0.08043452554579844,False
img/bd3405d9-4798-4b84-aa36-5fa068a5968f_270.png,train,RR,RR,2.1636760234832764,-0.1049821525812149,-1.4997364282608032,0.8856644787116091,0.09162278732078037,0.022712733967610418,False
img/bd68b918-be8c-4544-8d90-450d1f74c53d_90.png,train,RG,RG,0.07429374754428864,0.10174047946929932,-0.140138640999794,0.35275530734434335,0.3625713810568388,0.28467331159881776,False
img/bd6e518b-01e9-4b38-a58a-d2d42232b29e_296.png,train,RR,RR,2.2972469329833984,0.322872519493103,-1.9057152271270752,0.8667018080701351,0.12033993971089736,0.012958252218967563,False
img/bd874cfe-951f-48ce-9652-f08051213682_157.png,train,RR,RR,2.1909360885620117,-0.13197387754917145,-1.4999008178710938,0.8905202110644443,0.08726031980638739,0.022219469129168282,False
img/bda16229-ae99-4e13-98e0-45dd1920974f_0.png,train,NoR,RR,1.281007170677185,-0.11442411690950394,-0.8553646802902222,0.7321669787858511,0.181376922993625,0.0864560982205239,False
img/bda23474-8a28-472a-b91b-b88c24daf913_0.png,train,NoR,NoR,-0.10546820610761642,-0.07815185934305191,0.11983218789100647,0.3048416330695749,0.31328356932675394,0.38187479760367127,True
img/bdcc1f02-3240-4f1b-849f-ff93f0235de7_180.png,train,RG,RG,0.08484338223934174,1.294944405555725,-1.0109002590179443,0.21330537625542423,0.7153885728544912,0.07130605089008453,False
img/bdd26144-eec9-4ab8-8a12-c3f6c7c0794f_90.png,train,RR,RG,0.27838271856307983,1.8885732889175415,-1.5801117420196533,0.1623463097993115,0.8123427351543153,0.02531095504637322,False
img/bdee8b50-a495-434c-a39e-fbbe02ae7847_0.png,train,RG,RR,0.4410090446472168,0.09293445944786072,-0.39864277839660645,0.46774717747860317,0.33025112360559183,0.2020016989158049,False
img/be051799-0b38-4398-ba4e-8a29ead43d09_141.png,train,RR,RR,0.5531861782073975,0.11516647040843964,-0.4957493543624878,0.5010965220075366,0.32336413249347046,0.17553934549899294,False
img/be0a38e1-b79d-49d0-b6ec-2c7e5eff50c9_271.png,train,RR,RG,0.6592411994934082,1.8448903560638428,-1.8236019611358643,0.2295517500770033,0.7512794235333949,0.019168826389601837,False
img/be211bb5-6a6b-4279-974c-8e1bd6e456c6_90.png,train,RR,RG,1.824204683303833,1.9952064752578735,-2.773778200149536,0.4552562736687337,0.5401583250800752,0.004585401251191134,False
img/be49dda0-7c60-4edd-b31d-09646081464a_0.png,train,NoR,NoR,-0.1493815779685974,-0.04784338176250458,0.12962573766708374,0.2916566474383273,0.32282663379977533,0.3855167187618974,True
img/be5fdf5b-3697-482f-9d25-b7152be7b377_180.png,train,RG,RR,0.7891386151313782,0.5988048315048218,-1.016030192375183,0.5022274165145747,0.4151829450037845,0.08258963848164089,False
img/be64735d-8f76-4b5d-94ae-93a7628ea6f5_0.png,train,RG,RG,0.2552706003189087,1.92422354221344,-1.5892068147659302,0.15468582458228863,0.820857120802172,0.024457054615539355,False
img/be732ff7-39f1-4548-a544-8b4bfd5dd770_90.png,train,RG,RR,1.102455496788025,0.2622554898262024,-0.9988819360733032,0.6435350368345351,0.27776528704956377,0.0786996761159013,False
img/be9008dc-0d5c-4e7f-bdd0-ff0ede132d01_0.png,train,RG,RR,2.388875722885132,1.2878234386444092,-2.6699254512786865,0.7468961809244421,0.24835865969834897,0.004745159377208858,False
img/bee39bcb-0abd-4384-8eff-96d676e9f6f3_270.png,train,RG,RG,-0.1036176010966301,2.4062087535858154,-1.678645133972168,0.07402036596148441,0.9106572811065092,0.015322352932006277,False
img/bf00acdf-8ce6-43b3-b0dc-23837b454c22_90.png,train,RG,RG,0.08248524367809296,1.9884735345840454,-1.510883092880249,0.12611467214652528,0.848253797375598,0.025631530477876748,False
img/bf0c076d-7473-43da-9ff1-d0f76acc0d6d_0.png,train,RG,RR,1.6955344676971436,1.0826338529586792,-2.020702600479126,0.6385278382139836,0.34593976115043085,0.015532400635585456,False
img/bf120fd0-021f-49cc-bd41-d263d53e8103_400.png,train,RR,RG,1.4221079349517822,1.673673391342163,-2.2507569789886475,0.4326306168869469,0.5563790138122444,0.010990369300808798,False
img/bf41f234-88ce-4ae0-a94f-6deea7803236_90.png,train,RR,RG,0.3069520592689514,1.5528475046157837,-1.357889175415039,0.21435001717747063,0.7450905231099886,0.0405594597125408,False
img/bf4a7da4-55a2-4594-bf10-1417ab660ad0_270.png,train,RG,RG,-0.1380976438522339,0.4204927682876587,-0.21731029450893402,0.2723274495138412,0.4760846206404097,0.2515879298457492,False
img/bf4c230b-e637-46f5-aac7-6ef02ec3e13d_180.png,train,RG,RG,0.2373303920030594,0.5122313499450684,-0.5548397302627563,0.3611071359155008,0.4753615382297463,0.1635313258547529,False
img/bfd3a628-c3b5-47de-88c8-93145fcf2ce2_270.png,train,RR,RR,2.287893533706665,-0.1208362877368927,-1.577988862991333,0.9001921970217346,0.08095378783661789,0.01885401514164765,False
img/bfd7b728-b1ca-4712-a5c1-8d3079bcfb9b_180.png,train,RG,RG,-0.035564765334129333,2.1821250915527344,-1.5657007694244385,0.09612989332755899,0.8830573868792602,0.020812719793180893,False
img/c003f360-1ec9-42bd-9232-6cf04893fa77_272.png,train,RR,RR,2.271803140640259,-0.11964929103851318,-1.567225456237793,0.8984635674992142,0.0822064466664508,0.019329985834334953,False
img/c04e6855-3e5c-42da-915c-7a0d11a6bb27_270.png,train,RR,RR,2.305413246154785,-0.08768340200185776,-1.614625334739685,0.8999387713874768,0.08220614706359775,0.017855081548925438,False
img/c0a4a7c7-3346-4730-92c5-8d85b2c881ec_180.png,train,RR,RR,1.2946070432662964,0.01655009388923645,-0.9599319696426392,0.7228044989254395,0.20135747955168143,0.07583802152287923,False
img/c14e159a-74c2-4912-a687-e267d43e36cd_270.png,train,RR,RR,1.9310516119003296,-0.04119160771369934,-1.3778594732284546,0.8505568740826484,0.11835020419836496,0.03109292171898679,False
img/c1887cbc-57ea-4e35-8726-e58a76423092_237.png,train,RR,RR,1.2077767848968506,0.028461799025535583,-0.9058322906494141,0.7001376825252272,0.21528484659601302,0.0845774708787597,False
img/c1aa9644-e8aa-47ae-a07a-24a25c9d3936_107.png,train,RR,RR,2.058305263519287,-0.09387742727994919,-1.4316612482070923,0.8720432764148193,0.1013577523447703,0.026598971240410274,False
img/c1acddb4-d209-4728-bcd7-707084daa7b0_360.png,train,RR,RR,1.7827081680297852,-0.10234025865793228,-1.226478934288025,0.8325330809099873,0.12639659350187588,0.04107032558813669,False
img/c1e2b3d6-75ea-493f-900a-c0883b367ee9_170.png,train,RR,RR,1.858272910118103,0.9888172149658203,-2.0703816413879395,0.694999590536945,0.2913296841933496,0.013670725269705334,False
img/c1e91245-16ed-4fce-888d-729682ec5798_61.png,train,RR,RR,2.00632381439209,0.7879793047904968,-2.0320346355438232,0.7614141468396288,0.22516487558066325,0.013420977579708032,False
img/c1eb62da-76a0-44e6-aba0-ab3dca6c102c_270.png,train,RR,RR,2.34476375579834,-0.10777856409549713,-1.6285111904144287,0.9050705822783317,0.07790347904151615,0.01702593868015223,False
img/c1ffde30-4610-4e84-9b85-ae45cb24374e_270.png,train,RR,RR,2.4427130222320557,-0.008626222610473633,-1.7709839344024658,0.9082902273915491,0.07827472205892001,0.01343505054953094,False
img/c22e8ca9-df78-4fc3-bbd1-b54b68477225_0.png,train,RG,RR,2.1116268634796143,2.1054718494415283,-3.061143636703491,0.5001168446054051,0.49704807226275866,0.0028350831318362593,False
img/c2716ea2-7d58-425a-8de2-7b898ae5249d_392.png,train,RR,RG,0.5789733529090881,1.9604426622390747,-1.8492138385772705,0.19727979369438362,0.7853208049256435,0.01739940137997299,False
img/c281d684-f882-40eb-aa3d-a73dc7eaf0eb_212.png,train,NoR,RR,0.036108821630477905,-0.021014556288719177,-0.02375936508178711,0.34645638359217634,0.3272202709885953,0.3263233454192283,True
img/c28789b9-c5ea-4c2a-adf8-3f9ab39cf11a_270.png,train,RR,RR,2.3826756477355957,-0.07807791233062744,-1.6773794889450073,0.906931864670664,0.07742531277640405,0.015642822552932145,False
img/c2878b22-78a3-46f1-986b-bfcd01198420_180.png,train,RG,RG,1.507373571395874,2.103760242462158,-2.623460054397583,0.3531551996905582,0.6411697808422819,0.005675019467159811,False
img/c299db28-57e2-49d0-9ae8-93d71d7c41a4_326.png,train,RR,RR,2.2172274589538574,-0.11795975267887115,-1.5290281772613525,0.8925397094402061,0.08639102502606547,0.021069265533728537,False
img/c2aca246-50a7-4d07-b411-6d4ce5a743d0_90.png,train,RG,RG,-0.061390481889247894,1.3667521476745605,-0.9572216272354126,0.17923674479173216,0.74758660504526,0.07317665016300783,False
img/c2c2cfab-517e-4f2c-aa74-6a27789e2095_205.png,train,RR,RR,2.2053308486938477,0.11103518307209015,-1.6860861778259277,0.8744519959919134,0.10769484668657242,0.01785315732151425,False
img/c2e3cedc-3c5c-4bec-a900-e3b2f597186f_270.png,train,RR,RR,2.1846020221710205,1.6549673080444336,-2.787966012954712,0.6266664004699551,0.3689937212256895,0.004339878304355443,False
img/c320315f-9c87-41cd-86a9-ee88da2f91e0_270.png,train,RG,RG,0.005418345332145691,2.120392084121704,-1.5506459474563599,0.10525947038633401,0.8725344933509802,0.022206036262685736,False
img/c326bf52-6f3c-40ec-aff2-8f63d70ac707_263.png,train,RR,RR,1.8383854627609253,0.10497315227985382,-1.4166607856750488,0.8228694999324878,0.14538498767550492,0.031745512392007215,False
img/c32df87c-a71f-4db9-8654-2423e64df8fe_90.png,train,RR,RR,1.8663514852523804,0.1925324946641922,-1.5001990795135498,0.8183051658610067,0.15345637732695863,0.028238456812034775,False
img/c359dd03-fde3-4b04-b70b-59d20f5396ec_360.png,train,RR,RR,2.1980762481689453,0.3782837986946106,-1.874169111251831,0.8481055872601,0.13744346815096511,0.01445094458893487,False
img/c38b07c5-f71b-4caf-b436-41af3c1312b1_155.png,train,RR,RR,2.1651451587677,0.1650441735982895,-1.696129560470581,0.8647805161976168,0.11702349786262874,0.018195985939754543,False
img/c3a797da-3139-4731-a33a-fb9875bc4178_180.png,train,RG,RG,1.3090534210205078,2.001739501953125,-2.4064157009124756,0.33075104619810325,0.6611971443390466,0.008051809462850052,False
img/c3a8e1c3-0882-4130-be0b-d23dbdd77d53_270.png,train,RR,RR,2.1368141174316406,-0.12766514718532562,-1.463925838470459,0.8840266416439098,0.09183632671238554,0.02413703164370463,False
img/c3a94f0a-134b-423c-a7e7-6a3ae2d6fe15_101.png,train,RR,RR,1.8658689260482788,0.04777912795543671,-1.3951386213302612,0.8328577105096482,0.13520241336313935,0.03193987612721245,False
img/c3dd9dfa-10b0-4689-bec4-7a12bd486a15_0.png,train,NoR,RG,-0.12902814149856567,0.5945907831192017,-0.34980034828186035,0.2588138509830686,0.5336434961694281,0.20754265284750342,False
img/c3f533f6-165e-4688-8f8b-c2cb0405c862_180.png,train,NoR,RG,0.1689903289079666,0.2605162262916565,-0.3233923316001892,0.36941077704666436,0.40481701054445995,0.22577221240887563,False
img/c3f68162-57e3-47ff-be1b-be6490f80cb0_280.png,train,RR,RR,0.18645255267620087,-0.1251247078180313,-0.05703957378864288,0.3974283715056723,0.2910332319792408,0.3115383965150869,False
img/c419ef05-e9f2-4a8e-adaa-1bc7fb3a0b90_90.png,train,RG,RG,-0.04800877720117569,2.448651075363159,-1.7495126724243164,0.07505096235980406,0.911259067123096,0.013689970517099947,False
img/c43cec20-4baa-4c7f-882d-0f175d953457_221.png,train,RR,RR,2.068103313446045,0.08314797282218933,-1.5667953491210938,0.8592738382492063,0.11805283964175478,0.022673322109038777,False
img/c45eed5e-61b2-4306-b222-194f8340fce6_164.png,train,RR,RR,2.2984719276428223,-0.13478709757328033,-1.5755378007888794,0.902099404299538,0.0791595703494463,0.01874102535101549,False
img/c49fb97b-eff6-43ae-b251-9b266ace891c_162.png,train,RR,RR,2.1050899028778076,0.3521919846534729,-1.7881317138671875,0.8377660409373133,0.1451606348596896,0.0170733242029971,False
img/c4af380e-420b-401f-b8fb-0376a2116bbe_134.png,train,RR,RR,0.581946611404419,-0.08324626833200455,-0.3729945421218872,0.5265904107001307,0.2707592791520459,0.20265031014782342,False
img/c4eea2be-a469-4ee8-9ffd-a9148227437f_226.png,train,RR,RR,2.1736321449279785,0.7767670750617981,-2.144768714904785,0.7932148967902253,0.19621855356782342,0.01056654964195132,False
img/c50534d1-cff7-42d0-8595-352069623d08_30.png,train,RR,RR,1.6053314208984375,1.5267844200134277,-2.2768404483795166,0.5141217334411203,0.4752842623159571,0.01059400424292264,False
img/c525c59e-8d6d-40d5-9c7e-83263254c086_90.png,train,RG,RG,0.8006777763366699,2.2401483058929443,-2.2116823196411133,0.18983843610916895,0.8008261671338797,0.009335396756951405,False
img/c52efbc1-6284-4431-b636-3380d325b864_180.png,train,RR,RR,1.954825520515442,-0.026559866964817047,-1.4056155681610107,0.8528071626128161,0.11758342302210871,0.029609414365075262,False
img/c5340cda-be84-457b-81ad-cccb0c83df1a_107.png,train,RR,RR,2.3478844165802,-0.1253509819507599,-1.618053674697876,0.9064031052329458,0.07642032822881634,0.017176566538237816,False
img/c55cf3d9-b19d-4061-8b09-96e6edb49de8_270.png,train,RG,RG,0.09982801973819733,2.017228364944458,-1.5442103147506714,0.12505553049778365,0.85078395790682,0.02416051159539629,False
img/c562e434-ac8d-439e-b892-000b3039b333_90.png,train,RG,RG,-0.048373907804489136,2.077885389328003,-1.4810439348220825,0.10392721285875076,0.8712683947326596,0.024804392408589726,False
img/c57caea8-6c11-4b4a-a9fe-398c5d45015d_90.png,train,RG,RG,0.7642101049423218,2.1239852905273438,-2.1013119220733643,0.20192756532277073,0.7865719748612666,0.01150045981596253,False
img/c58cd1cc-111c-4243-b53a-ecf09f9ba601_90.png,train,RR,RG,0.2669757008552551,1.0941566228866577,-0.9972062110900879,0.280164382403637,0.6406975040328275,0.07913811356353542,False
img/c5fe86ef-d42a-4270-a26f-5da0914d0d8e_270.png,train,RR,RR,0.5527508854866028,-0.1383308321237564,-0.3120596408843994,0.5202466638798943,0.2606611622875152,0.21909217383259044,False
img/c62c8a61-f81c-42f3-901e-0b317f71768b_347.png,train,RG,RG,-0.14523731172084808,2.273071050643921,-1.5522743463516235,0.08018140740830391,0.900184752249463,0.019633840342232974,False
img/c62f19e4-ce1c-46a8-993d-3c66b952fcfa_270.png,train,RR,RR,1.9219244718551636,1.0493272542953491,-2.160128355026245,0.6969915390929948,0.2912482668383498,0.011760194068655342,False
img/c63a9898-f0a1-48fa-958e-f2e8041674fb_180.png,train,RG,RG,0.050949856638908386,1.1272298097610474,-0.8650977611541748,0.23074210192434183,0.6769386159164935,0.09231928215916466,False
img/c641823b-944c-4d26-b121-6310bcc72cf3_193.png,train,RR,RR,1.7324120998382568,1.3837554454803467,-2.265164852142334,0.580047938658509,0.40930233920863074,0.01064972213286019,False
img/c64f73d0-6a2e-40ec-b608-318cb8d99eb9_270.png,train,RR,RR,1.8393076658248901,0.2953229546546936,-1.555022120475769,0.801865719953596,0.17122122797446013,0.02691305207194386,False
img/c673eb83-bfda-4812-aa94-faa75bea2c3d_360.png,train,NoR,RR,1.778196096420288,1.0465410947799683,-2.0542993545532227,0.6654388886959017,0.3201506942009106,0.014410417103187698,True
img/c67b755e-45a2-4a3d-9dc4-8a6f04d877ae_173.png,train,RR,RR,2.1323516368865967,1.1362512111663818,-2.3749964237213135,0.7244568392693684,0.26755409257816937,0.007989068152462088,False
img/c69adcf2-920b-4362-b62c-b39ab46bb2f1_265.png,train,RR,RR,0.08534969389438629,-0.1350887268781662,0.02319367229938507,0.36471016447302973,0.29255847096588894,0.3427313645610814,False
img/c69c0539-4daf-4bec-8cd6-d096141d2dff_180.png,train,NoR,RR,1.1294511556625366,0.36868512630462646,-1.095369815826416,0.6347614063351193,0.2966292851103158,0.06860930855456485,False
img/c6b88494-367c-4095-995f-273ae215ebef_90.png,train,RR,NoR,-0.04440392553806305,-0.11440902203321457,0.1019539162516594,0.3236246558706013,0.30174409126172097,0.3746312528676777,False
img/c6d4d3c2-415b-4300-8d5b-3bc8f7caf4da_90.png,train,NoR,NoR,-0.1658628284931183,-0.1352251172065735,0.20474028587341309,0.2873794522860696,0.2963203661748637,0.4163001815390668,False
img/c6f566c3-71bd-44b1-902a-fc1ff30a2ea7_270.png,train,RG,RG,-0.024528443813323975,1.8333173990249634,-1.3213512897491455,0.13015218872974066,0.8342643271023743,0.035583484167885225,False
img/c711519d-9b15-4bb4-8e33-77c6fa603e9c_114.png,train,RR,RR,0.8220212459564209,-0.09342317283153534,-0.539035975933075,0.6035992958694709,0.24164413843044857,0.15475656570008048,False
img/c77bb3ff-b2c6-4f69-8bd6-646ad56f572a_123.png,train,RR,RR,1.9434133768081665,-0.13315245509147644,-1.320265531539917,0.8593963826726676,0.10773391426776478,0.03286970305956771,False
img/c7d2405f-b239-4114-8ffd-b568c506d9d9_270.png,train,RG,RG,-0.058177798986434937,1.746180772781372,-1.2340137958526611,0.13541632989767782,0.8227994833247897,0.041784186777532574,False
img/c868d2d4-611c-4461-8e16-9a27ea194d8f_180.png,train,RG,RR,1.8264453411102295,1.7970753908157349,-2.6320719718933105,0.5043788470494612,0.4897806883220328,0.005840464628505965,False
img/c88056a4-cfcc-46db-9486-52619860f0c3_90.png,train,RG,RG,0.7991479635238647,1.9776345491409302,-2.0206797122955322,0.23206869444122347,0.754096248343885,0.013835057214891547,False
img/c88fdd84-3d69-4104-b881-e8bb4ec3189a_143.png,train,RR,RR,1.5767168998718262,-0.06604176014661789,-1.103951334953308,0.7924162544631813,0.15328948117087923,0.05429426436593946,False
img/c8a440b0-bcd4-46fc-b188-fbfd610507b7_63.png,train,RR,RR,2.1846096515655518,1.2466495037078857,-2.4926021099090576,0.713913258736062,0.27944383400994854,0.006642907253989389,False
img/c8b9556a-1dff-43ae-be01-a3965e6356b2_245.png,train,RR,RR,2.412889242172241,0.33956247568130493,-2.0013158321380615,0.878834351468547,0.1105280861891411,0.010637562342311805,False
img/c8ed1c26-cee5-4cf4-ae08-7a14ceede4cf_90.png,train,RR,RR,1.6485862731933594,0.025808483362197876,-1.2223045825958252,0.7974493236378596,0.1573764173911885,0.04517425897095204,False
img/c8f066c3-96ac-48af-a59a-df603d350e3a_90.png,train,NoR,RR,1.9371927976608276,0.23162810504436493,-1.5796478986740112,0.8255164722657738,0.14997138733993892,0.02451214039428724,True
img/c8f69404-e25a-4ac6-83a3-04beb046f662_210.png,train,RR,RR,2.096815347671509,1.1319605112075806,-2.3462252616882324,0.7179788772281451,0.2735776006011928,0.008443522170662205,False
img/c8fbb99a-36bb-4349-8c90-106a0408bd2d_0.png,train,RG,RG,0.10538963973522186,1.967176079750061,-1.5120205879211426,0.13099919793712636,0.843009005461385,0.025991796601488613,False
img/c9104279-2df1-4030-ab70-586e3ce40243_90.png,train,NoR,RR,1.6210176944732666,1.1904724836349487,-2.044888496398926,0.5967528862615927,0.3879815903722287,0.0152655233661786,True
img/c91907c5-5692-4491-9b2b-266fe1c61163_90.png,train,RG,RG,0.29308217763900757,1.3764628171920776,-1.2202776670455933,0.2395312681180017,0.7077313720575313,0.052737359824466847,False
img/c9278540-b382-4e0d-ae47-41bd7bc8b614_0.png,train,RG,RG,1.063044548034668,2.2097768783569336,-2.3792169094085693,0.23924119913662048,0.7531049355726565,0.007653865290722958,False
img/c9346d7b-b391-47a5-a2ad-05cd51d950a3_270.png,train,RR,RR,2.1502771377563477,-0.12202287465333939,-1.477731704711914,0.8852347431468125,0.09124542406024377,0.02351983279294378,False
img/c96748b8-1c90-4445-93d6-0223f3a5f520_270.png,train,RR,RR,2.2456343173980713,-0.13334672152996063,-1.538415551185608,0.8965591472913708,0.08306166034640612,0.020379192362223224,False
img/c979898c-be70-4c2c-813e-af208ad992a2_360.png,train,RR,RR,1.8279809951782227,-0.1265687644481659,-1.241652488708496,0.8417037962015271,0.11920901807257211,0.03908718572590073,False
img/c98a5c43-a054-4187-8de3-cd8d9d908cc1_247.png,train,RG,RG,0.23132853209972382,0.9477134943008423,-0.865524411201477,0.2957757255049901,0.6054587561008107,0.09876551839419934,False
img/c992f753-0ebf-4582-a247-8916c7a5f8d8_270.png,train,RR,RR,2.182591438293457,0.46296465396881104,-1.924241304397583,0.8364051600678313,0.1498277577409828,0.013767082191185963,False
img/c9b038cd-5bf0-4cbc-8515-90c85f2d8cb5_304.png,train,RR,RR,2.1762726306915283,0.9976036548614502,-2.306425094604492,0.7581553522574033,0.2332753088330794,0.008569338909517341,False
img/c9fd6b36-f928-4f0d-86eb-37fcaa4e1e50_151.png,train,RR,RR,2.126154661178589,-0.12980979681015015,-1.454675316810608,0.882904742612528,0.0925040897944316,0.02459116759304028,False
img/ca024877-ebd6-4d10-8873-abf421edfc52_180.png,train,NoR,RR,1.9161533117294312,-0.13304650783538818,-1.3006525039672852,0.8554899219807734,0.11021957289557281,0.03429050512365381,False
img/ca2c0ab3-4115-44b4-9012-c484d9533239_90.png,train,NoR,RR,1.7158368825912476,0.6461660265922546,-1.7196341753005981,0.7270973413629663,0.24948268329608925,0.0234199753409444,True
img/ca4d681c-065f-4123-981b-6ed983a4a9fd_180.png,train,NoR,NoR,-0.0816674530506134,-0.018958590924739838,0.05982185900211334,0.3108771236321723,0.33099610084096426,0.3581267755268634,False
img/ca66eede-9330-4fe1-b71e-2b57951597e1_270.png,train,NoR,NoR,-0.15277497470378876,-0.1312371790409088,0.19240228831768036,0.2912046037663634,0.29754453804582964,0.41125085818780693,False
img/ca6a036b-cb9d-4066-9227-b7275bb28563_90.png,train,RG,RG,1.3811390399932861,2.3972039222717285,-2.744554281234741,0.2646583927940328,0.7310667675710765,0.004274839634890677,False
img/ca895353-e352-4730-9936-f267d62be20f_302.png,train,RR,RR,2.2644147872924805,-0.0628814697265625,-1.6029539108276367,0.894076525858113,0.08722535996192614,0.018698114179960788,False
img/ca8c1166-092d-4aa3-b0aa-b3c5994d2302_99.png,train,RR,RR,2.238940477371216,-0.010673925280570984,-1.6223200559616089,0.8877199917580915,0.09360108413153942,0.018678924110369192,False
img/ca9ef36a-6140-4187-b55d-e6e5a4bc0c77_90.png,train,RR,RR,1.686283826828003,-0.02131608873605728,-1.2154440879821777,0.8089118570926929,0.14665604902975832,0.04443209387754899,False
img/cac64d69-02a6-4b89-9e07-85cb12e3758e_270.png,train,RR,RR,2.1945600509643555,0.783391535282135,-2.1646769046783447,0.795768861085534,0.19405473384140173,0.010176405073064292,False
img/cadad04e-6542-478b-b310-b64b0b75725d_270.png,train,RR,RR,2.1420037746429443,-0.12520621716976166,-1.4694530963897705,0.8844757175808828,0.09163241348911853,0.02389186892999864,False
img/cae5df37-6bfa-4e1e-b624-2ef1d29a8f80_360.png,train,RG,RG,-0.14861257374286652,2.0951898097991943,-1.421160340309143,0.09337736566517613,0.8804660431510409,0.02615659118378301,False
img/cb1403ac-b385-411e-bb74-e178c2b7d822_270.png,train,NoR,NoR,-0.09012705087661743,-0.1131477877497673,0.1340668499469757,0.30973600827338266,0.30268710391010745,0.38757688781650995,False
img/cb9e76e7-2aea-41e7-ad92-33707055bcfa_360.png,train,NoR,RR,0.25401443243026733,-0.0846690684556961,-0.13510359823703766,0.41834663061813215,0.29815898407335034,0.28349438530851745,True
img/cba94bad-5370-4832-a1e1-4239116e1b4b_0.png,train,RG,RR,2.210366725921631,-0.10212486982345581,-1.5355275869369507,0.8907664334307045,0.0881985618701456,0.02103500469914981,False
img/cba94bad-5370-4832-a1e1-4239116e1b4b_90.png,train,RR,RR,1.0997949838638306,-0.04623784124851227,-0.773801863193512,0.6795944948065431,0.21603997586619925,0.10436552932725762,False
img/cbb33b8e-4f9b-43c9-89af-d3d2b97ecce5_90.png,train,RR,RG,-0.06366812437772751,2.210864782333374,-1.5661919116973877,0.09135804122486514,0.8883086062741727,0.020333352500962028,False
img/cbb3d8b1-7b0b-482b-bacc-d7e28a1feaa0_270.png,train,RR,RR,2.1685879230499268,-0.11361829936504364,-1.4970370531082153,0.8868023666472409,0.09050597983730624,0.022691653515452912,False
img/cbba6ace-a28e-4145-8805-9a3701aef6e2_180.png,train,RG,RG,-0.02278190851211548,0.04058393836021423,-0.025782465934753418,0.32653909031898715,0.3479001501503888,0.3255607595306241,False
img/cbe35467-373e-44e6-aaf5-f64d42e1601e_0.png,train,RG,RG,-0.11321916431188583,2.213505506515503,-1.5323121547698975,0.08706049229978917,0.8918766708606248,0.02106283683958608,False
img/cbec6a24-4a6a-4a32-ac95-84187a321d71_177.png,train,RG,RG,-0.08439409732818604,2.080457925796509,-1.4568878412246704,0.10033324157079278,0.8742348831983301,0.02543187523087707,False
img/cbfad8ac-ee10-4b22-ae31-1ba1decdd433_180.png,train,RR,RR,0.5416138172149658,0.045962944626808167,-0.4373301863670349,0.5038083074625239,0.30690706466543316,0.18928462787204295,False
img/cc20e2f5-4c47-4d30-acbc-6842b43acd93_180.png,train,NoR,RR,0.522006094455719,0.15961973369121552,-0.5053849220275879,0.4868660564753794,0.33886530107242097,0.17426864245219964,True
img/cc456ad9-db26-4806-a33d-786fd5a32539_180.png,train,RG,RG,-0.13053055107593536,2.229588508605957,-1.531442403793335,0.08446955664541046,0.8947194923171199,0.02081095103746954,False
img/cc538a95-bcc0-4477-853d-edfc3dd696c1_360.png,train,RR,RR,1.9003344774246216,0.16801024973392487,-1.5070055723190308,0.8264448846206522,0.14617565311291117,0.02737946226643651,False
img/cca0f87c-5390-4b59-ab05-0ce2fe856c25_0.png,train,RG,RR,2.076233148574829,1.7673453092575073,-2.790984630584717,0.5740666982628394,0.4215160054487364,0.004417296288424124,False
img/ccc01bb5-46e6-4bb9-b495-456c9174c667_270.png,train,NoR,RG,0.4449552297592163,1.0578348636627197,-1.0994843244552612,0.32688602301685016,0.6033462176450839,0.06976775933806584,False
img/ccc2f06d-f6dc-4cc3-b5a5-f91ec2375cff_171.png,train,RG,RG,1.0381170511245728,1.4954551458358765,-1.844484806060791,0.37938399518696986,0.5993747129884709,0.021241291824559267,False
img/ccc8733c-68bc-4383-a28c-070d77a5a1c7_180.png,train,RG,RG,1.8699790239334106,2.1005496978759766,-2.8830435276031494,0.4409279850457262,0.5552687533657595,0.003803261588514228,False
img/ccd3ee8b-f49b-403a-a09f-ad2c9b204284_90.png,train,RR,RR,1.909817099571228,-0.07429419457912445,-1.338576316833496,0.8500948582103454,0.11689038870458018,0.033014753085074344,False
img/cd46837f-4591-4058-a0d0-7d2583a13491_143.png,train,RR,RR,2.0261433124542236,-0.07518229633569717,-1.421954870223999,0.8664758356931109,0.10596497476050143,0.027559189546387648,False
img/cd54ae9e-bbb9-4d78-b464-6b2332179bcc_270.png,train,RR,RR,1.8984102010726929,0.5074113607406616,-1.7511322498321533,0.7844185200536824,0.19518422656510231,0.02039725338121526,False
img/cda2862e-90a1-46d3-9494-625492147d6a_157.png,train,RR,NoR,-0.05573192983865738,-0.11989901959896088,0.11410737037658691,0.3202087586930006,0.30030723409143123,0.37948400721556824,False
img/cda48fb2-394a-4887-8572-f39af5a251c4_180.png,train,RR,NoR,-0.12935611605644226,-0.13821589946746826,0.18053537607192993,0.2981108836762739,0.29548135155752625,0.4064077647661998,False
img/cdc36a7d-ff37-4cf9-8f52-beaba217dfa5_90.png,train,NoR,RR,0.3259086608886719,-0.10214908421039581,-0.17438732087612152,0.4428452924548286,0.2886349488769874,0.268519758668184,True
img/cdd53b30-57ec-48e0-9c27-843523af8398_270.png,train,RR,RG,0.11709164083003998,0.13132120668888092,-0.19244922697544098,0.36388578144426337,0.36910073339396754,0.26701348516176915,False
img/ce0443ce-5d46-404a-b4c6-d6e1053c46f5_0.png,train,RG,RR,0.9580704569816589,0.7383942604064941,-1.2390241622924805,0.5224921779087779,0.41944559049210284,0.058062231599119205,False
img/ce0a906d-6b5f-4ad6-ae23-f0edf867729f_180.png,train,RG,RG,0.15266616642475128,0.7885963916778564,-0.6936050653457642,0.30140545799169377,0.569288092715422,0.12930644929288423,False
img/ce157e3d-e127-4d8e-aa51-11c5a0d3db4e_262.png,train,RR,RR,2.2387640476226807,0.5799638628959656,-2.0494492053985596,0.8304980937545534,0.15809963713088104,0.011402269114565555,False
img/ce1a7310-6ff2-4ba0-99b7-6998af84cf43_254.png,train,RR,RR,1.6802469491958618,0.031423673033714294,-1.2492345571517944,0.802761008060546,0.15435170074613883,0.042887291193315226,False
img/ce4649f7-d03d-4f41-a685-8f1e393d8d40_90.png,train,NoR,RG,0.06649789214134216,0.6367746591567993,-0.5215417146682739,0.30082683152282624,0.5320894187922768,0.16708374968489703,True
img/ce6d2cc9-2211-4a52-9a40-97b9ea06f0ba_270.png,train,RR,NoR,0.011165708303451538,-0.10615746676921844,0.05584758520126343,0.3407163273489608,0.30299826256853263,0.35628541008250664,False
img/ce991b1a-49cb-4226-97e0-6154a481fb30_270.png,train,RG,RG,-0.1534823328256607,2.205685615539551,-1.4975736141204834,0.08443863883214911,0.893541742323718,0.022019618844133067,False
img/cec24616-1fbd-4245-9918-f6364ba22f8b_90.png,train,RG,RG,-0.10831396281719208,2.421879529953003,-1.6865888833999634,0.07266245194043501,0.912345051433239,0.014992496626326051,False
img/cecb84e4-048a-48e5-8eec-29c29c8c352d_304.png,train,RR,RR,1.9682399034500122,-0.12187566608190536,-1.3463548421859741,0.8620528999188198,0.10661253224163934,0.03133456783954095,False
img/cedb2f68-f9d1-4def-9e1a-2ded3234fd93_360.png,train,NoR,RG,0.09656335413455963,2.2154998779296875,-1.685278296470642,0.10536730414430541,0.8768964429792491,0.017736252876445525,False
img/cf4acd00-fc00-479c-ac60-cea2601cea76_387.png,train,RR,RR,1.5973094701766968,-0.1279737800359726,-1.0740246772766113,0.801742998515151,0.1428085405041757,0.05544846098067344,False
img/cf59447f-82ce-467e-8c53-b4de695cfb41_180.png,train,RR,RR,2.305241823196411,0.8384596705436707,-2.284456253051758,0.8059170648895638,0.18589810246756971,0.008184832642866485,False
img/cf76d055-244a-4376-944a-0738e527aade_0.png,train,RG,RG,-0.027241989970207214,2.3281240463256836,-1.6773252487182617,0.08522227929596193,0.8984121523862503,0.016365568317787745,False
img/cf9d2489-efc8-44fb-9a8f-a3e74f06ac97_148.png,train,RR,RR,0.8972306847572327,-0.12755157053470612,-0.5686709880828857,0.6290319657210893,0.2257435950501106,0.14522443922880013,False
img/cfd592fe-4f62-4072-9f9e-0f583bbcbe93_0.png,train,RR,RR,0.5789761543273926,-0.134149968624115,-0.3340262174606323,0.5287012991543332,0.25912161242732007,0.2121770884183467,False
img/cff3491f-397d-4814-8506-e09bf23b99b7_258.png,train,RR,RR,2.396583318710327,0.6995494365692139,-2.249946117401123,0.8383487315272958,0.1536074434012394,0.008043825071464838,False
img/d0294c8e-9b0c-41b7-95f8-12dca13784ff_180.png,train,RR,RR,1.2455873489379883,0.04442523419857025,-0.9446899890899658,0.7078492876666084,0.21295248927175583,0.07919822306163575,False
img/d05273e9-0dc9-465f-9e0b-a23171365d13_180.png,train,RG,RG,-0.11126632988452911,2.320481061935425,-1.6111066341400146,0.07935302749713127,0.9029380909619492,0.01770888154091945,False
img/d05273e9-0dc9-465f-9e0b-a23171365d13_90.png,train,RG,RG,0.10997743904590607,0.3803452253341675,-0.36745011806488037,0.34120102496523574,0.4471256296970296,0.21167334533773463,False
img/d0aa8f13-3d6b-41bd-85dd-c52b339b6b13_180.png,train,RR,RG,-0.0822407528758049,0.14574013650417328,-0.058904096484184265,0.30490850171657113,0.38298377547840373,0.3121077228050251,False
img/d0bf14be-68d4-4f0e-b330-8f27fff7cae2_360.png,train,RG,RG,0.5332480072975159,2.110704183578491,-1.9248833656311035,0.16868480888726803,0.8168766576944038,0.014438533418328126,False
img/d0ede19d-1c80-4177-9f7b-2f69ec45281d_188.png,train,RR,RR,2.209407091140747,-0.13241450488567352,-1.5129233598709106,0.8925942376440722,0.08582501382694717,0.021580748528980617,False
img/d0efa78f-f424-4d12-913f-8705d2fbb8e7_270.png,train,RR,RR,0.4433271288871765,-0.11616306006908417,-0.24905987083911896,0.48265330001687695,0.2758365283347203,0.24151017164840274,False
img/d10334dd-fa69-4948-8bdc-c94220d5b9ec_90.png,train,RG,RG,0.5259360671043396,1.798479676246643,-1.6937446594238281,0.21374073804987107,0.7630376580122604,0.023221603937868505,False
img/d103f7a7-2ceb-42be-9425-b80cf0a1a963_180.png,train,RR,RR,1.6053314208984375,1.5267844200134277,-2.2768404483795166,0.5141217334411203,0.4752842623159571,0.01059400424292264,False
img/d10952a4-7b63-4930-a778-341ab6657470_269.png,train,RR,RR,2.150149345397949,0.17895452678203583,-1.695360779762268,0.8615744331764953,0.12000898717806774,0.018416579645437147,False
img/d10db0eb-05dd-46a7-bd41-2d5c2deec703_90.png,train,RG,RG,-0.1316365748643875,2.2991185188293457,-1.5809402465820312,0.07935124943626341,0.9020223395407501,0.018626411022986553,False
img/d1155a44-9292-4af3-8a3a-a7091bf22488_270.png,train,RR,RG,1.7354931831359863,2.0520308017730713,-2.7508082389831543,0.41952818293240707,0.5757469979239742,0.004724819143618673,False
img/d1456839-7e03-4729-83d5-3930fd1ee89b_0.png,train,RR,RR,1.7879936695098877,0.16132907569408417,-1.421030044555664,0.8084203759894382,0.1589226485478974,0.03265697546266457,False
img/d164d10a-b80f-466f-899b-71d036768c96_180.png,train,NoR,RR,0.7225270867347717,0.1268889456987381,-0.6265422105789185,0.552274934442352,0.30441985510706426,0.14330521045058373,True
img/d17352c4-169e-41da-9b7d-7411eaf456bc_270.png,train,RR,RR,2.026778221130371,0.03155292570590973,-1.4996237754821777,0.8580792231029325,0.11668419932111454,0.025236577575952893,False
img/d185fb8b-6641-45df-ad1a-3c2d7d0eb1c6_0.png,train,RG,RG,-0.08716344088315964,2.315439462661743,-1.6248689889907837,0.08152098878626951,0.9009623066856454,0.017516704528085156,False
img/d1c622b0-f460-4f25-bf19-72a4ab5b8031_180.png,train,RR,RR,1.7778297662734985,-0.08486294001340866,-1.2355979681015015,0.8303047808847556,0.12890814970751163,0.040787069407732815,False
img/d1d36d89-d3c8-4d21-bfa8-e732a6f16c11_218.png,train,RR,RR,2.032289981842041,-0.11016080528497696,-1.4010915756225586,0.8698341424766508,0.10208969253958092,0.028076164983768397,False
img/d20ccd4f-c7bc-4068-b17c-7f7528e3131b_220.png,train,RR,RR,1.9039052724838257,-0.13986505568027496,-1.286873459815979,0.8542049744293331,0.11065318535219938,0.03514184021846745,False
img/d21fa89b-85e2-407c-a541-ad3327d6d5ec_90.png,train,RG,RG,1.0435088872909546,1.3065584897994995,-1.7117350101470947,0.4229251210123246,0.5501795871395733,0.02689529184810214,False
img/d23376aa-80e8-4a8a-b9e3-6699f7b89681_0.png,train,RG,RG,-0.0020408928394317627,0.7362991571426392,-0.544031023979187,0.2721792833510606,0.5695240597346122,0.1582966569143272,False
img/d23376aa-80e8-4a8a-b9e3-6699f7b89681_90.png,train,RG,RG,-0.13410684466362,2.3731298446655273,-1.6326944828033447,0.07410470305422882,0.9093369327907871,0.016558364154984167,False
img/d265316d-a369-4a01-b165-de8ba3988be5_360.png,train,RR,RR,1.9586085081100464,0.7956982851028442,-2.0031542778015137,0.7509736004060997,0.23473571764876136,0.014290681945138857,False
img/d2c0eb27-695d-4486-993a-0f0d0ca9158f_459.png,train,RR,RR,1.0058447122573853,0.4916577935218811,-1.0950464010238647,0.5812824843858212,0.3475991415432778,0.07111837407090095,False
img/d2d11012-440a-4dcb-8f8b-87028f766ce4_180.png,train,RG,RG,-0.030269265174865723,1.2223740816116333,-0.8752596378326416,0.20287502957306422,0.7099776696837552,0.08714730074318057,False
img/d2dc8e2c-7270-491b-b52a-46dd48e45371_270.png,train,RR,RR,1.3435416221618652,-0.08377471566200256,-0.922703742980957,0.744239871161407,0.17858185231869905,0.07717827651989409,False
img/d2dc8e2c-7270-491b-b52a-46dd48e45371_90.png,train,RR,RR,0.6897139549255371,0.12922294437885284,-0.6045299768447876,0.5419955227959977,0.30944077919253854,0.14856369801146374,False
img/d2f02a0b-1017-453b-a59d-53263365d0e4_0.png,train,RG,RG,0.21525858342647552,0.33756232261657715,-0.4125451445579529,0.3753950882085625,0.4242329773053943,0.20037193448604332,False
img/d303d9e5-1c2a-411c-b337-ef46c55abbd9_0.png,train,RG,RG,0.04417242109775543,0.7119463682174683,-0.5597940683364868,0.285997749079689,0.5576647010284924,0.15633754989181864,False
img/d30c260d-41b5-4327-9e66-4d7c2d5b409e_90.png,train,RG,RG,-0.055880188941955566,0.4024187922477722,-0.26362067461013794,0.29465499557639047,0.4659620283613063,0.23938297606230316,False
img/d336e43b-18ae-4b63-a975-8db86708c36a_90.png,train,RR,RR,1.7395926713943481,0.8717241287231445,-1.8999571800231934,0.6915104984064312,0.29032755639947044,0.01816194519409834,False
img/d339e325-f655-4edb-acdc-2e0ebff0fcd2_0.png,train,RG,RG,0.012615680694580078,2.327573537826538,-1.7057158946990967,0.08846534520290295,0.8956670543855546,0.015867600411542532,False
img/d34cc3ee-ad65-438a-a7d4-253cf1db3958_270.png,train,RG,RG,2.1094391345977783,2.3961849212646484,-3.269860029220581,0.42795457687734395,0.5700721021480492,0.0019733209746070155,False
img/d361815c-e82b-47ee-aa51-ba11dc42408e_99.png,train,RR,RR,2.131167411804199,-0.12331333011388779,-1.4629954099655151,0.8830710624078852,0.09265889307517466,0.02427004451694007,False
img/d37506ed-1779-4e0c-a33e-b6624dae855a_0.png,train,RG,RG,-0.12332667410373688,1.2640680074691772,-0.8382059335708618,0.18202817995881038,0.7289143180795795,0.08905750196161018,False
img/d387f40d-a209-423b-9724-abf83c6d5529_0.png,train,RG,RG,-0.07956598699092865,2.429586410522461,-1.712928295135498,0.07413021153878416,0.9113942408517642,0.01447554760945162,False
img/d3985a6d-9633-4ca0-ad75-9dabbb281013_270.png,train,RG,RG,1.1129674911499023,1.721435308456421,-2.062018394470215,0.34729356514617216,0.6381914065749085,0.014515028278919368,False
img/d39e9990-d613-47ca-ad56-25b34d747d05_209.png,train,RR,RR,2.1430001258850098,0.9888458251953125,-2.276057481765747,0.7533696309234342,0.2375555959734356,0.009074773103130127,False
img/d3cfe481-a6dc-4512-8101-1743cdb7d9de_270.png,train,NoR,RG,1.2803996801376343,1.3985743522644043,-1.9494011402130127,0.4618924724285416,0.5198325770172352,0.01827495055422314,True
img/d3d5bf8e-e490-4045-864c-a79962220fe8_270.png,train,RR,RR,1.9188348054885864,-0.10593925416469574,-1.3221981525421143,0.8538636810496952,0.11273021624723342,0.03340610270307146,False
img/d3d62e53-1369-4d3c-85c1-8a554d10f2e4_0.png,train,RG,RR,0.08020970225334167,-0.08701331913471222,-0.007870644330978394,0.36209604482648167,0.3063372050312743,0.331566750142244,False
img/d45afe23-4ac3-4f0c-a1fa-8b321da761f9_0.png,train,RG,NoR,-0.036711037158966064,-0.09781625866889954,0.08439452946186066,0.32578932170958247,0.30647791536956687,0.36773276292085066,False
img/d475116d-7fd1-4a83-baca-b5d04dcff2d9_180.png,train,RG,RR,0.5922009348869324,0.07813097536563873,-0.49713850021362305,0.5169307183675036,0.3091538034886466,0.1739154781438498,False
img/d4781f10-eab6-4053-8eac-7dc3c2ebde92_226.png,train,RR,NoR,-0.0968751534819603,-0.11768597364425659,0.1422237753868103,0.3077388557113849,0.30140073719696225,0.3908604070916529,False
img/d483d82d-ae65-4cd1-93b2-99112c94aadd_90.png,train,RR,RG,0.2357148379087448,0.9662842750549316,-0.8821263313293457,0.29383698861606117,0.6100827417764304,0.09608026960750851,False
img/d48683a7-af25-4fe7-9b6c-9763fb742adc_180.png,train,NoR,NoR,-0.10880487412214279,-0.13167411088943481,0.16095924377441406,0.3042245436548195,0.2973461125537581,0.3984293437914225,False
img/d4a42f9c-ea39-4ff5-9c8d-1ea75fe580e3_167.png,train,RR,RR,1.5860168933868408,-0.018258921802043915,-1.1452338695526123,0.7897815812523974,0.1587738102920006,0.051444608455601996,False
img/d4be865d-23f3-42e5-b891-fca808deb46b_180.png,train,RG,RG,0.9776737093925476,1.9599283933639526,-2.1368186473846436,0.26918831022660034,0.7188594484894986,0.011952241283901195,False
img/d4bed09c-d2b8-45d2-b0d1-63a47fb2e802_238.png,train,RR,RR,1.4857392311096191,-0.11712700128555298,-1.0012850761413574,0.7785277604315399,0.15673216875834614,0.06474007081011388,False
img/d4dbc1bb-419c-4ed1-bb50-b5e4e3326509_90.png,train,NoR,NoR,-0.15097010135650635,-0.056483007967472076,0.13702285289764404,0.29130374844007545,0.320170486822891,0.3885257647370335,False
img/d4f4e89a-58b2-4bce-a6d4-1aad2f11b2d1_270.png,train,RR,RR,2.1787075996398926,-0.11602696031332016,-1.5026038885116577,0.8881167721570025,0.08951164016829719,0.022371587674700467,False
img/d500c094-e546-47e2-baa6-0253f5d810ed_90.png,train,RG,RR,2.3374667167663574,0.0010005086660385132,-1.7019293308258057,0.8974431205662321,0.08675460793651911,0.015802271497248905,False
img/d515cc7d-a67f-4c18-9885-3d2d897f599c_331.png,train,RR,RR,2.3401832580566406,1.4292808771133423,-2.7370831966400146,0.7100265226320635,0.2855450883261864,0.004428389041750116,False
img/d52f6aa9-f642-4d08-8688-b204fd63ce8c_90.png,train,RR,RR,1.8687635660171509,0.794502854347229,-1.9373955726623535,0.7332541739880556,0.2504430848745788,0.01630274113736565,False
img/d53f1898-43c3-4660-b27b-e24b9bcd8e68_270.png,train,RR,RR,2.3396706581115723,-0.01999267190694809,-1.6883351802825928,0.8990688842665993,0.08491886954344352,0.016012246189957197,False
img/d53f1898-43c3-4660-b27b-e24b9bcd8e68_360.png,train,RR,RR,2.3208422660827637,-0.08608557283878326,-1.6269252300262451,0.901396765030116,0.0812083181750348,0.01739491679484916,False
img/d548d7bc-f186-4a8b-91dd-daa4fcc6a186_270.png,train,RR,RR,2.2048330307006836,0.05131475627422333,-1.6425259113311768,0.879189617166386,0.10205198284331118,0.018758399990302828,False
img/d54cbb55-86f8-4459-8996-21db7261de3b_144.png,train,RR,RR,1.1633622646331787,0.34636038541793823,-1.103714108467102,0.6470947377755456,0.28585675559966855,0.06704850662478587,False
img/d58a5f68-1b00-4d9e-a2c4-b05ab4b4e982_270.png,train,RR,RR,2.2457430362701416,-0.12044864147901535,-1.5478243827819824,0.8957743702665686,0.08405714663493846,0.020168483098492892,False
img/d596c182-3b8d-4e2b-8c30-2d62f98fd4e9_180.png,train,RG,NoR,-0.04951576143503189,-0.12524521350860596,0.11348483711481094,0.32215411489138057,0.29865844518483603,0.37918743992378334,False
img/d597928c-fd2f-4c58-8b06-460f4be00e66_270.png,train,RR,RR,1.3787180185317993,0.37470507621765137,-1.2797672748565674,0.696155646553764,0.2550756896123667,0.048768663833869325,False
img/d5a241a1-0b06-485a-bfef-25bb42656b82_360.png,train,RR,RR,1.9701646566390991,-0.039075762033462524,-1.407641053199768,0.8560084732091808,0.11478259444170004,0.029208932349119136,False
img/d5bd9077-6668-43d7-aedc-330246ebb17d_166.png,train,RR,RR,2.1636836528778076,-0.09904515743255615,-1.5040366649627686,0.8852685460342763,0.09212646295712613,0.022604991008597627,False
img/d5d66072-35e9-4df0-921f-8ba38fb3979e_294.png,train,RR,RR,2.4225289821624756,-0.1197744756937027,-1.6760025024414062,0.9130069003164994,0.07183989630375347,0.015153203379746972,False
img/d5d712ff-4454-4d05-95d4-75c4074e8ffe_133.png,train,RR,RR,1.938921570777893,1.4110910892486572,-2.434098482131958,0.6240263488296754,0.36810275017825245,0.007870900992072207,False
img/d5f00de5-0ee8-4ff8-8501-3725b1a24810_134.png,train,RR,RR,1.9439126253128052,-0.12207448482513428,-1.3286397457122803,0.8586619186584701,0.10878659932749783,0.03255148201403202,False
img/d605b2e6-e0b5-41c7-81cb-a01306a60397_90.png,train,RR,RR,1.6867029666900635,0.1466868370771408,-1.3372770547866821,0.791775029564199,0.16973886507607927,0.038486105359721724,False
img/d6574d63-6da5-4e25-8876-fdc052ea99c7_270.png,train,RR,RR,2.4185538291931152,-0.10321620106697083,-1.6851091384887695,0.9117188158693494,0.07322680894554706,0.015054375185103566,False
img/d66c1908-de42-418f-821d-3138e6b37b85_204.png,train,NoR,RR,1.0092766284942627,0.052104413509368896,-0.779560387134552,0.6446906196905061,0.24754647133246674,0.10776290897702713,True
img/d671ec6a-700d-42d0-8ffa-462ba47c06e8_270.png,train,RR,RG,0.26646411418914795,1.4044677019119263,-1.221310019493103,0.2300750869542992,0.7179567341485505,0.05196817889715015,False
img/d67c8074-96ce-4909-b3b0-5bbea0c381c7_270.png,train,RR,RR,2.264971971511841,-0.1299942135810852,-1.5548081398010254,0.8983851109314684,0.08191094703202953,0.019703942036502064,False
img/d68c7cf1-5051-42a0-8c6b-83a331841dd1_270.png,train,RG,RR,0.2843061685562134,-0.022343195974826813,-0.20206840336322784,0.42539433161197854,0.3130513433356344,0.261554325052387,False
img/d6a9ac1b-922b-40dc-a1e4-694d3abc1053_90.png,train,RR,RR,1.6311447620391846,-0.07005298882722855,-1.1403623819351196,0.8031918968695508,0.1465542855223738,0.05025381760807542,False
img/d6b51fe3-ed9e-4e09-a14a-c7ea9f308ac9_421.png,train,RR,RR,0.5014813542366028,-0.10966598987579346,-0.29576385021209717,0.5016815622923507,0.2722765387057996,0.22604189900184968,False
img/d6e780e2-33b3-43bd-a0d8-78233706881e_0.png,train,RG,RG,-0.07730963081121445,0.272561252117157,-0.1542058140039444,0.29896525290881093,0.42419711393463144,0.2768376331565577,False
img/d6e9d0b8-2e97-41da-a474-875ff1a99ad5_90.png,train,RG,RR,2.0081069469451904,1.7625043392181396,-2.738276243209839,0.5583734617045756,0.43677815729651476,0.004848380998909628,False
img/d6ee8491-f6d8-4369-b83f-0f7a020332c6_124.png,train,RG,RG,0.048432186245918274,2.097984552383423,-1.5655052661895752,0.11156322949789588,0.8662242957143207,0.022212474787783487,False
img/d7075cf1-09a5-4fe5-8e7f-20fdbd71f420_283.png,train,RR,RR,2.406114101409912,-0.11261624097824097,-1.6693243980407715,0.9111230505973535,0.07340173828935156,0.015475211113294822,False
img/d716fcf4-5ef8-487e-bdaa-72953e8e1e05_180.png,train,RR,RG,1.3776134252548218,1.5983213186264038,-2.1641108989715576,0.43938227745578795,0.5478917434582267,0.012725979085985328,False
img/d730344c-5b44-4716-801a-4757c82af3d7_270.png,train,RR,RR,2.1419665813446045,-0.06679180264472961,-1.511682152748108,0.8804883211759398,0.09671014219043776,0.022801536633622516,False
img/d73c34bf-62f0-4922-bd53-8e2abd12d150_180.png,train,RG,RG,-0.07556415349245071,1.962298035621643,-1.3777910470962524,0.11178041171192822,0.8578236362329302,0.030395952055141635,False
img/d7497474-4281-45b9-8822-a1686ff88701_280.png,train,RR,RR,2.2579894065856934,1.2593092918395996,-2.5547611713409424,0.7264850591891924,0.2676119015961748,0.005903039214632955,False
img/d7682e1a-fcc1-4665-9963-db365e41cc45_180.png,train,RR,RG,0.40754544734954834,1.547489881515503,-1.4266711473464966,0.23329964059261443,0.729433403112756,0.03726695629462942,False
img/d7717451-7bac-41bb-b743-e12b9c372439_180.png,train,NoR,RG,0.37571513652801514,1.0189028978347778,-1.0213103294372559,0.3174736593380383,0.6040050830125357,0.07852125764942591,True
img/d779ae92-361e-4294-8cf2-dfba0e0daafb_254.png,train,RR,RR,0.22530217468738556,-0.12021782249212265,-0.08864979445934296,0.4101039284725344,0.29029295840776265,0.299603113119703,False
img/d77fb782-60c2-4bc7-9006-87981e0a409d_270.png,train,RR,RR,0.8362212777137756,0.28697389364242554,-0.8244646787643433,0.565805181421848,0.32668696945096,0.10750784912719198,False
img/d7881ddc-2ccf-42ae-898e-46b795883817_270.png,train,RR,RR,2.3498668670654297,-0.08593153208494186,-1.648000717163086,0.9042551383033373,0.07914749634551335,0.016597365351149508,False
img/d7979504-225d-49f4-9635-04fe9dc0a62c_360.png,train,RR,RR,2.146061897277832,-0.07745350152254105,-1.5069278478622437,0.8817241840916001,0.0954272227813783,0.022848593127021585,False
img/d7ad15ee-07cb-4829-8beb-9932e8fc3784_270.png,train,RR,RG,0.3827885389328003,0.43507128953933716,-0.6040862798690796,0.4121309289544168,0.4342514908153865,0.15361758023019673,False
img/d7d9df14-c849-4d1b-8376-25c2d6c7d400_90.png,train,RG,RR,0.4367961883544922,0.25370121002197266,-0.5118956565856934,0.45046336854330804,0.37509592097191746,0.17444071048477441,False
img/d7ecc975-11a5-4429-ac3c-e8eca6c8344d_44.png,train,RR,RR,2.3693599700927734,-0.04599174112081528,-1.6909722089767456,0.9036858790194533,0.08073160302519249,0.015582517955354298,False
img/d813f912-2660-4136-9db0-be216f2873a2_308.png,train,RR,RG,0.49925148487091064,0.8341245055198669,-0.9768738746643066,0.38076608835649556,0.5322207069058764,0.08701320473762808,False
img/d818821e-c6db-4214-9d60-e7677d95204c_155.png,train,RR,RR,1.8745988607406616,-0.12986664474010468,-1.2729383707046509,0.8491198281704347,0.11440385903919623,0.03647631279036911,False
img/d8464e77-6437-46d1-a7a8-f8e557352060_360.png,train,RR,RR,2.35363507270813,1.6721973419189453,-2.922520637512207,0.661812850864259,0.33480393189507685,0.003383217240664152,False
img/d847618d-bde4-480a-9295-36388e2b166c_234.png,train,RR,RR,2.16111159324646,-0.11072947084903717,-1.4937267303466797,0.8857491406572543,0.09134035638253961,0.022910502960206,False
img/d85dee86-4ce2-449c-8e10-d73dce7f64d4_173.png,train,RR,RR,1.2935993671417236,-0.13383977115154266,-0.8504148721694946,0.7368620953447358,0.17678982898195605,0.0863480756733081,False
img/d8b4e2b8-edef-427e-ad93-eeac5fad72ec_0.png,train,RG,RR,2.155102252960205,2.151125192642212,-3.125570297241211,0.49972019548345603,0.49773672492929566,0.0025430795872483525,False
img/d909d0d8-82a7-4597-acac-44d5e978e792_0.png,train,RR,RR,2.3407888412475586,0.2657427191734314,-1.895838737487793,0.8771876739020305,0.11013147096719877,0.012680855130770769,False
img/d918eeb4-ccb9-4cdd-8932-ce71b65c58fd_285.png,train,NoR,RG,1.4669463634490967,1.577484130859375,-2.213561773300171,0.46683407838873436,0.5213969591618093,0.011768962449456384,False
img/d92af13d-1b36-415d-af1d-9431dfbc999e_193.png,train,RR,RR,1.7039240598678589,-0.12493717670440674,-1.1532278060913086,0.8209988876921797,0.13184942055470114,0.04715169175311917,False
img/d92b6687-ca23-4282-a36e-b789f651f7d1_312.png,train,RR,RR,2.1364481449127197,-0.1336735635995865,-1.459315299987793,0.8843771243465163,0.0913558092755716,0.024267066377912257,False
img/d92fee04-3eff-4847-b249-143337183aaa_273.png,train,RR,RR,1.245343804359436,-0.09896892309188843,-0.8407853841781616,0.7220812704628413,0.18826018486305507,0.08965854467410363,False
img/d9304c3e-c1ba-47ec-86a6-979a54e2d168_180.png,train,RR,RG,0.06307248771190643,1.3459279537200928,-1.0320558547973633,0.20237093091693414,0.7299366657667228,0.06769240331634314,False
img/d94950ad-057e-4107-b1a4-8e0d01e8de2e_348.png,train,RG,RG,-0.04402017593383789,2.0662221908569336,-1.4757516384124756,0.10538367740808208,0.8694406967404231,0.02517562585149481,False
img/d9ada981-c7bc-4a44-a77e-a45b025ddd57_226.png,train,RR,RR,0.6312905550003052,-0.1300632208585739,-0.37476855516433716,0.5456457501573057,0.25483497532701366,0.19951927451568066,False
img/d9bd549c-57e1-4197-aae9-f64a74dcf13d_84.png,train,RR,RR,0.50583815574646,-0.1193443089723587,-0.2919095754623413,0.5036499802819299,0.2695352227634924,0.2268147969545778,False
img/d9efa7b8-2308-4f91-a409-0a7a34afb29c_90.png,train,RG,RG,-0.07340947538614273,2.0731217861175537,-1.45951509475708,0.10198692408667082,0.8725115321398865,0.02550154377344263,False
img/da049db2-f0e5-428e-9674-59e70f6fe55f_270.png,train,RR,NoR,-0.13678427040576935,-0.10629518330097198,0.16280978918075562,0.2958343918034657,0.30499302201521916,0.39917258618131507,False
img/da125bca-096b-43fb-ae54-b6ec5d1e875d_160.png,train,RR,RR,1.2418529987335205,-0.1127719059586525,-0.8282792568206787,0.7224320847712451,0.18641931358911826,0.09114860163963659,False
img/da52b905-bfb0-4587-9944-925fc769a39b_270.png,train,RR,RR,2.228238344192505,0.5208090543746948,-1.9990549087524414,0.8361741109540524,0.15162457560367923,0.012201313442268475,False
img/da577d01-750c-4c6c-92c6-f0e639d22823_208.png,train,RR,RR,2.0234949588775635,-0.12372086942195892,-1.3849300146102905,0.8696391717294005,0.10158161379465729,0.028779214475942193,False
img/da67e285-8ad4-4f96-992f-03dac527d5d2_0.png,train,RG,RG,0.5274698138237,2.262437105178833,-2.030470609664917,0.14823145415000372,0.8402859267659367,0.011482619084059594,False
img/da7e41ae-7026-480c-a390-8b01d50448f3_244.png,train,RR,RR,2.300973892211914,-0.08125275373458862,-1.6160705089569092,0.8990828474849303,0.08302556226147859,0.01789159025359135,False
img/da7f04ff-4bcf-4a06-8183-817f386120fd_90.png,train,NoR,RG,-0.09050892293453217,0.24045251309871674,-0.12144525349140167,0.29745585418025233,0.41414959978791516,0.2883945460318325,False
img/da844551-9b68-4c3e-8c16-08760cc20813_270.png,train,RG,RR,1.4060337543487549,0.1077728271484375,-1.1064029932022095,0.7385106529244865,0.2016179560120471,0.05987139106346632,False
img/da8904c6-c4b1-417c-b4cd-f91ff13293cf_180.png,train,RR,RR,1.0263395309448242,-0.08754222840070724,-0.6908669471740723,0.6631962734635877,0.21771551324421778,0.11908821329219445,False
img/da9f7bac-1522-4cbc-a49b-bbdf902907dd_270.png,train,RR,RR,0.9650707840919495,-0.13522924482822418,-0.6121172308921814,0.6496348266491844,0.21617977883818096,0.13418539451263453,False
img/daa2bf78-1b9d-452c-8a11-c232defd9d1b_270.png,train,NoR,RG,-0.12043946981430054,1.523119330406189,-1.0276843309402466,0.15204077078918643,0.7865902886793181,0.061368940531495504,True
img/dad825d4-9024-427c-abd5-01314d055ead_270.png,train,NoR,RR,1.0310978889465332,-0.12820462882518768,-0.664889395236969,0.667947807457725,0.20953850561618828,0.12251368692608681,True
img/dae021a1-ca79-44a4-ba96-46c8ece59e8b_270.png,train,RR,RR,0.010303854942321777,-0.040532998740673065,0.008998557925224304,0.33908313529722833,0.32227604487126443,0.3386408198315073,False
img/dae1684c-ac11-4349-b7e1-d399f1bb1bad_270.png,train,RR,RR,1.6127448081970215,0.09641653299331665,-1.2474932670593262,0.7832254779059183,0.17193084740639525,0.044843674687686554,False
img/daeda271-d902-4843-9208-09558db90625_270.png,train,RG,RG,-0.13244770467281342,2.4235823154449463,-1.670389175415039,0.07092506903883332,0.913838604377937,0.015236326583229794,False
img/db0919d5-249a-438d-8758-cfbba78144b5_0.png,train,RG,RG,-0.10565801709890366,2.147653341293335,-1.4901371002197266,0.09285344684588269,0.8838910144679623,0.023255538686155094,False
img/db1cf61c-95d3-43ab-bb9d-b17289524f4d_180.png,train,RR,NoR,-0.1345907747745514,-0.09932306408882141,0.1561819612979889,0.29644055654705925,0.3070818809454415,0.3964775625074993,False
img/db5e430b-fe06-4705-ba13-5840eab767aa_90.png,train,RG,RG,0.7547932267189026,2.051945924758911,-2.04239821434021,0.21187136338829993,0.7752084896507117,0.01292014696098845,False
img/dbb1af9d-87bb-4ebb-b985-b5fbdedd9a25_180.png,train,RR,RR,2.0458595752716064,-0.12130997329950333,-1.4028277397155762,0.8723806669412004,0.0998886758862403,0.027730657172559268,False
img/dbc245b9-c973-41cd-8e3e-71b89c69b5ee_245.png,train,RR,RR,2.3865549564361572,-0.12676279246807098,-1.6449637413024902,0.9101281117555508,0.07371952008768873,0.01615236815676063,False
img/dbd9f7f4-628c-4ad0-b27a-ae753bf0ec2d_167.png,train,RR,RR,1.93411386013031,1.3853777647018433,-2.4120254516601562,0.628679259324867,0.36317510818139237,0.008145632493740727,False
img/dbff83ba-8fc8-454e-b274-a2632c0f8273_270.png,train,RR,RR,2.203716516494751,-0.13127034902572632,-1.5096408128738403,0.8918957779136013,0.08634599472537999,0.021758227361018616,False
img/dc0992ae-f73f-4660-a704-2612127e73e2_0.png,train,RG,RG,-0.12164776027202606,2.07546329498291,-1.4263670444488525,0.09736883102301358,0.8762200032424398,0.026411165734546684,False
img/dc1eabe1-f9f5-4af5-84dc-5edde452d72a_180.png,train,RG,RG,0.6865985989570618,2.0672366619110107,-2.0042030811309814,0.19820563579045253,0.7883507612533116,0.013443602956235833,False
img/dc3a9913-d41c-4d4f-bad6-daccddc2991f_90.png,train,RG,RG,0.022547394037246704,1.62721848487854,-1.2062655687332153,0.1595185766565409,0.7937999476103418,0.04668147573311745,False
img/dc6755e7-ac27-46d4-a06d-348833e2c02d_180.png,train,RG,RR,0.9104488492012024,-0.09872578084468842,-0.5990704298019409,0.6307015743103492,0.22990316068308714,0.1393952650065636,False
img/dc802b63-1918-4879-a7eb-8b9ff76ea807_180.png,train,RG,RR,2.2150895595550537,0.3439871072769165,-1.8616478443145752,0.854031819729486,0.1314814793761445,0.014486700894369568,False
img/dc99e054-f467-4e0f-8552-574f9720334b_270.png,train,RG,RG,0.16087843477725983,1.009087324142456,-0.8590357303619385,0.27055648032004104,0.6318738473256882,0.09756967235427083,False
img/dcc92c9c-66de-4de2-a9f7-fcfc76bec751_270.png,train,RR,RR,2.2161741256713867,-0.05443001538515091,-1.5742236375808716,0.8882285207952,0.09170940274015954,0.020062076464640397,False
img/dcd0d0bf-fb71-40a4-add3-9af897fffa83_252.png,train,NoR,RR,1.875733494758606,0.3847494125366211,-1.6460217237472534,0.7970042163007587,0.1794462798919915,0.02354950380724992,False
img/dcd133d4-4527-46de-866e-f8e98dc1fb6d_0.png,train,RG,RR,0.42210400104522705,0.0038958191871643066,-0.32057905197143555,0.46859023423465523,0.3084378929709191,0.2229718727944257,False
img/dce00755-6221-4438-abe7-f1400c9457a6_205.png,train,RR,RR,2.1959786415100098,0.02781626582145691,-1.619132161140442,0.8799541100840318,0.1006558610912434,0.01939002882472469,False
img/dce6ea54-3c43-463c-bdce-0e281184a989_180.png,train,RR,RR,2.0429611206054688,-0.13001209497451782,-1.3944391012191772,0.8726103990918245,0.09933678667350455,0.02805281423467105,False
img/dcf710ad-4e9e-4aaf-8228-8e80f811f502_270.png,train,RR,RR,2.229586362838745,1.1348907947540283,-2.444244146347046,0.7440598514030204,0.24899328019876207,0.00694686839821751,False
img/dd3ef638-e290-4dc8-8b2b-0774c1eb7781_90.png,train,RG,RG,-0.10127159208059311,0.39762991666793823,-0.2273707538843155,0.2834114793613715,0.46675352800165665,0.24983499263697173,False
img/dd5bacc7-87bb-42ca-bd94-2b3dc6c52881_180.png,train,RG,RG,0.40775465965270996,1.6123919486999512,-1.473771095275879,0.22282104205546122,0.7432305081219511,0.033948449822587656,False
img/dd74cb61-82f0-476b-8ed7-141905a57982_90.png,train,RG,RR,2.1269328594207764,-0.1367110311985016,-1.4502452611923218,0.8834504416721962,0.09185316839489412,0.024696389932909846,False
img/dd79d302-ac77-4ebd-887e-dd05e4d26fbc_222.png,train,NoR,RR,1.5828509330749512,-0.10903395712375641,-1.0772820711135864,0.7973776027310313,0.14685466973355488,0.055767727535413855,False
img/dd7c29d8-5a74-4278-b913-39aff026bfdd_208.png,train,RR,RR,2.3620541095733643,-0.1363910287618637,-1.6203020811080933,0.9083853472372201,0.07468083812299438,0.016933814639785556,False
img/dd916442-2823-4b42-b43e-ab1e9fac6449_180.png,train,NoR,NoR,-0.08985668420791626,-0.08304533362388611,0.11209601163864136,0.30953765528535465,0.3116532215269265,0.37880912318771887,False
img/dda1b8a4-c0c8-49e1-b8a4-59e0aafac5eb_405.png,train,RR,RR,2.138960838317871,0.009311288595199585,-1.5645626783370972,0.8744962250202638,0.10395919100972727,0.02154458397000887,False
img/ddb3bb92-84e5-4519-bf0c-d231a60a1881_180.png,train,RG,RG,-0.1301783323287964,1.0556846857070923,-0.6825163960456848,0.2062232764360394,0.6750741023194121,0.11870262124454857,False
img/ddfbadc4-3c27-4b72-a2d5-92a5792de682_180.png,train,RR,RR,2.1755433082580566,0.26757150888442993,-1.7778065204620361,0.8564787157676317,0.12708519239642124,0.01643609183594693,False
img/de15dc09-10aa-4952-a6be-713302005eff_185.png,train,RR,RR,2.153315305709839,1.0951714515686035,-2.360421895980835,0.736346164943918,0.2555853709780018,0.008068464078080071,False
img/de3cda52-6961-4f2f-bfbe-398c9c25cfac_270.png,train,RR,RG,-0.012668952345848083,1.155609130859375,-0.8396756649017334,0.21487789296823281,0.6911438718773035,0.09397823515446367,False
img/de6f60f5-5c5f-478e-be18-2286b74492c6_360.png,train,NoR,NoR,-0.13831722736358643,-0.04633878171443939,0.12054567784070969,0.2948289319807093,0.3232331024005252,0.3819379656187654,False
img/de713d5e-c96a-46ef-a57b-8ca9622c6787_268.png,train,NoR,NoR,-0.0879901871085167,-0.04354704171419144,0.08217553794384003,0.3095067947109791,0.3235724970863257,0.3669207082026953,True
img/de72825c-8186-4ed3-b10d-547d3b644499_270.png,train,RR,RR,1.3602725267410278,-0.09525744616985321,-0.9264818429946899,0.749135289931998,0.17475580889031136,0.0761089011776907,False
img/dec1cb79-b71b-4776-8103-c2219061196a_270.png,train,RR,RR,2.3693246841430664,1.7237776517868042,-2.971165418624878,0.653949898510475,0.34291537903795044,0.0031347224515746374,False
img/df249cab-71fb-4395-bdc5-b83ad0f98713_208.png,train,RR,RR,2.2867817878723145,0.4044821262359619,-1.9571914672851562,0.8571991405718282,0.13049965712481026,0.012301202303361403,False
img/df24cfe9-29ec-4b40-849b-894fe7755bcf_90.png,train,RG,RG,-0.0794791430234909,2.054960012435913,-1.4419931173324585,0.10300442167121437,0.8706247623893139,0.02637081593947176,False
img/df2fb816-e1b6-4e63-953f-c27fe1b165dd_90.png,train,RR,RG,-0.09622462093830109,0.5662667155265808,-0.3530048727989197,0.2693126279640021,0.5223637723090957,0.20832359972690226,False
img/df307554-ec0a-4e7e-9925-beed89a9bf65_270.png,train,RG,RG,0.3313729763031006,0.824774980545044,-0.8488538265228271,0.3395484418077658,0.5561392023197471,0.10431235587248712,False
img/df49a74d-dbf3-4291-b0b1-97ca26aef483_0.png,train,RG,RG,0.7905279397964478,1.7812185287475586,-1.8723700046539307,0.26575675380024316,0.7157078263780312,0.01853541982172546,False
img/dfa80e30-19a6-4212-904a-7dda537301bb_355.png,train,RR,RR,2.2266499996185303,-0.11720898747444153,-1.536377191543579,0.8935193124202593,0.08573909977343355,0.02074158780630715,False
img/dfbd9fc2-5d31-4097-b8bd-0728c463a7ed_90.png,train,RG,RG,0.05672018229961395,0.8913054466247559,-0.6986021399497986,0.26499068873976056,0.6105010130109383,0.12450829824930114,False
img/e0118d21-99f9-4c07-b998-b2c42ec6ec4c_90.png,train,NoR,RG,-0.12424135208129883,1.99762761592865,-1.368188738822937,0.10378862918184202,0.8662949047769212,0.029916466041236888,True
img/e0173ee9-179d-4253-8983-c26f42cbb1fd_0.png,train,RG,RG,0.30386632680892944,2.392301082611084,-1.9629056453704834,0.10898094046506444,0.8797235977099737,0.011295461824961958,False
img/e02b3d2c-827f-4158-95e7-d2381ec86ab2_0.png,train,RG,RR,2.0433669090270996,0.05992777645587921,-1.532131314277649,0.8579296871621892,0.11804701931441104,0.02402329352339968,False
img/e05d4cde-abb2-49d8-af97-ce23d140410e_75.png,train,NoR,RR,1.6228986978530884,-0.07150006294250488,-1.1333595514297485,0.8017711552836616,0.14729309773458774,0.0509357469817507,False
img/e06bf995-cbf2-421b-8c61-756b6457b09b_270.png,train,NoR,RR,0.9471725821495056,0.2531483769416809,-0.8801348209381104,0.6022617002987665,0.3008668667484607,0.09687143295277278,False
img/e081bc66-f4ea-4d67-9299-83c9f9426f6d_90.png,train,RG,RR,0.8194289207458496,0.815539538860321,-1.194690465927124,0.4695814458762785,0.46775861145437575,0.06265994266934576,False
img/e0984ee7-3d12-4cb7-9715-28e8ef087215_0.png,train,NoR,RR,0.4546494483947754,0.18974514305591583,-0.47852623462677,0.4628382342128676,0.35512622922262155,0.18203553656451082,False
img/e0af9bdc-3e44-428e-be16-31cc6bf379ed_180.png,train,RR,RR,1.6587337255477905,1.442551851272583,-2.2544801235198975,0.5477756291589815,0.4412818967953459,0.010942474045672595,False
img/e0b8c6f1-413c-4b44-acde-fe95fcb0eb4c_180.png,train,RR,RG,0.6378892064094543,1.0607777833938599,-1.2409672737121582,0.3732556490111736,0.5697240654686248,0.05702028552020156,False
img/e0bf7ed4-6383-4193-ae3e-8c471574054e_0.png,train,RG,RG,0.814777135848999,1.2998909950256348,-1.5417014360427856,0.3677669549151133,0.5973859112477756,0.03484713383711098,False
img/e0bf7ed4-6383-4193-ae3e-8c471574054e_90.png,train,NoR,NoR,-0.14867043495178223,-0.13817086815834045,0.19445332884788513,0.2924063767974025,0.29549269121045596,0.4121009319921415,False
img/e10da148-3057-4d2e-bb56-2e46f96a1f86_360.png,train,RG,NoR,-0.13115523755550385,-0.09296833723783493,0.14910361170768738,0.29740681439300687,0.3089834906971527,0.3936096949098405,False
img/e181dbca-f992-4951-8346-c2509e70189a_270.png,train,RG,RG,-0.1342548131942749,1.9697493314743042,-1.340789556503296,0.1052834787968628,0.86321229295241,0.031504228250727254,False
img/e19f60f9-8e0f-4592-823c-6d9dc86a45ed_415.png,train,NoR,RR,2.194202423095703,1.453072428703308,-2.648853302001953,0.6736465370969039,0.3210431549814497,0.005310307921646358,False
img/e1a3dfa7-590f-4337-b65e-9d300e3c3974_360.png,train,RR,RR,2.384243965148926,-0.13015036284923553,-1.6408438682556152,0.9101054626743931,0.07363836531924592,0.016256172006361043,False
img/e1b76996-ea3a-49ce-846f-4ad346018b44_125.png,train,RG,NoR,-0.1278354525566101,-0.1267451047897339,0.17113925516605377,0.2985460990578755,0.29887179565930666,0.4025821052828178,False
img/e1e0ab95-d858-4165-9ebc-2976ec5b6fc1_270.png,train,RG,RG,-0.13567836582660675,1.9667409658432007,-1.337585210800171,0.10541216706064281,0.862898782111104,0.03168905082825308,False
img/e22932d6-cf35-430f-a54e-9a55560183cc_270.png,train,RR,RR,2.3292901515960693,-0.11824297904968262,-1.6097650527954102,0.904180941650311,0.07821773142474572,0.017601326924943147,False
img/e22aeee9-1f1f-4cca-8bc6-14c2f024a0a1_180.png,train,RR,RR,1.466352105140686,0.06575100123882294,-1.119572639465332,0.7565583197227949,0.18645287344678532,0.05698880683041986,False
img/e2527d6d-66f7-41b6-8ccd-c1e32a3ce6da_172.png,train,RR,RR,0.4910099506378174,-0.1174485832452774,-0.2825707197189331,0.49861703387809114,0.2713419408963679,0.23004102522554107,False
img/e273536f-1018-44c7-b135-becf900e8014_410.png,train,RR,RR,2.3800106048583984,-0.1382380872964859,-1.6319358348846436,0.9101675763079362,0.07336008893021885,0.016472334761845023,False
img/e2ab0eb4-9dc1-409d-b4b6-8404a4516e74_270.png,train,RG,RG,0.9386311173439026,2.1854758262634277,-2.271775484085083,0.22125423624465682,0.769820321943712,0.008925441811631194,False
img/e2ec9729-3cb6-427b-85f0-001a8054daad_338.png,train,RR,RR,2.2014758586883545,-0.13473424315452576,-1.505516767501831,0.8918660169520811,0.08623756005342699,0.02189642299449173,False
img/e2fc2755-b867-4c98-95e6-b4ca793f8e13_90.png,train,RG,RG,-0.1508115530014038,1.864289402961731,-1.2525432109832764,0.11320182522925964,0.8491817557339568,0.03761641903678357,False
img/e32b01c7-6c25-403a-b44b-7ef7835b2e29_270.png,train,RR,RR,1.4474505186080933,-0.03534993529319763,-1.0327856540679932,0.7629368096952227,0.17318748841488704,0.0638757018898903,False
img/e32e2af4-9394-4bf9-8dc1-ef79c8d6f059_180.png,train,RR,RR,1.0454955101013184,0.6566001772880554,-1.243001937866211,0.5620427956947168,0.3809555353142707,0.057001668991012555,False
img/e342b36d-cea2-4b15-bc97-c03077a8e740_0.png,train,RG,RG,-0.1189984679222107,2.378174304962158,-1.6472560167312622,0.07482222300450393,0.9089478417610128,0.01622993523448316,False
img/e344ae89-f1d9-439f-a9bb-bb8563f8e575_270.png,train,NoR,NoR,-0.12090148031711578,-0.06632119417190552,0.12242138385772705,0.30015809679189104,0.3169961444856928,0.38284575872241616,True
img/e34b86d3-c4f7-4e67-a2f7-a3e2664d8719_180.png,train,RG,RG,1.0824298858642578,1.8207820653915405,-2.1118271350860596,0.3191338343160626,0.6677826441899702,0.01308352149396707,False
img/e34e5d6b-bf69-4749-8a19-c07d53d3dbbd_230.png,train,RR,RR,1.971866488456726,-0.12870356440544128,-1.3440351486206055,0.8630451404561722,0.1056251962106816,0.03132966333314627,False
img/e36d9057-3d3d-4618-a7b0-a97624aebf58_90.png,train,RG,RG,-0.006995022296905518,1.2640411853790283,-0.9222116470336914,0.20141091848341763,0.7179381328707338,0.08065094864584843,False
img/e3980c7a-b9e4-4e0c-b250-f78276aa0836_180.png,train,RR,RR,1.9176281690597534,-0.13011464476585388,-1.3038386106491089,0.8554888503244827,0.11038014222204987,0.03413100745346736,False
img/e39dfddd-5422-4990-91e2-1b90076f5ac2_90.png,train,NoR,NoR,-0.10092835873365402,-0.08953653275966644,0.12478858232498169,0.3063089373984596,0.30981830661738685,0.38387275598415355,True
img/e3bc39b8-1535-4b3d-8f1f-b354a3df0515_360.png,train,RR,RG,-0.08792594075202942,1.2018376588821411,-0.8187592029571533,0.195563238580596,0.7102715756063818,0.09416518581302219,False
img/e3d7df87-2457-466b-96b8-76f2bed5737c_90.png,train,RG,RG,0.5101245045661926,0.7324066162109375,-0.9111466407775879,0.4015531074282802,0.5015091782516198,0.09693771432010007,False
img/e3dc6ee6-bd07-4591-9595-6ec4c04bd38b_221.png,train,NoR,RR,1.9210275411605835,0.9078763723373413,-2.057157516479492,0.7236975801761764,0.262755102550124,0.013547317273699512,True
img/e3e46b8e-a6ac-496d-916b-fc0f6bd9beec_360.png,train,RG,RR,0.18491552770137787,0.010902047157287598,-0.15432865917682648,0.39175833520386605,0.3291888760285721,0.2790527887675618,False
img/e3ec9300-98bf-4f8e-a90f-b75a24ea3d1b_270.png,train,NoR,RG,-0.025840774178504944,0.11212007701396942,-0.07532103359699249,0.3226165955966119,0.3703414651470631,0.30704193925632495,True
img/e4245343-ae14-4f42-9c4b-00083ae3ce5b_0.png,train,RG,RG,0.03719048202037811,1.1548798084259033,-0.8751609325408936,0.2242474590341452,0.685699507693977,0.09005303327187791,False
img/e44eed0a-490d-4556-8f0f-0444c0dbcad4_90.png,train,RG,RG,-0.14045949280261993,2.4157533645629883,-1.658939003944397,0.07089199564655686,0.9135794892225221,0.01552851513092091,False
img/e469ac57-da96-464c-88bb-b5a5990fd7a7_0.png,train,RR,RR,1.8331674337387085,-0.1165156289935112,-1.2526708841323853,0.8417431297764384,0.11979618416248619,0.03846068606107554,False
img/e469ac57-da96-464c-88bb-b5a5990fd7a7_90.png,train,RR,RR,2.288700819015503,0.2704453468322754,-1.8616178035736084,0.8705898770028618,0.11569015377718428,0.01371996921995393,False
img/e47ec39a-d93c-48d6-bed2-db35eacf679e_90.png,train,RR,RG,-0.025203660130500793,0.02657032012939453,-0.013896092772483826,0.3263165033070943,0.34365620710037437,0.3300272895925313,False
img/e48c5197-a245-4fbd-835a-e77e94a9389f_180.png,train,RR,RG,0.007618233561515808,1.6487236022949219,-1.2110388278961182,0.15488272590392058,0.7993297725432599,0.04578750155281959,False
img/e49c42ad-2f67-4e7e-afda-c5ebdcb28038_217.png,train,RR,RR,2.0246074199676514,1.8635469675064087,-2.823286533355713,0.5378988779181495,0.4578813689367641,0.004219753145086423,False
img/e4a3e005-4501-41ab-a799-f8302962f14f_127.png,train,RR,RR,0.19308091700077057,-0.054602913558483124,-0.11284135282039642,0.3972903890602281,0.3101275428246985,0.29258206811507337,False
img/e4b82c2b-10ad-461a-97bd-1b629080a50a_270.png,train,RG,RG,-0.13046354055404663,1.6728169918060303,-1.1287325620651245,0.13444396775975012,0.8160111736098831,0.049544858630366825,False
img/e4e63d88-ee27-4d80-99a0-9d4b63f1b54c_180.png,train,RR,RR,1.2067880630493164,1.0390793085098267,-1.6361801624298096,0.5252507527473821,0.44415207644651317,0.030597170806104735,False
img/e513f772-1e45-46c3-8364-1936d3783eb8_119.png,train,RR,RR,1.0222991704940796,0.9177080392837524,-1.415128231048584,0.5029983524408135,0.4530469504176318,0.043954697141554706,False
img/e586bb9a-2ea0-4d70-ad5e-7b74332ee123_270.png,train,RR,RR,1.9214574098587036,0.03601433336734772,-1.42677903175354,0.8425252242426778,0.1278631466352567,0.029611629122065653,False
img/e5934cfe-3307-4501-8d42-f91f91a0ff42_180.png,train,NoR,NoR,-0.07107395678758621,-0.11463317275047302,0.12137952446937561,0.3154976245740833,0.30204980980568635,0.3824525656202303,True
img/e59c512c-2bf1-44ef-9d4e-e2095d5f60ff_180.png,train,RG,RG,1.6460245847702026,2.1002213954925537,-2.721046209335327,0.3864590501312845,0.6086374210264528,0.004903528842262708,False
img/e5c5d014-1e1a-4f97-a77d-ebce42c76eb3_270.png,train,RG,RG,1.663436770439148,2.2916207313537598,-2.872077703475952,0.3466294318170108,0.649654218882596,0.003716349300393292,False
img/e5d7de28-727a-41c5-a2fd-e394186cf7e1_231.png,train,RR,RR,1.546347975730896,-0.07150905579328537,-1.0780612230300903,0.7869022873677405,0.15606101472611,0.05703669790614949,False
img/e62f0d95-41b9-4c20-8c52-bc6425ace2ad_51.png,train,RR,RR,1.9742127656936646,-0.12453775107860565,-1.348743200302124,0.8630691926688796,0.10582050905108772,0.031110298280032676,False
img/e636bb86-0759-4192-8f94-22aade7c113b_180.png,train,RG,RG,0.026191413402557373,2.388260841369629,-1.7594215869903564,0.08488542376354281,0.9008797802177795,0.014234796018677791,False
img/e67fa502-06cb-44a7-8659-58b3ed626b12_174.png,train,RR,RR,1.9335683584213257,-0.11316916346549988,-1.3276100158691406,0.8565319494278496,0.11062588435779068,0.03284216621435971,False
img/e6a1fa20-5947-4581-b56e-f97b5461c913_270.png,train,RR,RR,0.09500117599964142,0.08963192999362946,-0.14633627235889435,0.3596835547949677,0.35775750066133943,0.28255894454369285,False
img/e6aace60-26c0-44a7-ad9d-9bcbd2dacbd2_360.png,train,RR,RR,2.199521541595459,-0.1276773065328598,-1.5092099905014038,0.8912042285639578,0.08695361067642296,0.02184216075961931,False
img/e6c6e2b5-931c-4f8b-9450-e64cb403a2f8_90.png,train,RG,RG,-0.09639082849025726,2.0955045223236084,-1.4591072797775269,0.09796114397673202,0.876964279163357,0.02507457685991121,False
img/e6c6f26b-fb53-4a19-83b4-a2870372343a_231.png,train,RR,RR,2.037814140319824,0.20496393740177155,-1.6330370903015137,0.8435887003312257,0.13493792407421865,0.021473375594555724,False
img/e6f8d56a-f297-427e-9d3d-472826c92069_180.png,train,RG,RG,0.25338441133499146,2.1217808723449707,-1.7307538986206055,0.13131287387993174,0.8506317314123417,0.01805539470772638,False
img/e7822da5-d30d-4d24-aac4-8d3b98191697_90.png,train,RR,RG,-0.07870028913021088,0.3308705687522888,-0.1953812688589096,0.29446057939920905,0.4435080692166903,0.2620313513841005,False
img/e79be125-24f2-4509-9053-85c0989bd55d_0.png,train,RR,RR,1.7392430305480957,1.5196104049682617,-2.3683736324310303,0.5496738609732126,0.4412856934801999,0.009040445546587358,False
img/e7c19ca0-1db7-4168-bee2-bdda130e51aa_0.png,train,RG,RR,0.5616187453269958,-0.05476796627044678,-0.3789125680923462,0.5180509554304827,0.2796914119917565,0.20225763257776064,False
img/e81c492a-6a9a-44de-a388-443571ed8224_90.png,train,RR,RR,0.297412633895874,0.14859555661678314,-0.33518898487091064,0.4178968975147492,0.36011292692277846,0.2219901755624722,False
img/e83badac-e538-4bbc-bb06-695425359f99_392.png,train,RR,RR,2.0981297492980957,0.7248207330703735,-2.05265736579895,0.7880099444740996,0.19957731267046858,0.012412742855431936,False
img/e84f760f-b66d-4dbc-8dcb-c0d1ba668aac_0.png,train,RG,RG,1.2085968255996704,2.305955410003662,-2.5539214611053467,0.24878924085653792,0.7454325844890133,0.005778174654448789,False
img/e8747642-7654-4e3a-a0fb-447f686d6e63_0.png,train,RG,RR,1.4564988613128662,0.5167690515518188,-1.4387139081954956,0.6915530544740331,0.27021287172288866,0.03823407380307813,False
img/e8747642-7654-4e3a-a0fb-447f686d6e63_180.png,train,RG,RG,0.05466923117637634,2.042710304260254,-1.5300257205963135,0.11756092794707133,0.8583378684052126,0.024101203647716105,False
img/e8747642-7654-4e3a-a0fb-447f686d6e63_270.png,train,RG,RG,-0.07745574414730072,2.433302164077759,-1.7171403169631958,0.0740285556055267,0.9116068517789027,0.01436459261557078,False
img/e8747642-7654-4e3a-a0fb-447f686d6e63_90.png,train,RG,RG,0.028336837887763977,1.7656522989273071,-1.3105876445770264,0.14400513879581742,0.81824716286999,0.037747698334192566,False
img/e87ebaa3-4020-4c75-8fe2-d54e72c7747d_90.png,train,RG,RG,-0.014598309993743896,1.2647382020950317,-0.9172240495681763,0.20000969230635557,0.7188856746256966,0.08110463306794774,False
img/e881e681-a1eb-4645-88c5-1dceffce824a_360.png,train,RR,RR,1.822113037109375,0.050644710659980774,-1.3656071424484253,0.8255259829810917,0.14040799183338867,0.03406602518551964,False
img/e89f3751-a68d-4279-bd79-a75efd81b062_0.png,train,RG,RR,0.4428257942199707,-0.09371200203895569,-0.2649384140968323,0.48134453388598936,0.2814755264747215,0.23717993963928902,False
img/e8c2692a-4be7-4bd0-8ce0-ab7221db433d_137.png,train,RR,NoR,-0.08485738188028336,-0.09816081076860428,0.11941933631896973,0.31119471225257306,0.30708217162694046,0.3817231161204865,False
img/e8e454ad-5ee6-4a9a-bb1e-90bdea1f747c_180.png,train,RR,RR,2.3265206813812256,-0.1228223443031311,-1.604452133178711,0.9041796763505587,0.07807618431414091,0.017744139335300366,False
img/e8fe77a2-40f1-4d46-a69b-8a32cc67571e_26.png,train,RR,RR,2.2806496620178223,0.05846227705478668,-1.7024579048156738,0.8873118705840636,0.09615958327449285,0.016528546141443553,False
img/e93318e2-caa5-444e-9cb8-1892573111c3_180.png,train,RR,RR,1.5071396827697754,0.5206145644187927,-1.4780728816986084,0.702543757330365,0.26195757650975166,0.03549866615988326,False
img/e93cb3dc-d514-4f47-abcc-53b845e68ff3_180.png,train,RR,RR,2.124001979827881,0.34385818243026733,-1.7957632541656494,0.8414252834076429,0.14187599799261827,0.016698718599738906,False
img/e942a470-66d1-41de-b222-adaaac897b28_270.png,train,RR,RG,1.119309663772583,1.8571091890335083,-2.164743185043335,0.3196108831325007,0.6684113590241737,0.011977757843325703,False
img/e96199fb-e7d4-4464-8deb-b0af58bc0fc4_90.png,train,RG,RR,0.438983678817749,-0.054362282156944275,-0.2906281352043152,0.4778570384769469,0.2917699484847956,0.23037301303825744,False
img/e962de19-b425-422b-b009-e0fbba8002a3_270.png,train,RR,RR,2.2035887241363525,-0.009494379162788391,-1.5976390838623047,0.8836215051430639,0.09663545530758721,0.01974303954934898,False
img/e97c4929-67ff-49ed-8b8f-f09fc98b33e2_463.png,train,RR,RR,2.249354600906372,0.35492944717407227,-1.894312858581543,0.8574348760423613,0.12896229516785682,0.013602828789781874,False
img/e9a37e26-857a-4d6e-a68d-70b591f14753_90.png,train,RR,RR,1.462249755859375,-0.10798320174217224,-0.9909332990646362,0.7727879309436566,0.16073735666550362,0.06647471239083971,False
img/e9a5232c-a441-4713-866a-d49ab78dcc71_180.png,train,RR,RG,-0.0223570317029953,0.831724226474762,-0.5983856320381165,0.2556667620845457,0.6006162095356471,0.14371702837980718,False
img/e9a5a586-b775-40db-9e7c-85a5fb93c296_0.png,train,RG,RG,-0.08151368051767349,1.6702911853790283,-1.1622613668441772,0.1407590279911941,0.8114755628067979,0.04776540920200791,False
img/e9e10851-b8ec-44a2-b682-3ea70bb812a3_180.png,train,RR,RR,2.2307612895965576,0.07010906934738159,-1.674849033355713,0.8807634786665258,0.10150792766226194,0.017728593671212305,False
img/e9e922e1-b3c9-4bd9-bdc0-bc2abe6b3e14_180.png,train,RR,RR,1.0279769897460938,0.6824206709861755,-1.2490265369415283,0.5523587409716371,0.3909741360128314,0.05666712301553152,False
img/ea13435a-3e2b-461e-bc5d-adccd1f48b97_270.png,train,RG,RG,-0.13765642046928406,2.322446584701538,-1.593467354774475,0.07728436094038621,0.9046920629563083,0.018023576103305388,False
img/ea198e76-11ae-4baf-8ebb-06d2df3f2917_270.png,train,RR,RR,2.264946937561035,1.2212308645248413,-2.5322413444519043,0.7350797687502573,0.2588536772108601,0.0060665540388827165,False
img/ea30dfa3-5f1e-4235-9f64-5db92472ee9a_270.png,train,NoR,RR,0.7283668518066406,-0.1257094442844391,-0.44803518056869507,0.5766804772576426,0.24547915896895683,0.17784036377340054,False
img/ea32883e-8139-4fbe-8b9d-abcdd0b40d47_90.png,train,RG,NoR,-0.14306426048278809,-0.13453075289726257,0.18777084350585938,0.2940570852745131,0.29657716089168007,0.40936575383380697,False
img/ea516f25-d0f0-4071-8a79-b959ebf439a6_270.png,train,RR,RR,0.4519844055175781,-0.017810598015785217,-0.32645928859710693,0.4797888027904045,0.29993056844576865,0.22028062876382692,False
img/ea52e469-c559-479c-b3d2-21330531fb45_180.png,train,RG,RG,1.0847281217575073,2.3445518016815186,-2.4923722743988037,0.21964714819131329,0.7742122546732484,0.006140597135438446,False
img/eaa56300-44f5-49cb-927a-3d2694658086_360.png,train,RG,RG,-0.14940708875656128,0.06807567179203033,0.045790448784828186,0.28914310313143166,0.3593886856557698,0.3514682112127986,False
img/eaa699e1-f29b-4a60-817d-637a50ad6b11_112.png,train,NoR,RR,0.9492730498313904,-0.004458293318748474,-0.6953040361404419,0.6335550295004441,0.24410916399480112,0.12233580650475484,True
img/eaafb3d5-a8f7-4983-8ed6-4fc7af90e79e_180.png,train,RR,RR,0.709139347076416,-0.1220216155052185,-0.4368150234222412,0.5702998007210444,0.24839028181165407,0.18130991746730146,False
img/eac59062-9f0f-453e-8f15-659dfba49384_180.png,train,RG,RR,0.5151525139808655,0.28608953952789307,-0.5919206738471985,0.47041039119481654,0.3741072466334918,0.1554823621716917,False
img/eac9a5a1-8c97-4d8e-82cf-3a46029d1566_360.png,train,RR,RR,0.42567336559295654,0.16476736962795258,-0.4395286440849304,0.456345980625664,0.3515476469630673,0.19210637241126868,False
img/eae1a0cb-51d4-4253-860a-390f633b188f_0.png,train,RG,RG,-0.08033160120248795,2.1510353088378906,-1.5108765363693237,0.0947708712162654,0.882561969231408,0.02266715955232671,False
img/eb0bc270-4dc4-4497-9b07-513f751888cb_180.png,train,RG,RR,0.8508797287940979,0.6684028506278992,-1.1109710931777954,0.5066364647229634,0.4221314828024591,0.07123205247457741,False
img/eb1573c2-d9e4-4f52-8d78-200c68c27864_0.png,train,RR,RR,0.9800617098808289,0.571923553943634,-1.134486436843872,0.5600437383570103,0.3723658091229641,0.06759045252002564,False
img/eb3f0d2e-fed5-4f65-abaa-14daa17c0926_0.png,train,RG,RR,0.43828630447387695,0.143656387925148,-0.4333674907684326,0.46230665038507684,0.344329311310086,0.19336403830483712,False
img/eb55d375-b5ad-435c-b82d-fa9d47503c99_270.png,train,RR,RR,1.6170037984848022,-0.04860293120145798,-1.1456650495529175,0.7985951225372186,0.15099509568913586,0.05040978177364561,False
img/eb564fb0-d049-4ba2-852f-12280dae91ad_270.png,train,NoR,RR,0.3698934316635132,0.08088631927967072,-0.33856141567230225,0.44614747299384483,0.33416752594578325,0.21968500106037187,True
img/eb5e369a-24c7-40b2-afe8-ac576c360085_360.png,train,NoR,RG,-0.14115792512893677,1.9663807153701782,-1.3333667516708374,0.10491512245253201,0.8632378885963241,0.0318469889511439,False
img/eb600b09-4b9d-4f34-b6a2-ffbef5e2f727_175.png,train,RR,RR,2.310713529586792,-0.12910807132720947,-1.5884876251220703,0.9029879498376002,0.07871924075576142,0.018292809406638348,False
img/eb98d26d-df8a-4c5a-b81d-2333051bbae5_180.png,train,RR,RR,1.4040201902389526,1.2054615020751953,-1.8989965915679932,0.5385946949073733,0.44160006510079575,0.019805239991830908,False
img/ebbc37d7-76d4-4842-8e8b-37cadce05177_270.png,train,RR,RR,0.8581008315086365,-0.0750930905342102,-0.5783554911613464,0.6130965802669103,0.24112815483035457,0.14577526490273512,False
img/ebf6f00e-ed99-495b-89a9-6563f866094f_90.png,train,RR,RR,2.055665969848633,-0.13617411255836487,-1.3991583585739136,0.8746581190616587,0.09770893482714008,0.027632946111201206,False
img/ec1ecf18-312e-41e4-a7eb-10a2d13f766c_0.png,train,RG,RG,0.41570913791656494,1.8255048990249634,-1.6336784362792969,0.1914266619773128,0.7839149483380814,0.02465838968460579,False
img/ec32fef7-47c7-4d03-97d0-90fb9cbfb482_270.png,train,NoR,NoR,-0.1557394117116928,-0.10857470333576202,0.17814983427524567,0.2903024632989505,0.304322521414197,0.4053750152868526,False
img/ec34d6a0-d264-4dc6-9e8f-fc3ed4ab1ef0_245.png,train,RR,RG,0.8315815329551697,1.3324480056762695,-1.577390193939209,0.3649557571949893,0.6022319112696971,0.03281233153531357,False
img/ec4bf2d5-d94c-4bb1-b73e-51ef6213a5fa_270.png,train,RR,RR,1.4279189109802246,-0.13563500344753265,-0.9461338520050049,0.7677583099141451,0.16076136630145396,0.071480323784401,False
img/ec4f11e1-0a5e-48bc-b6f6-1ba9b30aaec8_0.png,train,RR,RR,1.0212345123291016,0.35955291986465454,-1.0106000900268555,0.6071358896736327,0.3132717561950933,0.07959235413127395,False
img/ec644272-d1a0-44be-9e3e-1808b278b9c5_270.png,train,RR,RR,2.314870834350586,-0.09400555491447449,-1.6168830394744873,0.901286165055627,0.08104028900948457,0.017673545934888485,False
img/ecbaad7d-df7b-448c-a2c8-7f5206728749_451.png,train,RR,RR,1.957548975944519,1.456432580947876,-2.4803519248962402,0.6181712801141226,0.37452148695183657,0.007307232934040819,False
img/ecbb1d92-3335-4e06-bdcf-e3f50e2069d6_0.png,train,RG,RG,0.4539165496826172,2.1061856746673584,-1.8643145561218262,0.15829657422340712,0.8261195119105502,0.015583913866042857,False
img/ecbb1d92-3335-4e06-bdcf-e3f50e2069d6_270.png,train,RG,RG,-0.07291851937770844,1.549647331237793,-1.08119797706604,0.15549878022790536,0.7877680848782539,0.056733134893840666,False
img/ecd95c0d-4ad7-4f76-a12e-1ffaa9ebf982_180.png,train,RR,RG,1.6785789728164673,2.169133424758911,-2.7944095134735107,0.3781240607193722,0.6175603500965908,0.004315589184036969,False
img/ece0c0f1-c188-46a8-9586-59a7afe434c2_270.png,train,RR,RR,2.211294174194336,0.49546414613723755,-1.968482255935669,0.8367386252613415,0.150457660343927,0.012803714394731523,False
img/ece68261-9ac5-46b1-8974-e55b6cab12d2_270.png,train,RR,NoR,-0.1587073802947998,0.005051225423812866,0.09809866547584534,0.288124297720524,0.339390235349253,0.37248546693022294,False
img/ed18c0b1-239d-401a-9182-e2901c8abef6_186.png,train,NoR,RR,0.08901967108249664,-0.002126440405845642,-0.07563962042331696,0.36217883009627466,0.33062737440353174,0.3071937955001935,True
img/ed8c67d4-bea7-4f1e-8dff-8b6491761d8d_270.png,train,RR,RR,0.8122013211250305,-0.04826465994119644,-0.5646100044250488,0.5968912786356608,0.25246408548695465,0.15064463587738453,False
img/ed8d86d7-8b18-417d-a3f2-09769d6ab2fa_179.png,train,RR,RR,1.3407541513442993,0.0971725583076477,-1.0515843629837036,0.7247609576377473,0.20898454332504876,0.06625449903720396,False
img/eda1e3a0-300b-401c-aa4b-f387944f5a90_140.png,train,RR,RR,2.1489264965057373,-0.01156654953956604,-1.556658148765564,0.8773052516488343,0.10112546253081213,0.021569285820353435,False
img/edc59e42-f604-4a9d-85d8-0e6904cf772a_270.png,train,RR,RR,1.635733962059021,-0.12947332859039307,-1.1006935834884644,0.8090924261240088,0.1384772243883529,0.052430349487638264,False
img/edd7d7f5-eedf-4be7-9a21-e607ef1a7865_90.png,train,RG,RR,0.7881418466567993,-0.12215227633714676,-0.4937831163406372,0.5952705326804227,0.23954034457182583,0.1651891227477514,False
img/edd8b6f5-d14e-4e93-aead-b6921b7c5e8d_284.png,train,RR,RR,1.7739181518554688,-0.1313343644142151,-1.1991561651229858,0.8333813242091963,0.1239946963490081,0.04262397944179564,False
img/edf0186f-7e32-485e-bbe3-1ebe9164b5b1_270.png,train,RR,RR,1.6103498935699463,-0.10142149776220322,-1.1026510000228882,0.80199978437859,0.14479760614681494,0.053202609474595125,False
img/edf494f0-e40a-4354-92ae-e30f55a5aef0_90.png,train,RG,RG,1.77828049659729,2.245225429534912,-2.921466588973999,0.38399344217845216,0.6125131476375798,0.0034934101839681547,False
img/ee0fd078-0208-4fb7-a3e7-01a01383c1a2_90.png,train,RG,RG,-0.0755210667848587,2.202277183532715,-1.5514185428619385,0.09104357234567054,0.8881462800604761,0.020810147593853186,False
img/ee137548-bff9-4d0b-8a4e-eb628973a731_232.png,train,RR,RR,0.7271265983581543,-0.12719827890396118,-0.4460623264312744,0.5763857566318189,0.24529272067942529,0.17832152268875592,False
img/ee504dd6-e7f4-4c67-8a91-ab9a0dd49fae_0.png,train,RG,RR,0.6593458652496338,-0.08835425972938538,-0.4252040982246399,0.552026244680009,0.2613591368822954,0.1866146184376954,False
img/ee5ea30b-fcda-4c61-8396-62be0fe529f8_224.png,train,RR,RR,0.6734133362770081,-0.13609956204891205,-0.4008268117904663,0.5597123527126759,0.24911386910294842,0.19117377818437573,False
img/eeb1f70a-8773-4914-bf22-2aedbae8c0cb_277.png,train,RR,RR,2.185147285461426,1.2060121297836304,-2.4635939598083496,0.7219124771769169,0.2711761888864212,0.006911333936661774,False
img/eeb62b1c-576f-49fc-96f1-cef8779f8fff_270.png,train,RR,RR,2.3488662242889404,-0.09877927601337433,-1.637984275817871,0.9049322723338086,0.07827393047214769,0.016793797194043864,False
img/eebe44d2-c40f-486c-8914-25eaad3db683_90.png,train,RG,RR,1.1519221067428589,0.336852490901947,-1.0885730981826782,0.6455718271988098,0.28573558693915074,0.06869258586203957,False
img/eec94c33-28cb-45a9-aedf-e1669c5e8f14_180.png,train,RR,RR,2.349884271621704,-0.012383699417114258,-1.701216697692871,0.8995964639756092,0.08474767551863323,0.015655860505757485,False
img/eec94c33-28cb-45a9-aedf-e1669c5e8f14_360.png,train,RR,RR,2.41353440284729,0.6275964379310608,-2.2101402282714844,0.8492883443343391,0.14237448320223803,0.008337172463422802,False
img/efa19392-f789-427e-ad4d-e1b54d7cec14_0.png,train,RG,RG,0.5036863684654236,2.3625011444091797,-2.085676670074463,0.13349004077419452,0.8564891501791609,0.010020809046644584,False
img/efd656a3-1fd6-4ab5-9513-ffd79362716c_180.png,train,RG,RG,-0.040005624294281006,2.17043399810791,-1.554036259651184,0.09671417357805412,0.8820066421843211,0.021279184237624774,False
img/efe0eb31-b6e8-490a-a566-8f570f4eb2b0_180.png,train,RG,RG,0.00832793116569519,2.2359426021575928,-1.636334776878357,0.09550380546495686,0.8860565417879365,0.01843965274710667,False
img/efeb4b67-bfd3-42bd-b63f-f24158f42c9f_180.png,train,RR,RR,2.2597625255584717,-0.12009848654270172,-1.5582038164138794,0.8972344600031461,0.08305110973257072,0.01971443026428315,False
img/eff1bf22-055b-4b82-b516-c309bf9bacd3_90.png,train,NoR,NoR,-0.16266247630119324,-0.13617821037769318,0.20311816036701202,0.2883109744846042,0.29604869059227956,0.4156403349231163,True
img/f0014c74-3521-4c27-b185-f8f1bd5d8aa3_128.png,train,RG,RR,0.4883638620376587,-0.04285717010498047,-0.334617555141449,0.4933381582979817,0.29002694319485123,0.21663489850716705,False
img/f006fdcf-1489-4bfc-a2fb-aa361866b24e_331.png,train,RR,RR,1.769026756286621,-0.1271137148141861,-1.1986762285232544,0.8322456650142275,0.12495918907409621,0.042795145911676206,False
img/f011ca5a-1f17-42c1-91cd-49d78ef7daaa_360.png,train,NoR,RG,-0.027545079588890076,0.8151085376739502,-0.5826189517974854,0.2566371667190729,0.5960454377388085,0.14731739554211867,False
img/f03cc9b4-5573-4a0f-9700-42f2a1fbab0b_438.png,train,RR,RR,1.280310869216919,-0.1295088231563568,-0.8439496755599976,0.733294475225257,0.1790612038899426,0.08764432088480034,False
img/f04008b1-2e4f-4c4e-bd1d-fe67995ae438_180.png,train,RR,RR,0.8656501173973083,-0.12346794456243515,-0.5488148331642151,0.6192103182624737,0.23028713055325886,0.1505025511842673,False
img/f04008b1-2e4f-4c4e-bd1d-fe67995ae438_360.png,train,RR,RR,0.9889773726463318,-0.08777716010808945,-0.6637106537818909,0.6526419017705194,0.22235474495949206,0.12500335326998868,False
img/f0671ff8-3aee-40ea-aa35-7132f84bb3f0_270.png,train,RG,RR,1.450700044631958,-0.03961111605167389,-1.0320502519607544,0.764049477805061,0.17214228753022207,0.06380823466471693,False
img/f0fd627c-6382-457c-a60a-ee1e3ccbc0f5_335.png,train,RG,RG,0.17684243619441986,2.385521650314331,-1.8662536144256592,0.09772008116664875,0.8896127815239501,0.012667137309401376,False
img/f10f1ec7-f816-4b53-9d9d-23ea696c6fea_90.png,train,RG,RR,1.0947809219360352,0.13985516130924225,-0.9047964811325073,0.6577938168059674,0.2531458420098468,0.08906034118418572,False
img/f119d0a5-acba-4a45-bd41-da670ce1ebf6_270.png,train,RR,RR,1.8598133325576782,-0.10387192666530609,-1.2810630798339844,0.8448906221470426,0.11857218349138138,0.03653719436157603,False
img/f164a5e8-2716-42f9-8d27-0d39cd9be3ee_0.png,train,RG,RG,0.37187349796295166,2.059830904006958,-1.7715237140655518,0.15324078139206804,0.8287908447091172,0.017968373898814644,False
img/f172d5ea-dbf1-4950-a5ad-a43048923a3d_261.png,train,RR,RR,1.8379257917404175,-0.12522689998149872,-1.2498061656951904,0.843155882297973,0.11839176444087242,0.038452353261154586,False
img/f17da8f5-e1a9-42c8-8430-2131086a8aec_281.png,train,RR,RR,2.327475070953369,0.020208880305290222,-1.70860755443573,0.8950952584870965,0.08909150218537497,0.01581323932752852,False
img/f1ae2d66-4044-4009-b174-5e27d75f6da3_255.png,train,RR,RR,2.343695640563965,-0.12878629565238953,-1.6125431060791016,0.9061991981303577,0.07646072506425382,0.017340076805388495,False
img/f1d6812b-954f-4167-b655-c03343ef9ee8_237.png,train,RR,RR,1.943780779838562,-0.12252753227949142,-1.328216791152954,0.8586764064923436,0.10875349738768521,0.03257009611997123,False
img/f1f1cb4e-eee8-4c42-8a45-fb9c58b4b324_180.png,train,RG,RG,0.2273370772600174,0.9905637502670288,-0.8936384916305542,0.28808908443000786,0.6180049247336563,0.09390599083633586,False
img/f2125940-4458-4e91-9468-d124b16e1077_90.png,train,RR,RR,1.1361068487167358,-0.09169661998748779,-0.7671454548835754,0.6934724849926317,0.203142579525237,0.10338493548213126,False
img/f22867e4-db78-4a67-b2ab-fe187fbbc187_180.png,train,RR,RG,0.7398050427436829,1.0120044946670532,-1.2792980670928955,0.4088937128251667,0.5368156306053303,0.054290656569502944,False
img/f23260c8-740c-4fa2-a58d-33bf7cdba680_180.png,train,RR,RR,2.2835490703582764,-0.09762789309024811,-1.5916392803192139,0.8983175160788989,0.08304200995110327,0.0186404739699979,False
img/f29fd99e-c570-4f1e-a150-c84d8b19177b_109.png,train,RR,RR,1.7773940563201904,-0.1387036144733429,-1.196336030960083,0.8345207942092884,0.12282492779229763,0.042654277998413925,False
img/f2fb8a4d-64af-45c2-8067-c1b0bcbbb1ce_270.png,train,RR,RR,1.7102797031402588,0.9878057241439819,-1.9627561569213867,0.6618358063498732,0.32135406436342695,0.016810129286699976,False
img/f3470df0-c08b-4376-bf39-cbab5e7534b7_270.png,train,RR,RR,2.1381936073303223,0.4951322674751282,-1.9154424667358398,0.8259368949052592,0.15972555038759628,0.014337554707144474,False
img/f35cb010-6028-4ec7-ae43-6be7577efbb5_203.png,train,RR,RR,1.9366923570632935,-0.1299651712179184,-1.3177165985107422,0.8582130069591998,0.10865685533070127,0.033130137710099046,False
img/f363c8e4-c9a7-4a5c-a3df-bade3be5b6dc_360.png,train,RR,RR,1.1606647968292236,0.02060878276824951,-0.8661230802536011,0.6889143883734943,0.2203155846885591,0.09077002693794664,False
img/f374352f-388e-4018-b732-90fdb808459f_270.png,train,RR,RR,1.3185267448425293,0.2661280632019043,-1.157749056816101,0.697761209126321,0.24358799556236105,0.05865079531131788,False
img/f37d37f3-6f7c-4e25-9d4c-7e675c4d2ead_227.png,train,RR,RG,0.45827174186706543,1.4414052963256836,-1.3865703344345093,0.2610373894798112,0.6977055783347828,0.04125703218540597,False
img/f382b75c-0c68-42f1-88ab-e6eecee65bef_156.png,train,RR,RR,1.6425367593765259,0.2659364342689514,-1.391639232635498,0.768905707273605,0.19409893815468382,0.036995354571711346,False
img/f3cfd81f-6278-4652-9328-ccb68a2195f4_270.png,train,RG,NoR,-0.1349020153284073,-0.13425453007221222,0.18167553842067719,0.29646579834993914,0.29665781774149075,0.40687638390857006,False
img/f3e11aeb-ddf7-497f-b15a-93b783e2efb4_360.png,train,NoR,RR,0.07227404415607452,-0.13718561828136444,0.03415490686893463,0.360539576963589,0.2924056562166253,0.34705476681978564,False
img/f4041bf5-38bf-490d-b2cf-5939eeb43da4_270.png,train,RG,RG,-0.11343976855278015,2.2162063121795654,-1.5341063737869263,0.0868367809321259,0.8921875390938614,0.020975679974012763,False
img/f4255f76-b0a4-4ce6-8b5d-b4591d7514c0_358.png,train,RR,RR,1.752743124961853,-0.1175311878323555,-1.193846583366394,0.8287751433660591,0.1276988256902967,0.04352603094364434,False
img/f450b5e1-4eb3-4548-a1b8-772624129b07_0.png,train,RG,RR,0.7077813148498535,-0.011100754141807556,-0.5160722732543945,0.5613589541460909,0.2735483746717063,0.16509267118220275,False
img/f450b5e1-4eb3-4548-a1b8-772624129b07_90.png,train,RG,RR,1.1983873844146729,1.029055118560791,-1.6228611469268799,0.5252763180154646,0.44345315847807726,0.03127052350645821,False
img/f48ceb30-8980-44de-9115-8c269c9def51_0.png,train,RG,RG,-0.10128790885210037,1.6830511093139648,-1.1572089195251465,0.13692039274930662,0.8154488519934029,0.0476307552572904,False
img/f48ceb30-8980-44de-9115-8c269c9def51_90.png,train,RG,RG,-0.08266697078943253,1.7406007051467896,-1.2122889757156372,0.13306340172793063,0.8239364435261569,0.043000154745912296,False
img/f49f776e-88d0-400c-9778-2f4e96a1052b_270.png,train,NoR,RG,-0.029969632625579834,1.6006460189819336,-1.149111032485962,0.1554345042888039,0.7938067948510221,0.050758700860173846,True
img/f4c8e791-f66b-4e53-bac8-ac0b6af66d67_270.png,train,RR,RR,2.4460630416870117,-0.11977197229862213,-1.693002700805664,0.9150866280904776,0.07032896418719335,0.014584407722329147,False
img/f4d525dc-f112-480c-b87e-0b6af303edc9_90.png,train,RG,RG,-0.05012165755033493,2.1523690223693848,-1.5336616039276123,0.09732972754906075,0.8805926503521571,0.022077622098782078,False
img/f5503ba7-26a1-434c-ade1-6fb76325da8c_90.png,train,RG,RG,-0.1630917489528656,0.45389699935913086,-0.2234213501214981,0.2635189893104548,0.48838995720955247,0.24809105347999288,False
img/f58f415b-b839-455f-ba1c-494a018e05a6_270.png,train,RR,RG,-0.037837252020835876,0.3126862049102783,-0.21174193918704987,0.30673081922988205,0.4354996573821022,0.25776952338801573,False
img/f5c031ca-dd80-44d7-82c1-56748dab46ff_31.png,train,RG,NoR,-0.1495664119720459,-0.10988921672105789,0.17464204132556915,0.2921063740246517,0.3039293356253611,0.40396429034998704,False
img/f5cb427b-d24f-42b7-a89c-0433df15e7ec_270.png,train,RR,RR,2.1830132007598877,-0.07337773591279984,-1.5365656614303589,0.8857616004670044,0.09276383954323592,0.021474559989759737,False
img/f5cf52e6-99b9-40c3-9691-219d6d353b65_238.png,train,RR,RR,2.221416711807251,-0.06218377500772476,-1.572401523590088,0.8893425824709251,0.09063876865112475,0.020018648877950136,False
img/f5f59afe-9ca1-46bf-9370-f52b7a6dda68_238.png,train,RR,RR,1.7113109827041626,-0.038338132202625275,-1.2212074995040894,0.8149310648161392,0.14166348365823014,0.04340545152563067,False
img/f5fb557d-4e33-46bc-95f5-24f8cbe11a3d_360.png,train,RR,RR,2.328995943069458,-0.13029494881629944,-1.6008343696594238,0.9048606352890782,0.0773615622742931,0.01777780243662874,False
img/f60048cf-ce38-46df-965f-c085912e64ad_360.png,train,RG,RG,-0.11401046812534332,0.04886603355407715,0.03411976993083954,0.29971030701434376,0.3527264638177982,0.34756322916785803,False
img/f619b38f-f5dc-46fe-86e9-12b1623f0246_0.png,train,RG,RG,-0.020127207040786743,2.22379469871521,-1.6069942712783813,0.09403083882855136,0.8867336956659619,0.01923546550548657,False
img/f672420f-53a4-45e7-8fb4-2843d801a2db_90.png,train,RG,RG,-0.13199728727340698,1.806463360786438,-1.224302053451538,0.12072206673777673,0.8387826231289361,0.040495310133287145,False
img/f684b780-2eb3-4722-b238-d641028abf16_90.png,train,RG,RG,0.23331283032894135,1.8127390146255493,-1.4927011728286743,0.1658329900698808,0.8046499855405463,0.029517024389572887,False
img/f684fa7b-96e5-46e1-83b2-f07b048f0fa0_270.png,train,RR,RR,1.31186044216156,-0.11952167004346848,-0.8739621639251709,0.739993267645477,0.17684240631669257,0.08316432603783049,False
img/f6927530-c68f-4060-80da-b753a2f7db50_270.png,train,RG,RG,-0.12338094413280487,2.383190631866455,-1.647719383239746,0.07418077982286099,0.9096652371637916,0.016153983013347483,False
img/f6e8474d-c256-43ab-81f4-4825ba3b056b_90.png,train,RG,RG,-0.08449260145425797,1.4100875854492188,-0.9718831777572632,0.1703811580847954,0.75946802460611,0.07015081730909463,False
img/f6ecb6b4-1784-49eb-93ab-410f91370810_90.png,train,RG,RG,-0.038151323795318604,1.88257896900177,-1.3471466302871704,0.12351728516066085,0.8431217733031998,0.03336094153613935,False
img/f6eea930-efb3-4e0c-8e07-fa318323b394_95.png,train,RR,RR,1.0284916162490845,-0.03842929005622864,-0.727948784828186,0.6593154461397217,0.22684822638463464,0.11383632747564369,False
img/f70d7a49-ddc1-4640-ae35-f02f63e0b25b_0.png,train,RR,RG,-0.05225837975740433,0.10638841986656189,-0.05209369957447052,0.31524970214831793,0.369448676049793,0.3153016218018892,False
img/f710f41d-e074-4d15-bc6d-72daab181492_180.png,train,NoR,NoR,-0.144724041223526,0.02500070631504059,0.07356756925582886,0.29163630232575466,0.3455827883621699,0.36278090931207546,True
img/f719ff90-7d4c-42af-b05d-05b1af424787_163.png,train,RR,RR,1.949764609336853,-0.08058705925941467,-1.3628778457641602,0.856377633711773,0.11243325662474746,0.031189109663479556,False
img/f775d38f-2a79-4df8-bf07-3fd1b1fc91cd_90.png,train,RG,NoR,-0.1545495092868805,-0.10309581458568573,0.17332705855369568,0.2906285596837914,0.30597387403663395,0.40339756627957457,False
img/f78b6a37-8323-44ab-bef1-6aef8c96fdf3_180.png,train,RG,RR,0.42840081453323364,-0.10491103678941727,-0.24641825258731842,0.47712032142930405,0.2799068457151774,0.24297283285551863,False
img/f7c9b32e-5120-4963-bc7b-9d0caf7396fc_0.png,train,NoR,NoR,-0.11614911258220673,-0.12037515640258789,0.15809044241905212,0.30199502933116273,0.3007214780408616,0.39728349262797563,False
img/f82ff206-377c-4ae1-ab8e-2191955be4ba_90.png,train,NoR,NoR,-0.14929142594337463,-0.04688388854265213,0.1288665384054184,0.2916702193172469,0.3231224377160323,0.38520734296672077,False
img/f8368b6b-06ef-4606-bd69-17374134e6bd_0.png,train,RG,RG,-0.1008296012878418,2.4283230304718018,-1.6966558694839478,0.07275047806212656,0.9125000215657667,0.014749500372106735,False
img/f8747985-012f-41da-a765-7659ffe91833_0.png,train,RG,RG,-0.017653554677963257,2.300145387649536,-1.6640115976333618,0.08813638193158929,0.8948752756878483,0.016988342380562352,False
img/f87d9bfe-c79f-4375-9878-9507d74660a4_0.png,train,RG,RG,1.6473264694213867,2.2982096672058105,-2.8652079105377197,0.34150626129957756,0.6547472028733706,0.0037465358270518225,False
img/f87d9bfe-c79f-4375-9878-9507d74660a4_90.png,train,RG,RG,1.6425443887710571,2.185851812362671,-2.7804760932922363,0.36580595773329416,0.6298051250867296,0.004388917179976105,False
img/f8afab85-a606-4370-8219-fbf42aba42cc_360.png,train,NoR,RG,-0.09760550409555435,0.5275217890739441,-0.32398009300231934,0.2727840766293018,0.5096926246749995,0.21752329869569847,False
img/f8d4fa5d-5d01-4379-bf3c-3b950b6fb917_360.png,train,RG,RR,0.6133382320404053,0.5819818377494812,-0.8768820762634277,0.4556943991913093,0.44162716735198165,0.10267843345670905,False
img/f8f299ee-82f1-4a0e-99cd-b38b178e5feb_270.png,train,RR,RR,1.6509755849838257,-0.129696786403656,-1.111540675163269,0.8119140212031486,0.13682764634699518,0.051258332449856406,False
img/f923998c-3253-40fe-b475-394c20ba530c_360.png,train,RG,NoR,-0.15252617001533508,-0.12285782396793365,0.1861611008644104,0.2912719779801469,0.3000430033718924,0.40868501864796075,False
img/f927d99f-c035-4180-b022-ba5ebaee0357_99.png,train,RR,RR,2.0058512687683105,-0.13557745516300201,-1.3636094331741333,0.8681346406873705,0.10199441885700697,0.0298709404556226,False
img/f931975a-50a3-4e8e-8ad4-2339087c830d_180.png,train,RR,RR,2.0525450706481934,0.46880048513412476,-1.834531545639038,0.815853367495503,0.16741739352093396,0.01672923898356312,False
img/f93bf323-bdba-4920-bb43-d42ccd1dc39b_223.png,train,NoR,RR,2.3444225788116455,1.8601950407028198,-3.0518605709075928,0.6170149082137945,0.38018791662672013,0.00279717515948543,False
img/f9574cf0-ffb9-4103-8a49-0755c35e2b79_270.png,train,RR,RR,2.2998156547546387,0.4108865261077881,-1.971238374710083,0.8582212285446863,0.12979194946466513,0.011986821990648393,False
img/f95eb62b-23d5-4b5e-8bda-77626124a130_90.png,train,RG,RG,0.3296658992767334,1.7987319231033325,-1.5521633625030518,0.1819013210051533,0.790393064389759,0.027705614605087844,False
img/f96a8d43-10f3-447b-abcc-034fdd55d1d3_270.png,train,RR,RR,2.31408953666687,-0.09521430730819702,-1.615444302558899,0.901281977863886,0.08100527902317614,0.01771274311293801,False
img/f970e9cb-06d0-4869-a4f9-d5011fe56e74_180.png,train,NoR,RR,0.544369637966156,-0.08348192274570465,-0.34568262100219727,0.5143049908588576,0.2745037429017957,0.21119126623934675,True
img/f974f9e7-a32e-4130-9132-12e9a421f31e_180.png,train,NoR,NoR,-0.15712884068489075,-0.13117235898971558,0.19550013542175293,0.28993075394119056,0.2975548556269472,0.4125143904318622,False
img/f977715e-124f-4566-8c41-d492fe879d34_270.png,train,RR,RR,2.308145046234131,-0.06501341611146927,-1.6329973936080933,0.8987859638220761,0.08375421194056991,0.017459824237353844,False
img/f97d8e1a-1384-4aa5-a13c-83a89f480641_0.png,train,RG,RG,0.5031588077545166,1.0458729267120361,-1.1328710317611694,0.3430034771467822,0.5901960108619579,0.06680051199125984,False
img/f97fabd6-0f18-4ae7-8d60-0bec1dc25901_265.png,train,RR,RR,2.2879958152770996,-0.11153939366340637,-1.5847879648208618,0.8996361316081727,0.08165109044332793,0.018712777948499307,False
img/f98a1e31-99e8-41f8-9804-091e86f48346_285.png,train,RR,RR,1.7803958654403687,-0.1290888637304306,-1.2054593563079834,0.8342697961014777,0.12360266637433363,0.04212753752418871,False
img/f98c28e1-43cd-4f21-91d7-9ca57fc33a8b_90.png,train,RR,RR,2.044036388397217,1.3843826055526733,-2.490701198577881,0.6545530579899115,0.3384237693520072,0.007023172658081222,False
img/f9b139eb-cbc6-48ae-8bea-56e11ce5d0bc_0.png,train,RG,RG,1.6561388969421387,2.052988290786743,-2.6941840648651123,0.3999944661875345,0.5948445472748789,0.0051609865375866265,False
img/f9cf4fd9-9f9d-40a7-96e5-8e41e08f4c07_180.png,train,NoR,RR,1.0705139636993408,0.12147755920886993,-0.8739746809005737,0.6535203535132122,0.25298678988728895,0.09349285659949873,False
img/f9d23f10-97b5-4554-9752-bdc7e9ecc85c_110.png,train,RR,RR,2.159815788269043,-0.02694760262966156,-1.5533969402313232,0.8797561782883759,0.09877864207506347,0.02146517963656065,False
img/f9f71c0c-2cee-4096-a24d-54cc6acb8fca_0.png,train,RG,RG,-0.0608183890581131,2.0444846153259277,-1.4478938579559326,0.10571500637843032,0.8678768776700139,0.026408115951555924,False
img/f9fc1277-af5b-4c59-a1d9-e34ab7334bbb_270.png,train,RR,RR,1.7350757122039795,-0.10706499218940735,-1.1886566877365112,0.8249391859594178,0.13073455440687629,0.04432625963370587,False
img/fa0de845-bf28-4d81-87b7-c37f6704f161_180.png,train,RR,RR,1.208695411682129,0.46383363008499146,-1.2214356660842896,0.6398668195908026,0.3038087157067818,0.05632446470241559,False
img/fa40819c-8cca-42df-a994-5dda91d30d13_180.png,train,RG,RG,0.08454127609729767,2.3499817848205566,-1.773876428604126,0.09266735047159927,0.8928840354347636,0.014448614093637121,False
img/fa5e30c6-4b23-4a75-b0e4-9cd5248a2c6e_0.png,train,RG,RG,-0.13580761849880219,1.0446277856826782,-0.6704521775245667,0.2065403489242274,0.6724523082102492,0.12100734286552348,False
img/fa5e30c6-4b23-4a75-b0e4-9cd5248a2c6e_90.png,train,NoR,RG,-0.13566841185092926,0.399891197681427,-0.20416207611560822,0.2745590766969005,0.4690578287011898,0.25638309460190967,False
img/fa93bb7c-e312-476c-a8b0-81c6b68fa5ca_180.png,train,RR,RR,1.153770923614502,0.34583479166030884,-1.096406102180481,0.6446797725526184,0.28738350694613946,0.06793672050124203,False
img/facdf8e2-3ff6-4a7a-8d20-a5fcf8aeee7a_270.png,train,RR,RG,-0.047569483518600464,0.3302002549171448,-0.2173818200826645,0.3027688114379174,0.4417478544073641,0.2554833341547184,False
img/faeee5db-ce32-48b3-8091-4a196ee30e5f_146.png,train,RR,RR,1.8240042924880981,0.06245093047618866,-1.3755135536193848,0.8247016718387552,0.141665458081957,0.03363287007928784,False
img/faf723d7-de04-49bc-b740-aed642f30560_270.png,train,RR,RR,2.2625434398651123,-0.02483166754245758,-1.629126787185669,0.8913102017574932,0.0904970641269687,0.01819273411553809,False
img/faf723d7-de04-49bc-b740-aed642f30560_90.png,train,RR,RR,0.03139601647853851,-0.07518845051527023,0.018833041191101074,0.3464505604858548,0.31142410312948016,0.342125336384665,False
img/fb092061-9303-4b4e-9e91-ee30f3dad187_270.png,train,RR,RG,0.06425148248672485,1.683897852897644,-1.2773886919021606,0.15841031426843433,0.8001786082026341,0.04141107752893161,False
img/fb3034f1-10a4-488b-8eeb-0f76952ae0bd_0.png,train,RG,RG,-6.026029586791992e-05,1.5790631771087646,-1.1551016569137573,0.1621863630484719,0.7867177161322453,0.05109592081928284,False
img/fb399e2c-5a54-40d5-b650-36fae1da4263_90.png,train,RG,RG,0.1776895672082901,0.7986617088317871,-0.7189602851867676,0.3059348228288014,0.5692639574145475,0.12480121975665112,False
img/fb3ce1f8-890e-453b-b50f-6e8274a9b6c9_310.png,train,RR,RR,1.9830511808395386,-0.13641107082366943,-1.3465380668640137,0.8651237451559635,0.10389806798867773,0.030978186855358913,False
img/fb59b4bb-913c-4055-ba2e-9f5aa3f6a4f6_423.png,train,RG,RG,-0.14431262016296387,2.400716543197632,-1.6452785730361938,0.07159982564147338,0.9124395184865056,0.015960655872020956,False
img/fb5aa2be-f627-4766-b44c-af339f9a1d9c_331.png,train,RR,RR,1.3599945306777954,1.3225277662277222,-1.951880931854248,0.5000814673299037,0.48169168675986956,0.018226845910226712,False
img/fb62b572-ae98-4bb2-8323-6cea1809a2f2_180.png,train,RG,RG,-0.15447010099887848,1.480395793914795,-0.9721988439559937,0.15220229224847936,0.7806105742717453,0.0671871334797753,False
img/fb6dd5a1-c063-4789-ab8a-cbbb51d0308c_90.png,train,RG,RR,1.4606226682662964,0.8426997661590576,-1.6774646043777466,0.6319400336147901,0.34065546638536387,0.027404499999845913,False
img/fb7b4292-57dd-4dd7-8c5d-f0661fd5f584_107.png,train,RG,RR,0.5043866634368896,0.3947198987007141,-0.6627258062362671,0.45302224161000926,0.40596804841450745,0.1410097099754834,False
img/fb880922-5728-4078-ab8e-9f4838c642dc_0.png,train,RG,RG,0.4652833938598633,2.4086339473724365,-2.0913102626800537,0.12407449333508512,0.8663012323508728,0.009624274314042103,False
img/fbb1c2c4-b09a-43d2-a1d9-5e0606474aa5_0.png,train,RG,RG,-0.13933202624320984,2.3129396438598633,-1.5853798389434814,0.07781979603951542,0.9038537051679288,0.018326498792555723,False
img/fbdbc72a-a58b-47b0-9f74-c6d19a77f24b_270.png,train,RR,RR,0.08423657715320587,-0.05006905645132065,-0.037504032254219055,0.3623581224614098,0.3168179687165178,0.32082390882207235,False
img/fc21b693-8078-40b0-a882-8c381fa269ed_270.png,train,RR,RG,0.6309996247291565,0.7473536133766174,-1.009265661239624,0.4315325942802915,0.484780898632474,0.0836865070872345,False
img/fc4601c8-7c5f-425f-9f53-4e0050d4296e_180.png,train,RR,RG,-0.10059180855751038,2.0277161598205566,-1.4070360660552979,0.1033974135573397,0.8686045133325403,0.027998073110120075,False
img/fc483945-7f6c-4422-904c-87b080f1d84e_168.png,train,RR,RR,0.33426690101623535,-0.11926776170730591,-0.16804100573062897,0.4463267955139272,0.2835863738277573,0.2700868306583156,False
img/fc4f1c5f-8232-4044-a496-859f659b4c9b_180.png,train,RR,RR,1.3052799701690674,0.5261892676353455,-1.3363045454025269,0.6535643081623496,0.2998703550581078,0.04656533677954256,False
img/fc6457df-37d1-4ef5-b04b-0e0083a89319_360.png,train,RR,RR,1.9534741640090942,-0.03721804916858673,-1.3969295024871826,0.8534818853244401,0.1165863388862099,0.02993177578934992,False
img/fc7404f9-abf2-4a09-aa8f-bf1fd71680a8_270.png,train,RG,RG,1.376762866973877,1.9354208707809448,-2.4073479175567627,0.36087354920251713,0.630924132502421,0.00820231829506196,False
img/fc7c343a-da3f-44af-8d8b-818cc5c8865b_90.png,train,RR,RG,-0.014689013361930847,1.7531157732009888,-1.2704418897628784,0.14000031595617818,0.8201190117434274,0.03988067230039441,False
img/fc876c73-7ae9-4ce5-8450-a53ea9079f6c_270.png,train,RR,RR,2.2471413612365723,0.376099169254303,-1.9080278873443604,0.8549593479332378,0.1316322078629724,0.01340844420378995,False
img/fc8a1b92-47f5-479d-91d4-e344f199e567_270.png,train,RR,RR,1.908387541770935,0.7939122915267944,-1.965588092803955,0.7413651314638465,0.24323255659240434,0.0154023119437492,False
img/fcae2b25-3001-4a89-b255-cb17285c60b9_270.png,train,RR,RG,0.16760684549808502,0.3419732451438904,-0.3813176155090332,0.36126353770770464,0.4300812365243404,0.2086552257679549,False
img/fcb64c5e-7a61-49fb-9155-8aa06a85d9c3_270.png,train,RG,RG,0.2304016500711441,2.3963191509246826,-1.9127495288848877,0.1016271945182582,0.8864534929918134,0.011919312489928429,False
img/fcc2d4d9-3df4-4006-8a02-48b4fc09dc17_270.png,train,RG,RR,2.107948064804077,1.8380383253097534,-2.86503005027771,0.5648533869385474,0.43123641475588925,0.003910198305563392,False
img/fcc7b6ae-cee7-4627-8fb8-88f519943239_180.png,train,NoR,RR,0.04858221113681793,-0.10461416840553284,0.027705669403076172,0.35244761497438637,0.3023863854599339,0.3451659995656798,False
img/fcd1d0fb-f3c1-4088-93f1-cf8802922772_180.png,train,RG,RG,1.9719575643539429,2.2367236614227295,-3.0552070140838623,0.43295975170950374,0.5642011679014223,0.002839080389073956,False
img/fcde7b26-26a2-4cab-95f4-19a874a1c743_90.png,train,RG,RG,-0.1509474515914917,2.183002233505249,-1.4829957485198975,0.08633675501765331,0.8908758596323063,0.022787385350040303,False
img/fd00c1a1-00d7-4b2e-a94c-ff729a926c9f_90.png,train,RR,RR,0.5247923135757446,0.007042586803436279,-0.3970259428024292,0.5015913040101584,0.298878138238275,0.19953055775156667,False
img/fd3ff9e6-85a0-4f34-99c3-6928f8dd960a_90.png,train,NoR,RG,0.027693167328834534,0.44677984714508057,-0.3560746908187866,0.31231829744665596,0.4749025056551761,0.21277919689816793,False
img/fd4172ca-54d5-4883-994d-ecaaa17222c4_245.png,train,RR,RR,2.3861591815948486,0.23036180436611176,-1.90301513671875,0.8853262927925218,0.10253035409491512,0.012143353112563144,False
img/fd46b5bf-431f-409f-b9c5-68ea16e8f962_360.png,train,RR,RR,2.3732922077178955,-0.12857156991958618,-1.63407564163208,0.908997248613649,0.07447610157594495,0.016526649810406024,False
img/fd7859ef-94dc-47fb-a282-a1ea02eaf479_90.png,train,RR,RR,1.1193900108337402,0.11399374902248383,-0.9038636684417725,0.6675014162656789,0.24423851057543772,0.08826007315888337,False
img/fd7ae0e4-30d0-4afd-8c75-80af63edbbec_180.png,train,RR,RR,0.6857802271842957,-0.13394661247730255,-0.4113166928291321,0.563573700649557,0.2482835093584005,0.18814278999204243,False
img/fdd47ccb-48ee-4293-8368-ce6b3b7a42d0_248.png,train,RR,RR,1.9496992826461792,-0.11445001512765884,-1.3383346796035767,0.858919555565643,0.10901941339274607,0.032061031041611024,False
img/fe008b12-7fd9-48ea-94ea-fad224128616_0.png,train,RR,RR,1.9161936044692993,-0.12233604490756989,-1.3084293603897095,0.854707565960366,0.11130005282932595,0.03399238121030802,False
img/fe077e0d-8f24-4da9-ad8f-ba637d2866a2_90.png,train,RG,RG,1.1456255912780762,1.818882703781128,-2.1560986042022705,0.33361885578740186,0.6540974219141806,0.012283722298417418,False
img/fe1dc165-a517-4e74-b33d-6fc6aca55357_270.png,train,RG,RG,-0.123997263610363,2.0356483459472656,-1.3958685398101807,0.10051896095787473,0.8713049108974498,0.028176128144675554,False
img/fe4beaf8-b4c7-4289-9aa6-a208a62906ab_90.png,train,RR,RG,0.060356318950653076,0.635975182056427,-0.5165273547172546,0.29941226134029153,0.5324240654349918,0.16816367322471668,False
img/fe581ea1-a3db-4ae1-b521-5561999ec0a0_166.png,train,NoR,NoR,-0.07288247346878052,-0.13340365886688232,0.13626402616500854,0.3150698483092389,0.296567002062505,0.38836314962825613,False
img/fe660bbf-6ac8-472a-9b56-5d96298a6854_180.png,train,NoR,NoR,-0.15040382742881775,-0.11115185171365738,0.1761602759361267,0.29186601915115523,0.30355014952419884,0.404583831324646,False
img/fe8aefb9-12aa-4569-9b13-10beec161f2d_0.png,train,RG,RR,0.7152736783027649,0.640200138092041,-0.992622971534729,0.47417593308667644,0.43988128314316804,0.08594278377015556,False
img/fea21e8a-93d8-4f7c-97a8-bda8cbf82706_180.png,train,RG,RG,-0.1107778549194336,2.0314364433288574,-1.4023699760437012,0.1021125906584563,0.8698235132572153,0.028063896084328393,False
img/fea21e8a-93d8-4f7c-97a8-bda8cbf82706_360.png,train,NoR,RG,-0.12509897351264954,1.3434574604034424,-0.8943547010421753,0.1722261536991336,0.7479715138514974,0.07980233244936893,True
img/fea86ed8-bea6-43c5-9024-90e3ddb3fb63_180.png,train,RR,RG,-0.047105349600315094,2.048516035079956,-1.4607149362564087,0.10668083184241975,0.8673676033107796,0.02595156484680067,False
img/feade41f-1af0-4280-a724-e08e581eb0f4_90.png,train,RG,RG,1.2221876382827759,1.9286717176437378,-2.290817975997925,0.32715451276624996,0.6630939302673663,0.009751556966383685,False
img/fec32e12-0c9a-487c-aead-324515c3b594_270.png,train,RR,RR,2.2470521926879883,-0.08350781351327896,-1.575492262840271,0.8935645319229857,0.08689135538089576,0.0195441126961185,False
img/fec850d3-2d92-4c3e-80c8-bd20da38e56d_270.png,train,RG,RG,0.09878124296665192,2.2287685871124268,-1.6964786052703857,0.10437493156891084,0.8782900320246113,0.017335036406477877,False
img/fefcbb45-c1e2-44c7-a01f-7428c5aa5576_231.png,train,RR,RR,2.231726884841919,0.04097266495227814,-1.6544697284698486,0.8831147890339565,0.0987608203725233,0.018124390593520195,False
img/ff13d50c-9e50-4d94-9c42-40d2d0f55746_82.png,train,RR,RR,2.1077656745910645,1.4615651369094849,-2.592564582824707,0.6522624009258042,0.3418070507257878,0.005930548348408006,False
img/ff16daee-6e75-4b04-afaf-52fe98778587_115.png,train,RR,RR,1.1302019357681274,0.6781654953956604,-1.3197845220565796,0.580509148877877,0.3693959562805001,0.050094894841622814,False
img/ff1d8b24-c633-4bee-a417-fba44323885e_0.png,train,RG,NoR,-0.13549679517745972,-0.02013356238603592,0.09955213218927383,0.2952245941307586,0.3313249565075351,0.3734504493617064,False
img/ff4dd7ad-138b-4bc0-b6e0-4524c0e4f0ba_301.png,train,RG,RG,1.2113182544708252,1.741523265838623,-2.147587299346924,0.36575723149718986,0.6215241841642326,0.012718584338577388,False
img/ff5e1bc6-a705-4dd7-b535-7486f7c5a124_0.png,train,RG,RG,-0.06908819079399109,2.227095365524292,-1.5740180015563965,0.08962001315695439,0.8904813974309491,0.019898589412096417,False
img/ff740442-b012-40a3-aa52-8e8a999626e3_0.png,train,RG,RG,-0.09005855768918991,2.2343218326568604,-1.564098834991455,0.08734124934498892,0.8926577446000307,0.020001006054980546,False
img/ff88ad79-0ccd-4993-a80e-0d0b4feea585_176.png,train,NoR,RR,1.117173671722412,0.467776358127594,-1.1581826210021973,0.6153388755787633,0.32142872363003555,0.0632324007912011,True
img/ffd42322-b158-456b-9fa5-8ebd0539e2c2_360.png,train,RR,RR,0.8739287257194519,0.6164893507957458,-1.0900659561157227,0.5226502647704514,0.4040235448712095,0.07332619035833901,False
